-- Adminer 4.8.1 MySQL 8.0.42-0ubuntu0.20.04.1 dump

SET NAMES utf8;
SET time_zone = '+00:00';
SET foreign_key_checks = 0;
SET sql_mode = 'NO_AUTO_VALUE_ON_ZERO';

SET NAMES utf8mb4;

DROP TABLE IF EXISTS `abouts`;
CREATE TABLE `abouts` (
  `created_at` timestamp NULL DEFAULT NULL,
  `updated_at` timestamp NULL DEFAULT NULL,
  `id` bigint unsigned NOT NULL AUTO_INCREMENT,
  `image` varchar(255) CHARACTER SET utf8mb4 COLLATE utf8mb4_unicode_ci NOT NULL,
  `title` varchar(255) CHARACTER SET utf8mb4 COLLATE utf8mb4_unicode_ci NOT NULL,
  `main_title` varchar(255) CHARACTER SET utf8mb4 COLLATE utf8mb4_unicode_ci NOT NULL,
  `description` text CHARACTER SET utf8mb4 COLLATE utf8mb4_unicode_ci NOT NULL,
  `seo_title` text CHARACTER SET utf8mb4 COLLATE utf8mb4_unicode_ci NOT NULL,
  `seo_description` text CHARACTER SET utf8mb4 COLLATE utf8mb4_unicode_ci NOT NULL,
  `seo_keywords` text CHARACTER SET utf8mb4 COLLATE utf8mb4_unicode_ci NOT NULL,
  `award_winning` varchar(255) CHARACTER SET utf8mb4 COLLATE utf8mb4_unicode_ci NOT NULL,
  `professional_staff` varchar(255) CHARACTER SET utf8mb4 COLLATE utf8mb4_unicode_ci NOT NULL,
  `support` varchar(255) CHARACTER SET utf8mb4 COLLATE utf8mb4_unicode_ci NOT NULL,
  `fair_prices` varchar(255) CHARACTER SET utf8mb4 COLLATE utf8mb4_unicode_ci NOT NULL,
  PRIMARY KEY (`id`)
) ENGINE=InnoDB DEFAULT CHARSET=utf8mb4 COLLATE=utf8mb4_unicode_ci;

INSERT INTO `abouts` (`created_at`, `updated_at`, `id`, `image`, `title`, `main_title`, `description`, `seo_title`, `seo_description`, `seo_keywords`, `award_winning`, `professional_staff`, `support`, `fair_prices`) VALUES
('2025-05-24 01:09:09',	'2025-06-05 04:31:29',	1,	'/uploads/media_68318a04661c4.jpg',	'About Us111',	'The Best IT Solution With 10 Years of Experience',	'11111Tempor erat elitr rebum at clita. Diam dolor diam ipsum et\r\n                  tempor sit. Aliqu diam amet diam et eos labore. Clita erat\r\n                  ipsum et lorem et sit, sed stet no labore lorem sit. Sanctus\r\n                  clita duo justo et tempor eirmod magna dolore erat amet',	'Home page titlte',	'Thus is home page title',	'php,wordpress,magento,laravel',	'Award Winning',	'Professional Staff',	'24/7 Support',	'Fair Prices');

DROP TABLE IF EXISTS `amenities`;
CREATE TABLE `amenities` (
  `id` bigint unsigned NOT NULL AUTO_INCREMENT,
  `name` varchar(255) CHARACTER SET utf8mb4 COLLATE utf8mb4_unicode_ci NOT NULL,
  `icon` varchar(255) CHARACTER SET utf8mb4 COLLATE utf8mb4_unicode_ci NOT NULL,
  `slug` varchar(255) CHARACTER SET utf8mb4 COLLATE utf8mb4_unicode_ci NOT NULL,
  `sort_by` int NOT NULL DEFAULT '1',
  `status` tinyint(1) NOT NULL,
  `action_by` varchar(255) CHARACTER SET utf8mb4 COLLATE utf8mb4_unicode_ci DEFAULT NULL,
  `action_name` varchar(255) CHARACTER SET utf8mb4 COLLATE utf8mb4_unicode_ci DEFAULT NULL,
  `created_at` timestamp NULL DEFAULT NULL,
  `updated_at` timestamp NULL DEFAULT NULL,
  PRIMARY KEY (`id`)
) ENGINE=InnoDB DEFAULT CHARSET=utf8mb4 COLLATE=utf8mb4_unicode_ci;

INSERT INTO `amenities` (`id`, `name`, `icon`, `slug`, `sort_by`, `status`, `action_by`, `action_name`, `created_at`, `updated_at`) VALUES
(1,	'Swiming Pool',	'fas fa-swimming-pool',	'swiming-pool',	1,	1,	'admin@gmail.com',	'Amenitie update',	NULL,	'2025-03-17 05:24:24'),
(2,	'Parking',	'fas fa-parking',	'parking',	1,	1,	'admin@gmail.com',	'Amenitie update',	NULL,	'2025-03-17 05:24:43'),
(3,	'Gym',	'fas fa-tree',	'gym',	0,	1,	'admin@gmail.com',	'Amenitie update',	'2025-03-03 07:03:55',	'2025-03-17 05:25:53'),
(4,	'casino',	'fas fa-child',	'casino',	0,	1,	'admin@gmail.com',	'Amenitie update',	'2025-03-12 05:51:28',	'2025-03-17 05:25:39'),
(5,	'Water',	'fas fa-water',	'water',	0,	1,	'admin@gmail.com',	'Amenitie update',	'2025-03-12 05:52:22',	'2025-03-17 05:25:22');

DROP TABLE IF EXISTS `blog_categories`;
CREATE TABLE `blog_categories` (
  `id` bigint unsigned NOT NULL AUTO_INCREMENT,
  `name` varchar(255) COLLATE utf8mb4_unicode_ci NOT NULL,
  `slug` varchar(255) COLLATE utf8mb4_unicode_ci NOT NULL,
  `status` tinyint(1) NOT NULL,
  `created_at` timestamp NULL DEFAULT NULL,
  `updated_at` timestamp NULL DEFAULT NULL,
  PRIMARY KEY (`id`)
) ENGINE=InnoDB DEFAULT CHARSET=utf8mb4 COLLATE=utf8mb4_unicode_ci;

INSERT INTO `blog_categories` (`id`, `name`, `slug`, `status`, `created_at`, `updated_at`) VALUES
(2,	'Web Design',	'web-design',	1,	'2025-06-13 04:22:12',	'2025-06-13 04:22:12'),
(3,	'Website Developer',	'website-developer',	1,	'2025-06-13 04:22:28',	'2025-06-13 04:22:28'),
(4,	'Software Developer',	'software-developer',	1,	'2025-06-13 04:22:39',	'2025-06-13 04:22:39'),
(5,	'Designing',	'designing',	1,	'2025-06-13 04:22:50',	'2025-06-13 04:22:50');

DROP TABLE IF EXISTS `blog_comments`;
CREATE TABLE `blog_comments` (
  `id` bigint unsigned NOT NULL AUTO_INCREMENT,
  `blog_id` bigint unsigned NOT NULL,
  `name` varchar(255) CHARACTER SET utf8mb4 COLLATE utf8mb4_unicode_ci NOT NULL,
  `email` varchar(255) CHARACTER SET utf8mb4 COLLATE utf8mb4_unicode_ci NOT NULL,
  `website` varchar(255) CHARACTER SET utf8mb4 COLLATE utf8mb4_unicode_ci NOT NULL,
  `comment` text CHARACTER SET utf8mb4 COLLATE utf8mb4_unicode_ci NOT NULL,
  `status` tinyint(1) NOT NULL DEFAULT '0',
  `created_at` timestamp NULL DEFAULT NULL,
  `updated_at` timestamp NULL DEFAULT NULL,
  PRIMARY KEY (`id`),
  KEY `blog_comments_blog_id_foreign` (`blog_id`),
  CONSTRAINT `blog_comments_blog_id_foreign` FOREIGN KEY (`blog_id`) REFERENCES `blogs` (`id`) ON DELETE CASCADE
) ENGINE=InnoDB DEFAULT CHARSET=utf8mb4 COLLATE=utf8mb4_unicode_ci;

INSERT INTO `blog_comments` (`id`, `blog_id`, `name`, `email`, `website`, `comment`, `status`, `created_at`, `updated_at`) VALUES
(1,	1,	'Test',	'test@example.com',	'https://example.com',	'Tinker test',	0,	'2025-06-26 05:14:14',	'2025-06-26 05:14:14'),
(2,	3,	'ssss',	'santosh.bharti@bluethink.in',	'https://ship3.shipstation.com/',	'sss',	0,	'2025-06-26 06:05:03',	'2025-06-26 06:55:25'),
(3,	2,	'prashant',	'sbhartimca09@gmail.com',	'https://ship3.shipstation.com/',	'hi prahant how are you you are a very good person.',	0,	'2025-06-26 06:06:24',	'2025-06-26 06:55:27'),
(4,	2,	'Santosh Kumar Bharti',	'sbhartimca09@gmail.com',	'https://ship3.shipstation.com/',	'Lorem ipsum dolor sit amet, consectetur adipiscing elit. Sed do eiusmod tempor incididunt ut labore et dolore magna aliqua.Lorem ipsum dolor sit amet, consectetur adipiscing elit. Sed do eiusmod tempor incididunt ut labore et dolore magna aliqua.Lorem ipsum dolor sit amet, consectetur adipiscing elit. Sed do eiusmod tempor incididunt ut labore et dolore magna aliqua.',	0,	'2025-06-26 06:43:41',	'2025-06-26 06:55:04'),
(5,	2,	'santosh',	'sbhartimca09@gmail.com',	'https://ship3.shipstation.com/',	'Hi this is test comments.',	0,	'2025-06-26 06:45:37',	'2025-06-26 06:55:03'),
(6,	3,	'bhora',	'bhora@gmail.com',	'https://ship3.shipstation.com/',	'hi vhora how are you',	1,	'2025-06-26 08:35:58',	'2025-06-26 08:36:13'),
(7,	3,	'santosh',	'sbhartimca09@gmail.com',	'https://ship3.shipstation.com/',	'zXxZxzczxcx',	1,	'2025-07-02 08:22:54',	'2025-07-02 08:23:33'),
(8,	4,	'cxzxcvb',	'sbhartimca09@gmail.com',	'https://ship3.shipstation.com/',	'xczvxbcvbn,',	0,	'2025-07-09 05:42:12',	'2025-07-09 05:42:12'),
(9,	3,	'vishal',	'vishal@gmail.com',	'http://localhost:3000/blog/hello-prashant',	'vcxvxcvxc',	0,	'2025-07-16 05:24:56',	'2025-07-17 09:57:34');

DROP TABLE IF EXISTS `blogs`;
CREATE TABLE `blogs` (
  `id` bigint unsigned NOT NULL AUTO_INCREMENT,
  `user_id` bigint unsigned NOT NULL,
  `category_id` bigint unsigned NOT NULL,
  `image` varchar(255) COLLATE utf8mb4_unicode_ci NOT NULL,
  `title` varchar(255) COLLATE utf8mb4_unicode_ci NOT NULL,
  `slug` varchar(255) COLLATE utf8mb4_unicode_ci NOT NULL,
  `description` text COLLATE utf8mb4_unicode_ci NOT NULL,
  `seo_title` varchar(255) COLLATE utf8mb4_unicode_ci DEFAULT NULL,
  `seo_description` varchar(255) COLLATE utf8mb4_unicode_ci DEFAULT NULL,
  `status` tinyint(1) NOT NULL,
  `created_at` timestamp NULL DEFAULT NULL,
  `updated_at` timestamp NULL DEFAULT NULL,
  PRIMARY KEY (`id`),
  KEY `blogs_user_id_foreign` (`user_id`),
  KEY `blogs_category_id_foreign` (`category_id`),
  CONSTRAINT `blogs_category_id_foreign` FOREIGN KEY (`category_id`) REFERENCES `blog_categories` (`id`) ON DELETE CASCADE,
  CONSTRAINT `blogs_user_id_foreign` FOREIGN KEY (`user_id`) REFERENCES `users` (`id`) ON DELETE CASCADE
) ENGINE=InnoDB DEFAULT CHARSET=utf8mb4 COLLATE=utf8mb4_unicode_ci;

INSERT INTO `blogs` (`id`, `user_id`, `category_id`, `image`, `title`, `slug`, `description`, `seo_title`, `seo_description`, `status`, `created_at`, `updated_at`) VALUES
(1,	1,	2,	'/uploads/media_684bf5a106f42.jpg',	'Diam dolor est labore duo ipsum clita sed et lorem tempor duo',	'diam-dolor-est-labore-duo-ipsum-clita-sed-et-lorem-tempor-duo',	'<p style=\"box-sizing: border-box; margin-top: 0px; margin-bottom: 1rem; color: rgb(107, 106, 117); font-family: Rubik, sans-serif; font-size: 16px; font-style: normal; font-variant-ligatures: normal; font-variant-caps: normal; font-weight: 400; letter-spacing: normal; orphans: 2; text-align: start; text-indent: 0px; text-transform: none; widows: 2; word-spacing: 0px; -webkit-text-stroke-width: 0px; white-space: normal; background-color: rgb(255, 255, 255); text-decoration-thickness: initial; text-decoration-style: initial; text-decoration-color: initial;\">Sadipscing labore amet rebum est et justo gubergren. Et eirmod ipsum sit diam ut magna lorem. Nonumy vero labore lorem sanctus rebum et lorem magna kasd, stet amet magna accusam consetetur eirmod. Kasd accusam sit ipsum sadipscing et at at sanctus et. Ipsum sit gubergren dolores et, consetetur justo invidunt at et aliquyam ut et vero clita. Diam sea sea no sed dolores diam nonumy, gubergren sit stet no diam kasd vero.</p><p style=\"box-sizing: border-box; margin-top: 0px; margin-bottom: 1rem; color: rgb(107, 106, 117); font-family: Rubik, sans-serif; font-size: 16px; font-style: normal; font-variant-ligatures: normal; font-variant-caps: normal; font-weight: 400; letter-spacing: normal; orphans: 2; text-align: start; text-indent: 0px; text-transform: none; widows: 2; word-spacing: 0px; -webkit-text-stroke-width: 0px; white-space: normal; background-color: rgb(255, 255, 255); text-decoration-thickness: initial; text-decoration-style: initial; text-decoration-color: initial;\">Voluptua est takimata stet invidunt sed rebum nonumy stet, clita aliquyam dolores vero stet consetetur elitr takimata rebum sanctus. Sit sed accusam stet sit nonumy kasd diam dolores, sanctus lorem kasd duo dolor dolor vero sit et. Labore ipsum duo sanctus amet eos et. Consetetur no sed et aliquyam ipsum justo et, clita lorem sit vero amet amet est dolor elitr, stet et no diam sit. Dolor erat justo dolore sit invidunt.</p><p style=\"box-sizing: border-box; margin-top: 0px; margin-bottom: 1rem; color: rgb(107, 106, 117); font-family: Rubik, sans-serif; font-size: 16px; font-style: normal; font-variant-ligatures: normal; font-variant-caps: normal; font-weight: 400; letter-spacing: normal; orphans: 2; text-align: start; text-indent: 0px; text-transform: none; widows: 2; word-spacing: 0px; -webkit-text-stroke-width: 0px; white-space: normal; background-color: rgb(255, 255, 255); text-decoration-thickness: initial; text-decoration-style: initial; text-decoration-color: initial;\">Diam dolor est labore duo invidunt ipsum clita et, sed et lorem voluptua tempor invidunt at est sanctus sanctus. Clita dolores sit kasd diam takimata justo diam lorem sed. Magna amet sed rebum eos. Clita no magna no dolor erat diam tempor rebum consetetur, sanctus labore sed nonumy diam lorem amet eirmod. No at tempor sea diam kasd, takimata ea nonumy elitr sadipscing gubergren erat. Gubergren at lorem invidunt sadipscing rebum sit amet ut ut, voluptua diam dolores at sadipscing stet. Clita dolor amet dolor ipsum vero ea ea eos.</p><p style=\"box-sizing: border-box; margin-top: 0px; margin-bottom: 1rem; color: rgb(107, 106, 117); font-family: Rubik, sans-serif; font-size: 16px; font-style: normal; font-variant-ligatures: normal; font-variant-caps: normal; font-weight: 400; letter-spacing: normal; orphans: 2; text-align: start; text-indent: 0px; text-transform: none; widows: 2; word-spacing: 0px; -webkit-text-stroke-width: 0px; white-space: normal; background-color: rgb(255, 255, 255); text-decoration-thickness: initial; text-decoration-style: initial; text-decoration-color: initial;\">Voluptua est takimata stet invidunt sed rebum nonumy stet, clita aliquyam dolores vero stet consetetur elitr takimata rebum sanctus. Sit sed accusam stet sit nonumy kasd diam dolores, sanctus lorem kasd duo dolor dolor vero sit et. Labore ipsum duo sanctus amet eos et. Consetetur no sed et aliquyam ipsum justo et, clita lorem sit vero amet amet est dolor elitr, stet et no diam sit. Dolor erat justo dolore sit invidunt.</p><p><br></p>',	'Diam dolor est labore duo ipsum clita sed et lorem tempor duo',	'Diam dolor est labore duo ipsum clita sed et lorem tempor duo',	1,	'2025-06-13 04:25:45',	'2025-06-13 04:25:45'),
(2,	1,	3,	'/uploads/media_684bf5e63a345.jpg',	'Diam dolor est labore duo ipsum clita sed et lorem tempor duo11',	'diam-dolor-est-labore-duo-ipsum-clita-sed-et-lorem-tempor-duo11',	'<p style=\"box-sizing: border-box; margin-top: 0px; margin-bottom: 1rem; color: rgb(107, 106, 117); font-family: Rubik, sans-serif; font-size: 16px; font-style: normal; font-variant-ligatures: normal; font-variant-caps: normal; font-weight: 400; letter-spacing: normal; orphans: 2; text-align: start; text-indent: 0px; text-transform: none; widows: 2; word-spacing: 0px; -webkit-text-stroke-width: 0px; white-space: normal; background-color: rgb(255, 255, 255); text-decoration-thickness: initial; text-decoration-style: initial; text-decoration-color: initial;\">Sadipscing labore amet rebum est et justo gubergren. Et eirmod ipsum sit diam ut magna lorem. Nonumy vero labore lorem sanctus rebum et lorem magna kasd, stet amet magna accusam consetetur eirmod. Kasd accusam sit ipsum sadipscing et at at sanctus et. Ipsum sit gubergren dolores et, consetetur justo invidunt at et aliquyam ut et vero clita. Diam sea sea no sed dolores diam nonumy, gubergren sit stet no diam kasd vero.</p><p style=\"box-sizing: border-box; margin-top: 0px; margin-bottom: 1rem; color: rgb(107, 106, 117); font-family: Rubik, sans-serif; font-size: 16px; font-style: normal; font-variant-ligatures: normal; font-variant-caps: normal; font-weight: 400; letter-spacing: normal; orphans: 2; text-align: start; text-indent: 0px; text-transform: none; widows: 2; word-spacing: 0px; -webkit-text-stroke-width: 0px; white-space: normal; background-color: rgb(255, 255, 255); text-decoration-thickness: initial; text-decoration-style: initial; text-decoration-color: initial;\">Voluptua est takimata stet invidunt sed rebum nonumy stet, clita aliquyam dolores vero stet consetetur elitr takimata rebum sanctus. Sit sed accusam stet sit nonumy kasd diam dolores, sanctus lorem kasd duo dolor dolor vero sit et. Labore ipsum duo sanctus amet eos et. Consetetur no sed et aliquyam ipsum justo et, clita lorem sit vero amet amet est dolor elitr, stet et no diam sit. Dolor erat justo dolore sit invidunt.</p><p style=\"box-sizing: border-box; margin-top: 0px; margin-bottom: 1rem; color: rgb(107, 106, 117); font-family: Rubik, sans-serif; font-size: 16px; font-style: normal; font-variant-ligatures: normal; font-variant-caps: normal; font-weight: 400; letter-spacing: normal; orphans: 2; text-align: start; text-indent: 0px; text-transform: none; widows: 2; word-spacing: 0px; -webkit-text-stroke-width: 0px; white-space: normal; background-color: rgb(255, 255, 255); text-decoration-thickness: initial; text-decoration-style: initial; text-decoration-color: initial;\">Diam dolor est labore duo invidunt ipsum clita et, sed et lorem voluptua tempor invidunt at est sanctus sanctus. Clita dolores sit kasd diam takimata justo diam lorem sed. Magna amet sed rebum eos. Clita no magna no dolor erat diam tempor rebum consetetur, sanctus labore sed nonumy diam lorem amet eirmod. No at tempor sea diam kasd, takimata ea nonumy elitr sadipscing gubergren erat. Gubergren at lorem invidunt sadipscing rebum sit amet ut ut, voluptua diam dolores at sadipscing stet. Clita dolor amet dolor ipsum vero ea ea eos.</p><p style=\"box-sizing: border-box; margin-top: 0px; margin-bottom: 1rem; color: rgb(107, 106, 117); font-family: Rubik, sans-serif; font-size: 16px; font-style: normal; font-variant-ligatures: normal; font-variant-caps: normal; font-weight: 400; letter-spacing: normal; orphans: 2; text-align: start; text-indent: 0px; text-transform: none; widows: 2; word-spacing: 0px; -webkit-text-stroke-width: 0px; white-space: normal; background-color: rgb(255, 255, 255); text-decoration-thickness: initial; text-decoration-style: initial; text-decoration-color: initial;\">Voluptua est takimata stet invidunt sed rebum nonumy stet, clita aliquyam dolores vero stet consetetur elitr takimata rebum sanctus. Sit sed accusam stet sit nonumy kasd diam dolores, sanctus lorem kasd duo dolor dolor vero sit et. Labore ipsum duo sanctus amet eos et. Consetetur no sed et aliquyam ipsum justo et, clita lorem sit vero amet amet est dolor elitr, stet et no diam sit. Dolor erat justo dolore sit invidunt.</p><p><br></p>',	'Diam dolor est labore duo ipsum clita sed et lorem tempor duo111',	'Diam dolor est labore duo ipsum clita sed et lorem tempor duo111',	1,	'2025-06-13 04:26:54',	'2025-06-13 04:26:54'),
(3,	1,	4,	'/uploads/media_684bf603c885b.jpg',	'Hello Prashant',	'hello-prashant',	'<p style=\"box-sizing: border-box; margin-top: 0px; margin-bottom: 1rem; color: rgb(107, 106, 117); font-family: Rubik, sans-serif; font-size: 16px; font-style: normal; font-variant-ligatures: normal; font-variant-caps: normal; font-weight: 400; letter-spacing: normal; orphans: 2; text-align: start; text-indent: 0px; text-transform: none; widows: 2; word-spacing: 0px; -webkit-text-stroke-width: 0px; white-space: normal; background-color: rgb(255, 255, 255); text-decoration-thickness: initial; text-decoration-style: initial; text-decoration-color: initial;\">Sadipscing labore amet rebum est et justo gubergren. Et eirmod ipsum sit diam ut magna lorem. Nonumy vero labore lorem sanctus rebum et lorem magna kasd, stet amet magna accusam consetetur eirmod. Kasd accusam sit ipsum sadipscing et at at sanctus et. Ipsum sit gubergren dolores et, consetetur justo invidunt at et aliquyam ut et vero clita. Diam sea sea no sed dolores diam nonumy, gubergren sit stet no diam kasd vero.</p><p style=\"box-sizing: border-box; margin-top: 0px; margin-bottom: 1rem; color: rgb(107, 106, 117); font-family: Rubik, sans-serif; font-size: 16px; font-style: normal; font-variant-ligatures: normal; font-variant-caps: normal; font-weight: 400; letter-spacing: normal; orphans: 2; text-align: start; text-indent: 0px; text-transform: none; widows: 2; word-spacing: 0px; -webkit-text-stroke-width: 0px; white-space: normal; background-color: rgb(255, 255, 255); text-decoration-thickness: initial; text-decoration-style: initial; text-decoration-color: initial;\">Voluptua est takimata stet invidunt sed rebum nonumy stet, clita aliquyam dolores vero stet consetetur elitr takimata rebum sanctus. Sit sed accusam stet sit nonumy kasd diam dolores, sanctus lorem kasd duo dolor dolor vero sit et. Labore ipsum duo sanctus amet eos et. Consetetur no sed et aliquyam ipsum justo et, clita lorem sit vero amet amet est dolor elitr, stet et no diam sit. Dolor erat justo dolore sit invidunt.</p><p style=\"box-sizing: border-box; margin-top: 0px; margin-bottom: 1rem; color: rgb(107, 106, 117); font-family: Rubik, sans-serif; font-size: 16px; font-style: normal; font-variant-ligatures: normal; font-variant-caps: normal; font-weight: 400; letter-spacing: normal; orphans: 2; text-align: start; text-indent: 0px; text-transform: none; widows: 2; word-spacing: 0px; -webkit-text-stroke-width: 0px; white-space: normal; background-color: rgb(255, 255, 255); text-decoration-thickness: initial; text-decoration-style: initial; text-decoration-color: initial;\">Diam dolor est labore duo invidunt ipsum clita et, sed et lorem voluptua tempor invidunt at est sanctus sanctus. Clita dolores sit kasd diam takimata justo diam lorem sed. Magna amet sed rebum eos. Clita no magna no dolor erat diam tempor rebum consetetur, sanctus labore sed nonumy diam lorem amet eirmod. No at tempor sea diam kasd, takimata ea nonumy elitr sadipscing gubergren erat. Gubergren at lorem invidunt sadipscing rebum sit amet ut ut, voluptua diam dolores at sadipscing stet. Clita dolor amet dolor ipsum vero ea ea eos.</p><p style=\"box-sizing: border-box; margin-top: 0px; margin-bottom: 1rem; color: rgb(107, 106, 117); font-family: Rubik, sans-serif; font-size: 16px; font-style: normal; font-variant-ligatures: normal; font-variant-caps: normal; font-weight: 400; letter-spacing: normal; orphans: 2; text-align: start; text-indent: 0px; text-transform: none; widows: 2; word-spacing: 0px; -webkit-text-stroke-width: 0px; white-space: normal; background-color: rgb(255, 255, 255); text-decoration-thickness: initial; text-decoration-style: initial; text-decoration-color: initial;\">Voluptua est takimata stet invidunt sed rebum nonumy stet, clita aliquyam dolores vero stet consetetur elitr takimata rebum sanctus. Sit sed accusam stet sit nonumy kasd diam dolores, sanctus lorem kasd duo dolor dolor vero sit et. Labore ipsum duo sanctus amet eos et. Consetetur no sed et aliquyam ipsum justo et, clita lorem sit vero amet amet est dolor elitr, stet et no diam sit. Dolor erat justo dolore sit invidunt.</p><p><br></p>',	'Diam dolor est labore duo ipsum clita sed et lorem tempor duo33',	'Diam dolor est labore duo ipsum clita sed et lorem tempor duo33',	1,	'2025-06-13 04:27:23',	'2025-06-16 06:44:35'),
(4,	1,	2,	'/uploads/media_686519713293d.jpg',	'santosh kumar bharti',	'santosh-kumar-bharti',	'<p>sadfyguihojpk[]\\77</p>',	'ADSFGDDGF',	'ZDFN',	1,	'2025-06-16 06:47:59',	'2025-07-02 06:05:13');

DROP TABLE IF EXISTS `car_categories`;
CREATE TABLE `car_categories` (
  `id` bigint unsigned NOT NULL AUTO_INCREMENT,
  `name` varchar(255) CHARACTER SET utf8mb4 COLLATE utf8mb4_unicode_ci NOT NULL,
  `slug` varchar(255) CHARACTER SET utf8mb4 COLLATE utf8mb4_unicode_ci NOT NULL,
  `status` tinyint(1) NOT NULL,
  `sort_by` int NOT NULL DEFAULT '1',
  `action_by` varchar(255) CHARACTER SET utf8mb4 COLLATE utf8mb4_unicode_ci DEFAULT NULL,
  `action_name` varchar(255) CHARACTER SET utf8mb4 COLLATE utf8mb4_unicode_ci DEFAULT NULL,
  `created_at` timestamp NULL DEFAULT NULL,
  `updated_at` timestamp NULL DEFAULT NULL,
  PRIMARY KEY (`id`),
  UNIQUE KEY `car_categories_slug_unique` (`slug`)
) ENGINE=InnoDB DEFAULT CHARSET=utf8mb4 COLLATE=utf8mb4_unicode_ci;

INSERT INTO `car_categories` (`id`, `name`, `slug`, `status`, `sort_by`, `action_by`, `action_name`, `created_at`, `updated_at`) VALUES
(1,	'Transmission',	'transmission',	1,	1,	'admin@gmail.com',	'create',	NULL,	NULL),
(2,	'Features',	'features',	1,	2,	'admin@gmail.com',	'create',	NULL,	NULL),
(3,	'Vehicle Type',	'vehicle-type',	1,	0,	'admin@gmail.com',	'Creation',	'2025-03-03 07:04:16',	'2025-03-03 07:04:16'),
(4,	'Fuel Type',	'fuel-type',	1,	0,	'admin@gmail.com',	'Creation',	'2025-03-03 07:04:26',	'2025-03-03 07:04:26'),
(5,	'Body Style',	'body-style',	1,	0,	'admin@gmail.com',	'update',	'2025-03-03 07:04:38',	'2025-03-22 01:51:46'),
(6,	'Condition',	'condition',	1,	0,	'admin@gmail.com',	'Creation',	'2025-03-03 07:04:47',	'2025-03-03 07:04:47'),
(7,	'Mileage',	'mileage',	1,	0,	'admin@gmail.com',	'Creation',	'2025-03-03 07:04:55',	'2025-03-03 07:04:55'),
(8,	'Brand Manufacturer',	'brand-manufacturer',	1,	0,	'admin@gmail.com',	'Creation',	'2025-03-03 07:05:07',	'2025-03-03 07:05:07'),
(9,	'Advanced Features',	'advanced-features',	1,	0,	'admin@gmail.com',	'Creation',	'2025-03-03 07:05:23',	'2025-03-03 07:05:23');

DROP TABLE IF EXISTS `car_details`;
CREATE TABLE `car_details` (
  `id` bigint unsigned NOT NULL AUTO_INCREMENT,
  `car_id` int NOT NULL,
  `attribute_id` int NOT NULL,
  `value_id` int NOT NULL,
  `created_at` timestamp NULL DEFAULT NULL,
  `updated_at` timestamp NULL DEFAULT NULL,
  PRIMARY KEY (`id`)
) ENGINE=InnoDB DEFAULT CHARSET=utf8mb4 COLLATE=utf8mb4_unicode_ci;

INSERT INTO `car_details` (`id`, `car_id`, `attribute_id`, `value_id`, `created_at`, `updated_at`) VALUES
(208,	4,	1,	22,	NULL,	NULL),
(209,	4,	2,	59,	NULL,	NULL),
(210,	4,	3,	5,	NULL,	NULL),
(211,	4,	4,	16,	NULL,	NULL),
(212,	4,	5,	26,	NULL,	NULL),
(213,	4,	6,	38,	NULL,	NULL),
(214,	4,	7,	40,	NULL,	NULL),
(215,	4,	8,	46,	NULL,	NULL),
(216,	4,	9,	63,	NULL,	NULL),
(226,	6,	1,	21,	NULL,	NULL),
(227,	6,	2,	58,	NULL,	NULL),
(228,	6,	3,	1,	NULL,	NULL),
(229,	6,	4,	15,	NULL,	NULL),
(230,	6,	5,	26,	NULL,	NULL),
(231,	6,	6,	37,	NULL,	NULL),
(232,	6,	7,	40,	NULL,	NULL),
(233,	6,	8,	46,	NULL,	NULL),
(234,	6,	9,	66,	NULL,	NULL),
(235,	7,	1,	23,	NULL,	NULL),
(236,	7,	2,	59,	NULL,	NULL),
(237,	7,	3,	8,	NULL,	NULL),
(238,	7,	4,	16,	NULL,	NULL),
(239,	7,	5,	34,	NULL,	NULL),
(240,	7,	6,	38,	NULL,	NULL),
(241,	7,	7,	41,	NULL,	NULL),
(242,	7,	8,	50,	NULL,	NULL),
(243,	7,	9,	63,	NULL,	NULL),
(244,	8,	1,	21,	NULL,	NULL),
(245,	8,	2,	59,	NULL,	NULL),
(246,	8,	3,	2,	NULL,	NULL),
(247,	8,	4,	15,	NULL,	NULL),
(248,	8,	5,	25,	NULL,	NULL),
(249,	8,	6,	37,	NULL,	NULL),
(250,	8,	7,	42,	NULL,	NULL),
(251,	8,	8,	50,	NULL,	NULL),
(252,	8,	9,	68,	NULL,	NULL),
(253,	1,	1,	21,	NULL,	NULL),
(254,	1,	2,	58,	NULL,	NULL),
(255,	1,	3,	3,	NULL,	NULL),
(256,	1,	4,	15,	NULL,	NULL),
(257,	1,	5,	25,	NULL,	NULL),
(258,	1,	6,	37,	NULL,	NULL),
(259,	1,	7,	41,	NULL,	NULL),
(260,	1,	8,	44,	NULL,	NULL),
(261,	1,	9,	63,	NULL,	NULL),
(262,	2,	1,	22,	NULL,	NULL),
(263,	2,	2,	59,	NULL,	NULL),
(264,	2,	3,	4,	NULL,	NULL),
(265,	2,	4,	15,	NULL,	NULL),
(266,	2,	5,	25,	NULL,	NULL),
(267,	2,	6,	37,	NULL,	NULL),
(268,	2,	7,	42,	NULL,	NULL),
(269,	2,	8,	44,	NULL,	NULL),
(270,	2,	9,	63,	NULL,	NULL),
(271,	3,	1,	22,	NULL,	NULL),
(272,	3,	2,	58,	NULL,	NULL),
(273,	3,	3,	2,	NULL,	NULL),
(274,	3,	4,	16,	NULL,	NULL),
(275,	3,	5,	27,	NULL,	NULL),
(276,	3,	6,	38,	NULL,	NULL),
(277,	3,	7,	41,	NULL,	NULL),
(278,	3,	8,	45,	NULL,	NULL),
(279,	3,	9,	64,	NULL,	NULL),
(280,	5,	1,	21,	NULL,	NULL),
(281,	5,	2,	58,	NULL,	NULL),
(282,	5,	3,	4,	NULL,	NULL),
(283,	5,	4,	16,	NULL,	NULL),
(284,	5,	5,	26,	NULL,	NULL),
(285,	5,	6,	37,	NULL,	NULL),
(286,	5,	7,	40,	NULL,	NULL),
(287,	5,	8,	47,	NULL,	NULL),
(288,	5,	9,	66,	NULL,	NULL);

DROP TABLE IF EXISTS `car_features`;
CREATE TABLE `car_features` (
  `id` bigint unsigned NOT NULL AUTO_INCREMENT,
  `carcategory_id` bigint unsigned NOT NULL,
  `feature_name` varchar(255) CHARACTER SET utf8mb4 COLLATE utf8mb4_unicode_ci NOT NULL,
  `status` tinyint(1) NOT NULL,
  `sort_by` int NOT NULL DEFAULT '1',
  `action_by` varchar(255) CHARACTER SET utf8mb4 COLLATE utf8mb4_unicode_ci DEFAULT NULL,
  `action_name` varchar(255) CHARACTER SET utf8mb4 COLLATE utf8mb4_unicode_ci DEFAULT NULL,
  `created_at` timestamp NULL DEFAULT NULL,
  `updated_at` timestamp NULL DEFAULT NULL,
  PRIMARY KEY (`id`)
) ENGINE=InnoDB DEFAULT CHARSET=utf8mb4 COLLATE=utf8mb4_unicode_ci;

INSERT INTO `car_features` (`id`, `carcategory_id`, `feature_name`, `status`, `sort_by`, `action_by`, `action_name`, `created_at`, `updated_at`) VALUES
(1,	3,	'Sedans',	1,	1,	'admin@gmail.com',	'update',	NULL,	'2025-03-10 01:05:50'),
(2,	3,	'Hatchbacks',	1,	1,	'admin@gmail.com',	'update',	NULL,	'2025-03-10 01:05:50'),
(3,	3,	'SUVs (Sports Utility Vehicles)',	1,	0,	'admin@gmail.com',	'Creation',	'2025-03-03 07:06:48',	'2025-03-10 01:05:50'),
(4,	3,	'Coupes',	1,	0,	'admin@gmail.com',	'Creation',	'2025-03-03 07:07:01',	'2025-03-10 01:05:50'),
(5,	3,	'Convertibles',	1,	0,	'admin@gmail.com',	'Creation',	'2025-03-03 07:07:15',	'2025-03-10 01:05:50'),
(6,	3,	'Pickup Trucks',	1,	0,	'admin@gmail.com',	'Creation',	'2025-03-03 07:07:26',	'2025-03-10 01:05:50'),
(7,	3,	'Vans',	1,	0,	'admin@gmail.com',	'Creation',	'2025-03-03 07:07:35',	'2025-03-10 01:05:50'),
(8,	3,	'Station Wagons',	1,	0,	'admin@gmail.com',	'Creation',	'2025-03-03 07:07:44',	'2025-03-10 01:05:50'),
(9,	3,	'Electric Vehicles (EVs)',	1,	0,	'admin@gmail.com',	'Creation',	'2025-03-03 07:07:52',	'2025-03-10 01:05:50'),
(10,	3,	'Hybrid Cars',	1,	0,	'admin@gmail.com',	'Creation',	'2025-03-03 07:08:00',	'2025-03-10 01:05:50'),
(11,	3,	'Luxury Cars',	1,	0,	'admin@gmail.com',	'Creation',	'2025-03-03 07:08:08',	'2025-03-03 07:08:08'),
(12,	3,	'Sports Cars',	1,	0,	'admin@gmail.com',	'Creation',	'2025-03-03 07:08:17',	'2025-03-03 07:08:17'),
(13,	3,	'Compact Cars',	1,	0,	'admin@gmail.com',	'Creation',	'2025-03-03 07:08:28',	'2025-03-03 07:08:28'),
(14,	3,	'Mini Trucks',	1,	0,	'admin@gmail.com',	'Creation',	'2025-03-03 07:08:38',	'2025-03-03 07:08:38'),
(15,	4,	'Petrol',	1,	0,	'admin@gmail.com',	'Creation',	'2025-03-03 07:08:48',	'2025-03-03 07:08:48'),
(16,	4,	'Diesel',	1,	0,	'admin@gmail.com',	'Creation',	'2025-03-03 07:08:56',	'2025-03-03 07:08:56'),
(17,	4,	'Electric',	1,	0,	'admin@gmail.com',	'Creation',	'2025-03-03 07:09:06',	'2025-03-03 07:09:06'),
(18,	4,	'Hybrid',	1,	0,	'admin@gmail.com',	'Creation',	'2025-03-03 07:09:14',	'2025-03-03 07:09:14'),
(19,	4,	'CNG',	1,	0,	'admin@gmail.com',	'Creation',	'2025-03-03 07:09:24',	'2025-03-03 07:09:24'),
(20,	4,	'LPG',	1,	0,	'admin@gmail.com',	'Creation',	'2025-03-03 07:09:33',	'2025-03-03 07:09:33'),
(21,	1,	'Manual',	1,	0,	'admin@gmail.com',	'Creation',	'2025-03-03 07:09:50',	'2025-03-03 07:09:50'),
(22,	1,	'Automatic',	1,	0,	'admin@gmail.com',	'Creation',	'2025-03-03 07:09:59',	'2025-03-03 07:09:59'),
(23,	1,	'Semi-Automatic',	1,	0,	'admin@gmail.com',	'Creation',	'2025-03-03 07:10:10',	'2025-03-03 07:10:10'),
(24,	1,	'CVT (Continuously Variable Transmission)',	1,	0,	'admin@gmail.com',	'Creation',	'2025-03-03 07:10:21',	'2025-03-03 07:10:21'),
(25,	5,	'Sedan',	1,	0,	'admin@gmail.com',	'Creation',	'2025-03-03 07:10:48',	'2025-03-22 01:52:23'),
(26,	5,	'Hatchback',	1,	0,	'admin@gmail.com',	'Creation',	'2025-03-03 07:10:57',	'2025-03-22 01:52:23'),
(27,	5,	'SUV',	1,	0,	'admin@gmail.com',	'Creation',	'2025-03-03 07:11:38',	'2025-03-22 01:52:23'),
(28,	5,	'Crossover',	1,	0,	'admin@gmail.com',	'Creation',	'2025-03-03 07:11:45',	'2025-03-22 01:52:23'),
(29,	5,	'Coupe',	1,	0,	'admin@gmail.com',	'Creation',	'2025-03-03 07:11:53',	'2025-03-22 01:52:23'),
(30,	5,	'Convertible',	1,	0,	'admin@gmail.com',	'Creation',	'2025-03-03 07:12:01',	'2025-03-22 01:52:23'),
(31,	5,	'Pickup Truck',	1,	0,	'admin@gmail.com',	'Creation',	'2025-03-03 07:12:11',	'2025-03-22 01:52:23'),
(32,	5,	'Van',	1,	0,	'admin@gmail.com',	'Creation',	'2025-03-03 07:12:19',	'2025-03-22 01:52:23'),
(33,	5,	'Wagon',	1,	0,	'admin@gmail.com',	'Creation',	'2025-03-03 07:12:28',	'2025-03-22 01:52:23'),
(34,	5,	'Roadster',	1,	0,	'admin@gmail.com',	'Creation',	'2025-03-03 07:12:38',	'2025-03-22 01:52:23'),
(35,	5,	'Supercar',	1,	0,	'admin@gmail.com',	'Creation',	'2025-03-03 07:12:46',	'2025-03-22 01:52:47'),
(36,	5,	'Off-Road',	1,	0,	'admin@gmail.com',	'Creation',	'2025-03-03 07:12:53',	'2025-03-22 01:52:47'),
(37,	6,	'New Cars',	1,	0,	'admin@gmail.com',	'Creation',	'2025-03-03 07:13:05',	'2025-03-03 07:13:05'),
(38,	6,	'Used Cars',	1,	0,	'admin@gmail.com',	'Creation',	'2025-03-03 07:13:16',	'2025-03-03 07:13:16'),
(39,	6,	'Certified Pre-Owned Cars',	1,	0,	'admin@gmail.com',	'Creation',	'2025-03-03 07:13:26',	'2025-03-03 07:13:26'),
(40,	7,	'Less than 15 MPG',	1,	0,	'admin@gmail.com',	'Creation',	'2025-03-03 07:13:36',	'2025-03-03 07:13:36'),
(41,	7,	'15-25 MPG',	1,	0,	'admin@gmail.com',	'Creation',	'2025-03-03 07:13:45',	'2025-03-03 07:13:45'),
(42,	7,	'25-35 MPG',	1,	0,	'admin@gmail.com',	'Creation',	'2025-03-03 07:14:16',	'2025-03-03 07:14:16'),
(43,	7,	'Over 35 MPG',	1,	0,	'admin@gmail.com',	'Creation',	'2025-03-03 07:14:26',	'2025-03-03 07:14:26'),
(44,	8,	'Toyota',	1,	0,	'admin@gmail.com',	'Creation',	'2025-03-03 07:14:37',	'2025-03-03 07:14:37'),
(45,	8,	'Honda',	1,	0,	'admin@gmail.com',	'Creation',	'2025-03-03 07:14:47',	'2025-03-03 07:14:47'),
(46,	8,	'Ford',	1,	0,	'admin@gmail.com',	'Creation',	'2025-03-03 07:14:59',	'2025-03-03 07:14:59'),
(47,	8,	'Chevrolet',	1,	0,	'admin@gmail.com',	'Creation',	'2025-03-03 07:15:07',	'2025-03-03 07:15:07'),
(48,	8,	'BMW',	1,	0,	'admin@gmail.com',	'Creation',	'2025-03-03 07:15:17',	'2025-03-03 07:15:17'),
(49,	8,	'Mercedes-Benz',	1,	0,	'admin@gmail.com',	'Creation',	'2025-03-03 07:15:28',	'2025-03-03 07:15:28'),
(50,	8,	'Audi',	1,	0,	'admin@gmail.com',	'Creation',	'2025-03-03 07:15:36',	'2025-03-03 07:15:36'),
(51,	8,	'Tesla',	1,	0,	'admin@gmail.com',	'Creation',	'2025-03-03 07:15:44',	'2025-03-03 07:15:44'),
(52,	8,	'Hyundai',	1,	0,	'admin@gmail.com',	'Creation',	'2025-03-03 07:15:55',	'2025-03-03 07:15:55'),
(53,	8,	'Kia',	1,	0,	'admin@gmail.com',	'Creation',	'2025-03-03 07:16:03',	'2025-03-03 07:16:03'),
(54,	8,	'Nissan',	1,	0,	'admin@gmail.com',	'Creation',	'2025-03-03 07:16:11',	'2025-03-03 07:16:11'),
(55,	8,	'Volkswagen',	1,	0,	'admin@gmail.com',	'Creation',	'2025-03-03 07:16:21',	'2025-03-03 07:16:21'),
(56,	8,	'Land Rover',	1,	0,	'admin@gmail.com',	'Creation',	'2025-03-03 07:16:32',	'2025-03-03 07:16:32'),
(57,	8,	'Porsche',	1,	0,	'admin@gmail.com',	'Creation',	'2025-03-03 07:16:40',	'2025-03-03 07:16:40'),
(58,	2,	'Front-Wheel Drive (FWD)',	1,	0,	'admin@gmail.com',	'Creation',	'2025-03-03 07:16:52',	'2025-03-03 07:16:52'),
(59,	2,	'Rear-Wheel Drive (RWD)',	1,	0,	'admin@gmail.com',	'Creation',	'2025-03-03 07:17:00',	'2025-03-03 07:17:00'),
(60,	2,	'All-Wheel Drive (AWD)',	1,	0,	'admin@gmail.com',	'Creation',	'2025-03-03 07:17:10',	'2025-03-03 07:17:10'),
(61,	8,	'Four-Wheel Drive (4WD)',	1,	0,	'admin@gmail.com',	'Creation',	'2025-03-03 07:17:22',	'2025-03-03 07:17:22'),
(62,	9,	'Sunroof/Moonroof',	1,	0,	'admin@gmail.com',	'Creation',	'2025-03-03 07:17:50',	'2025-03-03 07:17:50'),
(63,	9,	'Navigation System',	1,	0,	'admin@gmail.com',	'Creation',	'2025-03-03 07:17:59',	'2025-03-03 07:17:59'),
(64,	9,	'Bluetooth Connectivity',	1,	0,	'admin@gmail.com',	'Creation',	'2025-03-03 07:18:21',	'2025-03-03 07:18:21'),
(65,	9,	'Backup Camera',	1,	0,	'admin@gmail.com',	'Creation',	'2025-03-03 07:18:29',	'2025-03-03 07:18:29'),
(66,	9,	'Heated Seats',	1,	0,	'admin@gmail.com',	'Creation',	'2025-03-03 07:18:43',	'2025-03-03 07:18:43'),
(67,	9,	'Adaptive Cruise Control',	1,	0,	'admin@gmail.com',	'Creation',	'2025-03-03 07:18:57',	'2025-03-03 07:18:57'),
(68,	9,	'Lane Assist',	1,	0,	'admin@gmail.com',	'Creation',	'2025-03-03 07:19:05',	'2025-03-03 07:19:05'),
(69,	9,	'Keyless Entry',	1,	0,	'admin@gmail.com',	'Creation',	'2025-03-03 07:19:14',	'2025-03-03 07:19:14'),
(70,	9,	'Leather Seats',	1,	0,	'admin@gmail.com',	'Creation',	'2025-03-03 07:19:23',	'2025-03-03 07:19:23');

DROP TABLE IF EXISTS `car_images`;
CREATE TABLE `car_images` (
  `id` bigint unsigned NOT NULL AUTO_INCREMENT,
  `car_id` bigint unsigned NOT NULL,
  `image` varchar(255) CHARACTER SET utf8mb4 COLLATE utf8mb4_unicode_ci NOT NULL,
  `is_main` tinyint(1) NOT NULL DEFAULT '0',
  `status` enum('active','inactive') CHARACTER SET utf8mb4 COLLATE utf8mb4_unicode_ci NOT NULL,
  `created_at` timestamp NULL DEFAULT NULL,
  `updated_at` timestamp NULL DEFAULT NULL,
  PRIMARY KEY (`id`),
  KEY `car_images_car_id_foreign` (`car_id`),
  CONSTRAINT `car_images_car_id_foreign` FOREIGN KEY (`car_id`) REFERENCES `car_lists` (`id`) ON DELETE CASCADE
) ENGINE=InnoDB DEFAULT CHARSET=utf8mb4 COLLATE=utf8mb4_unicode_ci;

INSERT INTO `car_images` (`id`, `car_id`, `image`, `is_main`, `status`, `created_at`, `updated_at`) VALUES
(1,	1,	'uploads/cars/1741023244_car1.png',	1,	'active',	'2025-03-03 12:04:04',	'2025-03-25 07:33:16'),
(2,	2,	'uploads/cars/1741023861_car2.png',	1,	'active',	'2025-03-03 12:14:21',	'2025-03-25 07:33:31'),
(3,	3,	'uploads/cars/1741024506_car3.png',	1,	'active',	'2025-03-03 12:25:06',	'2025-03-25 07:33:43'),
(4,	4,	'uploads/cars/1741024606_car4.png',	1,	'active',	'2025-03-03 12:26:46',	'2025-03-21 08:11:23'),
(5,	5,	'uploads/cars/1741024873_car1.png',	1,	'active',	'2025-03-03 12:31:13',	'2025-03-25 07:33:50'),
(6,	6,	'uploads/cars/1741025383_car2.png',	1,	'active',	'2025-03-03 12:39:43',	'2025-03-21 08:11:44'),
(7,	7,	'uploads/cars/1741025576_car4.png',	1,	'active',	'2025-03-03 12:42:56',	'2025-03-21 08:11:54'),
(8,	8,	'uploads/cars/1741083005_car2.png',	1,	'active',	'2025-03-04 04:40:05',	'2025-03-21 08:12:03'),
(9,	5,	'uploads/cars/1742130647_car1.png',	0,	'active',	'2025-03-16 07:40:47',	'2025-03-25 07:33:50'),
(10,	5,	'uploads/cars/1742130647_mcar1.png',	0,	'active',	'2025-03-16 07:40:47',	'2025-03-25 07:33:50'),
(11,	5,	'uploads/cars/1742130647_mcar2.png',	0,	'active',	'2025-03-16 07:40:47',	'2025-03-25 07:33:50'),
(12,	5,	'uploads/cars/1742130647_mcar3.png',	0,	'active',	'2025-03-16 07:40:47',	'2025-03-25 07:33:50'),
(13,	1,	'uploads/cars/1742562554_740.png',	0,	'active',	'2025-03-21 07:39:14',	'2025-03-25 07:33:16'),
(14,	1,	'uploads/cars/1742562554_740li.png',	0,	'active',	'2025-03-21 07:39:14',	'2025-03-25 07:33:16'),
(15,	1,	'uploads/cars/1742562554_bmw-7.png',	0,	'active',	'2025-03-21 07:39:14',	'2025-03-25 07:33:16'),
(16,	1,	'uploads/cars/1742562554_xcar.png',	0,	'active',	'2025-03-21 07:39:14',	'2025-03-25 07:33:16'),
(17,	2,	'uploads/cars/1742562579_740.png',	0,	'active',	'2025-03-21 07:39:39',	'2025-03-25 07:33:31'),
(18,	2,	'uploads/cars/1742562579_car1.png',	0,	'active',	'2025-03-21 07:39:39',	'2025-03-25 07:33:31'),
(19,	2,	'uploads/cars/1742562579_car2.png',	0,	'active',	'2025-03-21 07:39:39',	'2025-03-25 07:33:31'),
(20,	2,	'uploads/cars/1742562579_car3.png',	0,	'active',	'2025-03-21 07:39:39',	'2025-03-25 07:33:31'),
(21,	2,	'uploads/cars/1742562579_car4.png',	0,	'active',	'2025-03-21 07:39:39',	'2025-03-25 07:33:31'),
(22,	3,	'uploads/cars/1742562592_car3.png',	0,	'active',	'2025-03-21 07:39:52',	'2025-03-25 07:33:43'),
(23,	3,	'uploads/cars/1742562592_car2.png',	0,	'active',	'2025-03-21 07:39:52',	'2025-03-25 07:33:43'),
(24,	3,	'uploads/cars/1742562592_bmw-7.png',	0,	'active',	'2025-03-21 07:39:52',	'2025-03-25 07:33:43'),
(25,	4,	'uploads/cars/1742562604_car3.png',	0,	'active',	'2025-03-21 07:40:04',	'2025-03-21 08:11:23'),
(26,	4,	'uploads/cars/1742562604_car1.png',	0,	'active',	'2025-03-21 07:40:04',	'2025-03-21 08:11:23'),
(27,	4,	'uploads/cars/1742562604_bmw-7.png',	0,	'active',	'2025-03-21 07:40:04',	'2025-03-21 08:11:23'),
(28,	4,	'uploads/cars/1742562604_740li.png',	0,	'active',	'2025-03-21 07:40:04',	'2025-03-21 08:11:23'),
(29,	6,	'uploads/cars/1742562657_car4.png',	0,	'active',	'2025-03-21 07:40:57',	'2025-03-21 08:11:44'),
(30,	6,	'uploads/cars/1742562657_car2.png',	0,	'active',	'2025-03-21 07:40:57',	'2025-03-21 08:11:44'),
(31,	6,	'uploads/cars/1742562657_bmw-7.png',	0,	'active',	'2025-03-21 07:40:57',	'2025-03-21 08:11:44');

DROP TABLE IF EXISTS `car_lists`;
CREATE TABLE `car_lists` (
  `id` bigint unsigned NOT NULL AUTO_INCREMENT,
  `name` varchar(255) CHARACTER SET utf8mb4 COLLATE utf8mb4_unicode_ci NOT NULL,
  `slug` varchar(255) CHARACTER SET utf8mb4 COLLATE utf8mb4_unicode_ci NOT NULL,
  `seller_id` int NOT NULL,
  `country` tinyint NOT NULL,
  `city` tinyint NOT NULL,
  `location` varchar(255) CHARACTER SET utf8mb4 COLLATE utf8mb4_unicode_ci NOT NULL,
  `price` decimal(10,2) NOT NULL,
  `commision` decimal(10,2) NOT NULL,
  `description` text CHARACTER SET utf8mb4 COLLATE utf8mb4_unicode_ci NOT NULL,
  `seo_title` varchar(255) CHARACTER SET utf8mb4 COLLATE utf8mb4_unicode_ci DEFAULT NULL,
  `seo_description` text CHARACTER SET utf8mb4 COLLATE utf8mb4_unicode_ci,
  `seo_keywords` text CHARACTER SET utf8mb4 COLLATE utf8mb4_unicode_ci,
  `keywords` json DEFAULT NULL,
  `action_by` varchar(255) CHARACTER SET utf8mb4 COLLATE utf8mb4_unicode_ci DEFAULT NULL,
  `action_name` varchar(255) CHARACTER SET utf8mb4 COLLATE utf8mb4_unicode_ci DEFAULT NULL,
  `status` tinyint NOT NULL,
  `created_at` timestamp NULL DEFAULT NULL,
  `updated_at` timestamp NULL DEFAULT NULL,
  PRIMARY KEY (`id`)
) ENGINE=InnoDB DEFAULT CHARSET=utf8mb4 COLLATE=utf8mb4_unicode_ci;

INSERT INTO `car_lists` (`id`, `name`, `slug`, `seller_id`, `country`, `city`, `location`, `price`, `commision`, `description`, `seo_title`, `seo_description`, `seo_keywords`, `keywords`, `action_by`, `action_name`, `status`, `created_at`, `updated_at`) VALUES
(1,	'Toyota Land Cruiser',	'toyota-land-cruiser',	3,	1,	1,	'Elite Auto Hub, Dubai Marina',	250000.00,	10.00,	'<div class=\"component__pdDescAdd\" style=\"margin: 0px 0px 8px; padding: 0px; font-family: &quot;Open Sans&quot;, Arial, Helvetica, sans-serif; border-radius: 0px; border: 0px; vertical-align: baseline; -webkit-tap-highlight-color: rgba(0, 0, 0, 0); outline: 0px; background: transparent; line-height: normal; color: rgb(102, 102, 102);\"><div class=\"component__pdDescAdd\" style=\"margin: 0px 0px 8px; padding: 0px; border-radius: 0px; border: 0px; vertical-align: baseline; -webkit-tap-highlight-color: rgba(0, 0, 0, 0); outline: 0px; background: transparent; line-height: normal;\"><span style=\"margin: 0px; padding: 0px; font-family: &quot;Open Sans&quot;; border-radius: 0px; border: 0px; vertical-align: baseline; font-weight: 600; font-size: inherit; -webkit-tap-highlight-color: rgba(0, 0, 0, 0); outline: 0px; background: transparent; line-height: normal;\">Address</span>:&nbsp;<span id=\"address\" style=\"margin: 0px; padding: 0px; font-family: &quot;Open Sans&quot;; border-radius: 0px; border: 0px; vertical-align: baseline; font-weight: inherit; font-size: inherit; -webkit-tap-highlight-color: rgba(0, 0, 0, 0); display: inline-block; background: transparent; line-height: normal; outline: 0px;\">Sector 2 Dwarka, Delhi</span></div><p style=\"margin-right: 0px; margin-bottom: 0px; margin-left: 0px; font-weight: inherit; color: rgb(0, 0, 0); font-size: inherit; white-space-collapse: preserve-breaks; padding: 0px; font-family: &quot;Open Sans&quot;; border-radius: 0px; -webkit-tap-highlight-color: rgba(0, 0, 0, 0); border: 0px; vertical-align: baseline;\"><span style=\"font-size: inherit; font-weight: inherit;\">Furnishings and amenities:</span></p><p style=\"margin-right: 0px; margin-bottom: 0px; margin-left: 0px; font-weight: inherit; color: rgb(0, 0, 0); font-size: inherit; white-space-collapse: preserve-breaks; padding: 0px; font-family: &quot;Open Sans&quot;; border-radius: 0px; -webkit-tap-highlight-color: rgba(0, 0, 0, 0); border: 0px; vertical-align: baseline;\">This impeccable house is spread across an area of 2600 sq.Ft. And is an semifurnished unit.\r\nThe amenities are designed to make your life easy, exciting and luxurious. The society boasts of manicured landscaping and includes lifts, intercom facility, security/fire alarm, maintenance staff, security personnel, visitor parking, swimming pool, gym, clubhouse, rainwater harvesting, piped gas, water storage, waste disposal and park.\r\nThe property is a quality construction.</p></div>',	'car one',	'Cars come in various types, each designed for different needs. Sedans offer a balance of comfort and efficiency, ideal for daily commuting. SUVs provide more space, higher ground clearance,',	'car,honda,swift',	'[\"6\", \"7\", \"8\"]',	'admin@gmail.com',	'update',	1,	'2025-03-03 12:04:04',	'2025-03-25 07:33:16'),
(2,	'Ford Explorer',	'ford-explorer',	3,	1,	2,	'Royal Drive Motors, Downtown Dubai',	250000.00,	0.00,	'<div class=\"component__pdDescAdd\" style=\"margin: 0px 0px 8px; padding: 0px; font-family: &quot;Open Sans&quot;, Arial, Helvetica, sans-serif; border-radius: 0px; border: 0px; vertical-align: baseline; -webkit-tap-highlight-color: rgba(0, 0, 0, 0); outline: 0px; background: transparent; line-height: normal; color: rgb(102, 102, 102);\"><div class=\"component__pdDescAdd\" style=\"margin: 0px 0px 8px; padding: 0px; border-radius: 0px; border: 0px; vertical-align: baseline; -webkit-tap-highlight-color: rgba(0, 0, 0, 0); outline: 0px; background: transparent; line-height: normal;\"><span style=\"margin: 0px; padding: 0px; font-family: &quot;Open Sans&quot;; border-radius: 0px; border: 0px; vertical-align: baseline; font-weight: 600; font-size: inherit; -webkit-tap-highlight-color: rgba(0, 0, 0, 0); outline: 0px; background: transparent; line-height: normal;\">Address</span>:&nbsp;<span id=\"address\" style=\"margin: 0px; padding: 0px; font-family: &quot;Open Sans&quot;; border-radius: 0px; border: 0px; vertical-align: baseline; font-weight: inherit; font-size: inherit; -webkit-tap-highlight-color: rgba(0, 0, 0, 0); display: inline-block; background: transparent; line-height: normal; outline: 0px;\">Sector 2 Dwarka, Delhi</span></div><p style=\"margin-right: 0px; margin-bottom: 0px; margin-left: 0px; font-weight: inherit; color: rgb(0, 0, 0); font-size: inherit; white-space-collapse: preserve-breaks; padding: 0px; font-family: &quot;Open Sans&quot;; border-radius: 0px; -webkit-tap-highlight-color: rgba(0, 0, 0, 0); border: 0px; vertical-align: baseline;\"><span style=\"font-size: inherit; font-weight: inherit;\">Furnishings and amenities:</span></p><p style=\"margin-right: 0px; margin-bottom: 0px; margin-left: 0px; font-weight: inherit; color: rgb(0, 0, 0); font-size: inherit; white-space-collapse: preserve-breaks; padding: 0px; font-family: &quot;Open Sans&quot;; border-radius: 0px; -webkit-tap-highlight-color: rgba(0, 0, 0, 0); border: 0px; vertical-align: baseline;\">This impeccable house is spread across an area of 2600 sq.Ft. And is an semifurnished unit.\r\nThe amenities are designed to make your life easy, exciting and luxurious. The society boasts of manicured landscaping and includes lifts, intercom facility, security/fire alarm, maintenance staff, security personnel, visitor parking, swimming pool, gym, clubhouse, rainwater harvesting, piped gas, water storage, waste disposal and park.\r\nThe property is a quality construction.</p></div>',	'car one',	'Cars come in various types, each designed for different needs. Sedans offer a balance of comfort and efficiency, ideal for daily commuting. SUVs provide more space, higher ground clearance,',	'car,honda,swift',	'[\"6\", \"8\"]',	'admin@gmail.com',	'update',	1,	'2025-03-03 12:04:04',	'2025-03-25 07:33:31'),
(3,	'Lucid Air',	'lucid-air',	3,	2,	4,	'Pacific Coast Highway, California',	350000.00,	0.00,	'<div class=\"component__pdDescAdd\" style=\"margin: 0px 0px 8px; padding: 0px; font-family: &quot;Open Sans&quot;, Arial, Helvetica, sans-serif; border-radius: 0px; border: 0px; vertical-align: baseline; -webkit-tap-highlight-color: rgba(0, 0, 0, 0); outline: 0px; background: transparent; line-height: normal; color: rgb(102, 102, 102);\"><span style=\"margin: 0px; padding: 0px; font-family: &quot;Open Sans&quot;; border-radius: 0px; border: 0px; vertical-align: baseline; font-weight: 600; font-size: inherit; -webkit-tap-highlight-color: rgba(0, 0, 0, 0); outline: 0px; background: transparent; line-height: normal;\">Address</span>:&nbsp;<span id=\"address\" style=\"margin: 0px; padding: 0px; font-family: &quot;Open Sans&quot;; border-radius: 0px; border: 0px; vertical-align: baseline; font-weight: inherit; font-size: inherit; -webkit-tap-highlight-color: rgba(0, 0, 0, 0); display: inline-block; background: transparent; line-height: normal; outline: 0px;\">Sector 2 Dwarka, Delhi</span></div><p style=\"margin-right: 0px; margin-bottom: 0px; margin-left: 0px; font-weight: inherit; font-size: inherit; white-space-collapse: preserve-breaks; padding: 0px; font-family: &quot;Open Sans&quot;; border-radius: 0px; -webkit-tap-highlight-color: rgba(0, 0, 0, 0); border: 0px; vertical-align: baseline;\"><span style=\"font-size: inherit; font-weight: inherit;\">Furnishings and amenities:</span></p><p style=\"margin-right: 0px; margin-bottom: 0px; margin-left: 0px; font-weight: inherit; font-size: inherit; white-space-collapse: preserve-breaks; padding: 0px; font-family: &quot;Open Sans&quot;; border-radius: 0px; -webkit-tap-highlight-color: rgba(0, 0, 0, 0); border: 0px; vertical-align: baseline;\">This impeccable house is spread across an area of 2600 sq.Ft. And is an semifurnished unit.\r\nThe amenities are designed to make your life easy, exciting and luxurious. The society boasts of manicured landscaping and includes lifts, intercom facility, security/fire alarm, maintenance staff, security personnel, visitor parking, swimming pool, gym, clubhouse, rainwater harvesting, piped gas, water storage, waste disposal and park.\r\nThe property is a quality construction.</p>',	'car seo title',	'perfect for city driving. Coupes focus on sporty performance with sleek designs, while convertibles add the thrill of open-air driving. Electric vehicles (EVs) are eco-friendly and cost-efficient in the long run. Luxury cars combine advanced technology with premium comfort. Whether you need power, efficiency,',	'car,honda,swift',	'[\"8\"]',	'admin@gmail.com',	'update',	1,	'2025-03-03 12:25:06',	'2025-03-25 07:33:43'),
(4,	'Audi A8',	'audi-a8',	3,	2,	5,	'Royal Auto Hub, Corniche Road',	350000.00,	0.00,	'<p>perfect for city driving.&nbsp;<span data-start=\"303\" data-end=\"313\" style=\"font-weight: bolder;\">Coupes</span>&nbsp;focus on sporty performance with sleek designs, while&nbsp;<span data-start=\"368\" data-end=\"384\" style=\"font-weight: bolder;\">convertibles</span>&nbsp;add the thrill of open-air driving.&nbsp;<span data-start=\"421\" data-end=\"448\" style=\"font-weight: bolder;\">Electric vehicles (EVs)</span>&nbsp;are eco-friendly and cost-efficient in the long run.&nbsp;<span data-start=\"502\" data-end=\"517\" style=\"font-weight: bolder;\">Luxury cars</span>&nbsp;combine advanced technology with premium comfort. Whether you need power, efficiency,&nbsp;</p>',	'car seo title',	'perfect for city driving. Coupes focus on sporty performance with sleek designs, while convertibles add the thrill of open-air driving. Electric vehicles (EVs) are eco-friendly and cost-efficient in the long run. Luxury cars combine advanced technology with premium comfort. Whether you need power, efficiency,',	'car,honda,swift',	NULL,	'admin@gmail.com',	'update',	1,	'2025-03-03 12:26:46',	'2025-03-21 08:11:23'),
(5,	'Chevrolet Corvette',	'chevrolet-corvette',	3,	2,	6,	'Platinum Auto Gallery, Yas Island',	350000.00,	0.00,	'<p>perfect for city driving.&nbsp;<span data-start=\"303\" data-end=\"313\" style=\"font-weight: bolder;\">Coupes</span>&nbsp;focus on sporty performance with sleek designs, while&nbsp;<span data-start=\"368\" data-end=\"384\" style=\"font-weight: bolder;\">convertibles</span>&nbsp;add the thrill of open-air driving.&nbsp;<span data-start=\"421\" data-end=\"448\" style=\"font-weight: bolder;\">Electric vehicles (EVs)</span>&nbsp;are eco-friendly and cost-efficient in the long run.&nbsp;<span data-start=\"502\" data-end=\"517\" style=\"font-weight: bolder;\">Luxury cars</span>&nbsp;combine advanced technology with premium comfort. Whether you need power, efficiency,&nbsp;</p>',	'SEO Title',	'perfect for city driving. Coupes focus on sporty performance with sleek designs, while convertibles add the thrill of open-air driving. Electric vehicles (EVs) are eco-friendly and cost-efficient in the long run. Luxury cars combine advanced technology with premium comfort. Whether you need power, efficiency,',	'mid,man,midman',	'[\"6\", \"7\", \"8\"]',	'admin@gmail.com',	'update',	1,	'2025-03-03 12:31:13',	'2025-03-25 07:33:50'),
(6,	'Lexus LS',	'lexus-ls',	3,	1,	3,	'Luxury Ride Dubai, The Walk at JBR',	400000.00,	0.00,	'<p style=\"margin-right: 0px; margin-bottom: 0px; margin-left: 0px; font-size: inherit; font-weight: inherit; white-space-collapse: preserve-breaks; padding: 0px; font-family: &quot;Open Sans&quot;; border-radius: 0px; -webkit-tap-highlight-color: rgba(0, 0, 0, 0); border: 0px; vertical-align: baseline;\"><span style=\"margin: 0px; padding: 0px; color: rgb(102, 102, 102); font-size: inherit; white-space-collapse: collapse; background: transparent; border-radius: 0px; border: 0px; vertical-align: baseline; font-weight: 600; -webkit-tap-highlight-color: rgba(0, 0, 0, 0); outline: 0px; line-height: normal;\">Address</span><span style=\"color: rgb(102, 102, 102); font-family: &quot;Open Sans&quot;, Arial, Helvetica, sans-serif; font-size: 16px; white-space-collapse: collapse;\">:&nbsp;</span><span id=\"address\" style=\"margin: 0px; padding: 0px; color: rgb(102, 102, 102); font-size: inherit; font-weight: inherit; white-space-collapse: collapse; background: transparent; border-radius: 0px; border: 0px; vertical-align: baseline; -webkit-tap-highlight-color: rgba(0, 0, 0, 0); display: inline-block; line-height: normal; outline: 0px;\">Sector 2 Dwarka, Delhi</span></p><p style=\"margin-right: 0px; margin-bottom: 0px; margin-left: 0px; font-size: inherit; font-weight: inherit; white-space-collapse: preserve-breaks; padding: 0px; font-family: &quot;Open Sans&quot;; border-radius: 0px; -webkit-tap-highlight-color: rgba(0, 0, 0, 0); border: 0px; vertical-align: baseline;\">This impeccable house is spread across an area of 2600 sq.Ft. And is an semifurnished unit.\r\nThe amenities are designed to make your life easy, exciting and luxurious. The society boasts of manicured landscaping and includes lifts, intercom facility, security/fire alarm, maintenance staff, security personnel, visitor parking, swimming pool, gym, clubhouse, rainwater harvesting, piped gas, water storage, waste disposal and park.\r\nThe property is a quality construction.</p>',	'car seo title',	'perfect for city driving. Coupes focus on sporty performance with sleek designs, while convertibles add the thrill of open-air driving. Electric vehicles (EVs) are eco-friendly and cost-efficient in the long run. Luxury cars combine advanced technology with premium comfort. Whether you need power, efficiency,',	'car,honda,swift',	NULL,	'admin@gmail.com',	'update',	1,	'2025-03-03 12:39:43',	'2025-03-21 08:11:44'),
(7,	'Porsche Taycan',	'porsche-taycan',	3,	1,	2,	'Dream Wheels, Dubai Festival City',	400000.00,	0.00,	'<p>perfect for city driving.&nbsp;<span data-start=\"303\" data-end=\"313\" style=\"font-weight: bolder;\">Coupes</span>&nbsp;focus on sporty performance with sleek designs, while&nbsp;<span data-start=\"368\" data-end=\"384\" style=\"font-weight: bolder;\">convertibles</span>&nbsp;add the thrill of open-air driving.&nbsp;<span data-start=\"421\" data-end=\"448\" style=\"font-weight: bolder;\">Electric vehicles (EVs)</span>&nbsp;are eco-friendly and cost-efficient in the long run.&nbsp;<span data-start=\"502\" data-end=\"517\" style=\"font-weight: bolder;\">Luxury cars</span>&nbsp;combine advanced technology with premium comfort. Whether you need power, efficiency,&nbsp;</p>',	'test',	'perfect for city driving. Coupes focus on sporty performance with sleek designs, while convertibles add the thrill of open-air driving. Electric vehicles (EVs) are eco-friendly and cost-efficient in the long run. Luxury cars combine advanced technology with premium comfort. Whether you need power, efficiency,',	'mid,man,midman',	NULL,	'admin@gmail.com',	'update',	1,	'2025-03-03 12:42:56',	'2025-03-21 08:11:54'),
(8,	'Nissan Leaf',	'nissan-leaf',	3,	1,	2,	'Dubai Supercar Lounge, Business Bay',	500000.00,	0.00,	'<p><span style=\"color: rgb(102, 102, 102); font-family: &quot;Open Sans&quot;, Arial, Helvetica, sans-serif;\">Cars come in various types, each designed for different needs.&nbsp;</span><span data-start=\"63\" data-end=\"73\" style=\"font-weight: bolder; color: rgb(102, 102, 102); font-family: &quot;Open Sans&quot;, Arial, Helvetica, sans-serif;\">Sedans</span><span style=\"color: rgb(102, 102, 102); font-family: &quot;Open Sans&quot;, Arial, Helvetica, sans-serif;\">&nbsp;offer a balance of comfort and efficiency, ideal for daily commuting.&nbsp;</span><span data-start=\"144\" data-end=\"152\" style=\"font-weight: bolder; color: rgb(102, 102, 102); font-family: &quot;Open Sans&quot;, Arial, Helvetica, sans-serif;\">SUVs</span><span style=\"color: rgb(102, 102, 102); font-family: &quot;Open Sans&quot;, Arial, Helvetica, sans-serif;\">&nbsp;provide more space, higher ground clearance, and better off-road capability.&nbsp;</span><span data-start=\"230\" data-end=\"244\" style=\"font-weight: bolder; color: rgb(102, 102, 102); font-family: &quot;Open Sans&quot;, Arial, Helvetica, sans-serif;\">Hatchbacks</span><span style=\"color: rgb(102, 102, 102); font-family: &quot;Open Sans&quot;, Arial, Helvetica, sans-serif;\">&nbsp;are compact and fuel-efficient, perfect for city driving.&nbsp;</span><span data-start=\"303\" data-end=\"313\" style=\"font-weight: bolder; color: rgb(102, 102, 102); font-family: &quot;Open Sans&quot;, Arial, Helvetica, sans-serif;\">Coupes</span><span style=\"color: rgb(102, 102, 102); font-family: &quot;Open Sans&quot;, Arial, Helvetica, sans-serif;\">&nbsp;focus on sporty performance with sleek designs, while&nbsp;</span><span data-start=\"368\" data-end=\"384\" style=\"font-weight: bolder; color: rgb(102, 102, 102); font-family: &quot;Open Sans&quot;, Arial, Helvetica, sans-serif;\">convertibles</span><span style=\"color: rgb(102, 102, 102); font-family: &quot;Open Sans&quot;, Arial, Helvetica, sans-serif;\">&nbsp;add the thrill of open-air driving.&nbsp;</span><span data-start=\"421\" data-end=\"448\" style=\"font-weight: bolder; color: rgb(102, 102, 102); font-family: &quot;Open Sans&quot;, Arial, Helvetica, sans-serif;\">Electric vehicles (EVs)</span><span style=\"color: rgb(102, 102, 102); font-family: &quot;Open Sans&quot;, Arial, Helvetica, sans-serif;\">&nbsp;are eco-friendly and cost-efficient in the long run.&nbsp;</span><span data-start=\"502\" data-end=\"517\" style=\"font-weight: bolder; color: rgb(102, 102, 102); font-family: &quot;Open Sans&quot;, Arial, Helvetica, sans-serif;\">Luxury cars</span><span style=\"color: rgb(102, 102, 102); font-family: &quot;Open Sans&quot;, Arial, Helvetica, sans-serif;\">&nbsp;combine advanced technology with premium comfort. Whether you need power, efficiency, or style, theres a car for every lifestyle and preference.&nbsp;</span></p>',	'SEO Title',	'Cars come in various types, each designed for different needs. Sedans offer a balance of comfort and efficiency, ideal for daily commuting. SUVs provide more space, higher ground clearance, and better off-road capability. Hatchbacks are compact and fuel-efficient, perfect for city driving. Coupes focus on sporty performance with sleek designs, while convertibles add the thrill of open-air driving. Electric vehicles (EVs) are eco-friendly and cost-efficient in the long run. Luxury cars combine advanced technology with premium comfort. Whether you need power, efficiency, or style, theres a car for every lifestyle and preference.',	'car,honda,swift',	NULL,	'admin@gmail.com',	'update',	1,	'2025-03-04 04:40:05',	'2025-03-21 08:12:03');

DROP TABLE IF EXISTS `categories`;
CREATE TABLE `categories` (
  `id` bigint unsigned NOT NULL AUTO_INCREMENT,
  `name` varchar(255) CHARACTER SET utf8mb4 COLLATE utf8mb4_unicode_ci NOT NULL,
  `slug` varchar(255) CHARACTER SET utf8mb4 COLLATE utf8mb4_unicode_ci NOT NULL,
  `sort_by` int NOT NULL DEFAULT '1',
  `status` tinyint(1) NOT NULL,
  `action_by` varchar(255) CHARACTER SET utf8mb4 COLLATE utf8mb4_unicode_ci DEFAULT NULL,
  `action_name` varchar(255) CHARACTER SET utf8mb4 COLLATE utf8mb4_unicode_ci DEFAULT NULL,
  `created_at` timestamp NULL DEFAULT NULL,
  `updated_at` timestamp NULL DEFAULT NULL,
  PRIMARY KEY (`id`),
  UNIQUE KEY `categories_slug_unique` (`slug`)
) ENGINE=InnoDB DEFAULT CHARSET=utf8mb4 COLLATE=utf8mb4_unicode_ci;

INSERT INTO `categories` (`id`, `name`, `slug`, `sort_by`, `status`, `action_by`, `action_name`, `created_at`, `updated_at`) VALUES
(1,	'Residential',	'residential',	1,	1,	'admin@gmail.com',	'create',	NULL,	NULL),
(2,	'Commercial',	'commercial',	2,	1,	'admin@gmail.com',	'create',	NULL,	NULL),
(3,	'Residential Land',	'residential-land',	0,	1,	'admin@gmail.com',	'Creation',	'2025-03-12 05:56:14',	'2025-03-12 05:56:14'),
(4,	'Agricultural Land',	'agricultural-land',	0,	1,	'admin@gmail.com',	'Creation',	'2025-03-12 05:56:28',	'2025-03-12 05:56:28'),
(5,	'Residential Apartment',	'residential-apartment',	0,	1,	'admin@gmail.com',	'Creation',	'2025-03-12 05:56:46',	'2025-03-12 05:56:46');

DROP TABLE IF EXISTS `choose_us`;
CREATE TABLE `choose_us` (
  `id` bigint unsigned NOT NULL AUTO_INCREMENT,
  `image` varchar(255) COLLATE utf8mb4_unicode_ci NOT NULL,
  `title` varchar(255) COLLATE utf8mb4_unicode_ci NOT NULL,
  `main_title` varchar(255) COLLATE utf8mb4_unicode_ci NOT NULL,
  `industry` text COLLATE utf8mb4_unicode_ci NOT NULL,
  `industry_description` text CHARACTER SET utf8mb4 COLLATE utf8mb4_unicode_ci NOT NULL,
  `staff` text COLLATE utf8mb4_unicode_ci NOT NULL,
  `staff_description` text CHARACTER SET utf8mb4 COLLATE utf8mb4_unicode_ci NOT NULL,
  `winning` text COLLATE utf8mb4_unicode_ci NOT NULL,
  `winning_description` text CHARACTER SET utf8mb4 COLLATE utf8mb4_unicode_ci NOT NULL,
  `support` text COLLATE utf8mb4_unicode_ci NOT NULL,
  `support_description` text CHARACTER SET utf8mb4 COLLATE utf8mb4_unicode_ci NOT NULL,
  `seo_title` text COLLATE utf8mb4_unicode_ci NOT NULL,
  `seo_description` text COLLATE utf8mb4_unicode_ci NOT NULL,
  `seo_keywords` text COLLATE utf8mb4_unicode_ci NOT NULL,
  `created_at` timestamp NULL DEFAULT NULL,
  `updated_at` timestamp NULL DEFAULT NULL,
  PRIMARY KEY (`id`)
) ENGINE=InnoDB DEFAULT CHARSET=utf8mb4 COLLATE=utf8mb4_unicode_ci;

INSERT INTO `choose_us` (`id`, `image`, `title`, `main_title`, `industry`, `industry_description`, `staff`, `staff_description`, `winning`, `winning_description`, `support`, `support_description`, `seo_title`, `seo_description`, `seo_keywords`, `created_at`, `updated_at`) VALUES
(1,	'/uploads/media_6838559301f87.jpg',	'Why Choose Us',	'We Are Here to Grow Your Business Exponentially',	'Best In Industry',	'Magna sea eos sit dolor, ipsum amet lorem diam dolor eos et diam dolor',	'Professional Staff',	'Magna sea eos sit dolor, ipsum amet lorem diam dolor eos et diam dolor',	'Award Winning',	'Magna sea eos sit dolor, ipsum amet lorem diam dolor eos et diam dolor',	'24/7 Support',	'Magna sea eos sit dolor, ipsum amet lorem diam dolor eos et diam dolor',	'Why ChooseUs',	'Magna sea eos sit dolor, ipsum amet lorem diam dolor eos et diam dolor',	'Wordpress,Magento',	'2025-05-29 06:39:55',	'2025-05-29 07:27:10');

DROP TABLE IF EXISTS `cities`;
CREATE TABLE `cities` (
  `id` bigint unsigned NOT NULL AUTO_INCREMENT,
  `country_id` bigint unsigned NOT NULL,
  `city_name` varchar(255) CHARACTER SET utf8mb4 COLLATE utf8mb4_unicode_ci NOT NULL,
  `status` tinyint(1) NOT NULL DEFAULT '1',
  `action_by` varchar(255) CHARACTER SET utf8mb4 COLLATE utf8mb4_unicode_ci DEFAULT NULL,
  `action_name` varchar(255) CHARACTER SET utf8mb4 COLLATE utf8mb4_unicode_ci DEFAULT NULL,
  `created_at` timestamp NULL DEFAULT NULL,
  `updated_at` timestamp NULL DEFAULT NULL,
  PRIMARY KEY (`id`)
) ENGINE=InnoDB DEFAULT CHARSET=utf8mb4 COLLATE=utf8mb4_unicode_ci;

INSERT INTO `cities` (`id`, `country_id`, `city_name`, `status`, `action_by`, `action_name`, `created_at`, `updated_at`) VALUES
(1,	1,	'Riyadh',	1,	'admin@gmail.com',	'create',	'2025-03-03 07:21:37',	'2025-03-03 07:21:37'),
(2,	1,	'Muscat',	1,	'admin@gmail.com',	'create',	'2025-03-03 07:22:08',	'2025-03-03 07:22:08'),
(3,	1,	'Doha',	1,	'admin@gmail.com',	'create',	'2025-03-03 07:23:47',	'2025-03-03 07:23:47'),
(4,	2,	'Bahrain',	1,	'admin@gmail.com',	'create',	'2025-03-03 07:24:12',	'2025-03-03 07:24:12'),
(5,	2,	'Kuwait City',	1,	'admin@gmail.com',	'create',	'2025-03-03 07:24:24',	'2025-03-03 07:24:24'),
(6,	2,	'Sharjah',	1,	'admin@gmail.com',	'create',	'2025-03-03 07:24:57',	'2025-03-03 07:24:57'),
(7,	3,	'Ajman',	1,	'admin@gmail.com',	'create',	'2025-03-03 07:25:15',	'2025-03-03 07:25:15'),
(8,	3,	'Manama',	1,	'admin@gmail.com',	'create',	'2025-03-03 07:25:27',	'2025-03-03 07:25:27'),
(9,	3,	'Doha',	1,	'admin@gmail.com',	'create',	'2025-03-03 07:25:40',	'2025-03-03 07:25:40'),
(10,	4,	'Fujairah',	1,	'admin@gmail.com',	'create',	'2025-03-03 07:26:04',	'2025-03-03 07:26:04'),
(11,	4,	'Dubai',	1,	'admin@gmail.com',	'create',	'2025-03-03 07:26:19',	'2025-03-03 07:26:19'),
(12,	5,	'Fujairah',	1,	'admin@gmail.com',	'create',	'2025-03-03 07:26:46',	'2025-03-03 07:26:46'),
(13,	5,	'Abu Dhabi',	1,	'admin@gmail.com',	'create',	'2025-03-03 07:27:03',	'2025-03-03 07:27:03'),
(14,	6,	'Muscat',	1,	'admin@gmail.com',	'create',	'2025-03-03 07:27:33',	'2025-03-03 07:27:33'),
(15,	6,	'Ras Al Khaimah',	1,	'admin@gmail.com',	'create',	'2025-03-03 07:27:49',	'2025-03-03 07:27:49'),
(16,	7,	'Ajman',	1,	'admin@gmail.com',	'create',	'2025-03-03 07:28:05',	'2025-03-03 07:28:05'),
(17,	7,	'Sharjah',	1,	'admin@gmail.com',	'create',	'2025-03-03 07:28:22',	'2025-03-03 07:28:22');

DROP TABLE IF EXISTS `cms_pages`;
CREATE TABLE `cms_pages` (
  `id` bigint unsigned NOT NULL AUTO_INCREMENT,
  `title` varchar(255) CHARACTER SET utf8mb4 COLLATE utf8mb4_unicode_ci NOT NULL,
  `slug` varchar(255) CHARACTER SET utf8mb4 COLLATE utf8mb4_unicode_ci NOT NULL,
  `content` text CHARACTER SET utf8mb4 COLLATE utf8mb4_unicode_ci,
  `action_by` varchar(255) CHARACTER SET utf8mb4 COLLATE utf8mb4_unicode_ci DEFAULT NULL,
  `action_name` varchar(255) CHARACTER SET utf8mb4 COLLATE utf8mb4_unicode_ci DEFAULT NULL,
  `status` tinyint(1) NOT NULL DEFAULT '1',
  `created_at` timestamp NULL DEFAULT NULL,
  `updated_at` timestamp NULL DEFAULT NULL,
  PRIMARY KEY (`id`),
  UNIQUE KEY `cms_pages_title_unique` (`title`),
  UNIQUE KEY `cms_pages_slug_unique` (`slug`)
) ENGINE=InnoDB DEFAULT CHARSET=utf8mb4 COLLATE=utf8mb4_unicode_ci;

INSERT INTO `cms_pages` (`id`, `title`, `slug`, `content`, `action_by`, `action_name`, `status`, `created_at`, `updated_at`) VALUES
(1,	'About us',	'about-us',	'<p style=\"color: rgb(33, 37, 41); font-family: -apple-system, BlinkMacSystemFont, &quot;Segoe UI&quot;, Roboto, &quot;Helvetica Neue&quot;, Arial, &quot;Noto Sans&quot;, &quot;Liberation Sans&quot;, sans-serif, &quot;Apple Color Emoji&quot;, &quot;Segoe UI Emoji&quot;, &quot;Segoe UI Symbol&quot;, &quot;Noto Color Emoji&quot;; font-size: 16px;\">When using Lorem Ipsum for creating dummy content for your newly created website, you can select the text formats you want from the tool. Like, words, sentences, or paragraphs.</p><p style=\"color: rgb(33, 37, 41); font-family: -apple-system, BlinkMacSystemFont, &quot;Segoe UI&quot;, Roboto, &quot;Helvetica Neue&quot;, Arial, &quot;Noto Sans&quot;, &quot;Liberation Sans&quot;, sans-serif, &quot;Apple Color Emoji&quot;, &quot;Segoe UI Emoji&quot;, &quot;Segoe UI Symbol&quot;, &quot;Noto Color Emoji&quot;; font-size: 16px;\">Then, you can select whether you want HTML markup in your dummy content or not</p><p style=\"color: rgb(33, 37, 41); font-family: -apple-system, BlinkMacSystemFont, &quot;Segoe UI&quot;, Roboto, &quot;Helvetica Neue&quot;, Arial, &quot;Noto Sans&quot;, &quot;Liberation Sans&quot;, sans-serif, &quot;Apple Color Emoji&quot;, &quot;Segoe UI Emoji&quot;, &quot;Segoe UI Symbol&quot;, &quot;Noto Color Emoji&quot;; font-size: 16px;\">Then, you can choose the number of words and paragraphs for your dummy content and execute the plan accordingly.</p><p style=\"color: rgb(33, 37, 41); font-family: -apple-system, BlinkMacSystemFont, &quot;Segoe UI&quot;, Roboto, &quot;Helvetica Neue&quot;, Arial, &quot;Noto Sans&quot;, &quot;Liberation Sans&quot;, sans-serif, &quot;Apple Color Emoji&quot;, &quot;Segoe UI Emoji&quot;, &quot;Segoe UI Symbol&quot;, &quot;Noto Color Emoji&quot;; font-size: 16px;\">You can use this tool at incrementors.com for free.<br></p><p style=\"color: rgb(33, 37, 41); font-family: -apple-system, BlinkMacSystemFont, &quot;Segoe UI&quot;, Roboto, &quot;Helvetica Neue&quot;, Arial, &quot;Noto Sans&quot;, &quot;Liberation Sans&quot;, sans-serif, &quot;Apple Color Emoji&quot;, &quot;Segoe UI Emoji&quot;, &quot;Segoe UI Symbol&quot;, &quot;Noto Color Emoji&quot;; font-size: 16px;\">When using Lorem Ipsum for creating dummy content for your newly created website, you can select the text formats you want from the tool. Like, words, sentences, or paragraphs.</p><p style=\"color: rgb(33, 37, 41); font-family: -apple-system, BlinkMacSystemFont, &quot;Segoe UI&quot;, Roboto, &quot;Helvetica Neue&quot;, Arial, &quot;Noto Sans&quot;, &quot;Liberation Sans&quot;, sans-serif, &quot;Apple Color Emoji&quot;, &quot;Segoe UI Emoji&quot;, &quot;Segoe UI Symbol&quot;, &quot;Noto Color Emoji&quot;; font-size: 16px;\">Then, you can select whether you want HTML markup in your dummy content or not</p><p style=\"color: rgb(33, 37, 41); font-family: -apple-system, BlinkMacSystemFont, &quot;Segoe UI&quot;, Roboto, &quot;Helvetica Neue&quot;, Arial, &quot;Noto Sans&quot;, &quot;Liberation Sans&quot;, sans-serif, &quot;Apple Color Emoji&quot;, &quot;Segoe UI Emoji&quot;, &quot;Segoe UI Symbol&quot;, &quot;Noto Color Emoji&quot;; font-size: 16px;\">Then, you can choose the number of words and paragraphs for your dummy content and execute the plan accordingly.</p><p style=\"color: rgb(33, 37, 41); font-family: -apple-system, BlinkMacSystemFont, &quot;Segoe UI&quot;, Roboto, &quot;Helvetica Neue&quot;, Arial, &quot;Noto Sans&quot;, &quot;Liberation Sans&quot;, sans-serif, &quot;Apple Color Emoji&quot;, &quot;Segoe UI Emoji&quot;, &quot;Segoe UI Symbol&quot;, &quot;Noto Color Emoji&quot;; font-size: 16px;\">You can use this tool at incrementors.com for free.</p><p style=\"color: rgb(33, 37, 41); font-family: -apple-system, BlinkMacSystemFont, &quot;Segoe UI&quot;, Roboto, &quot;Helvetica Neue&quot;, Arial, &quot;Noto Sans&quot;, &quot;Liberation Sans&quot;, sans-serif, &quot;Apple Color Emoji&quot;, &quot;Segoe UI Emoji&quot;, &quot;Segoe UI Symbol&quot;, &quot;Noto Color Emoji&quot;; font-size: 16px;\">When using Lorem Ipsum for creating dummy content for your newly created website, you can select the text formats you want from the tool. Like, words, sentences, or paragraphs.</p><p style=\"color: rgb(33, 37, 41); font-family: -apple-system, BlinkMacSystemFont, &quot;Segoe UI&quot;, Roboto, &quot;Helvetica Neue&quot;, Arial, &quot;Noto Sans&quot;, &quot;Liberation Sans&quot;, sans-serif, &quot;Apple Color Emoji&quot;, &quot;Segoe UI Emoji&quot;, &quot;Segoe UI Symbol&quot;, &quot;Noto Color Emoji&quot;; font-size: 16px;\">Then, you can select whether you want HTML markup in your dummy content or not</p><p style=\"color: rgb(33, 37, 41); font-family: -apple-system, BlinkMacSystemFont, &quot;Segoe UI&quot;, Roboto, &quot;Helvetica Neue&quot;, Arial, &quot;Noto Sans&quot;, &quot;Liberation Sans&quot;, sans-serif, &quot;Apple Color Emoji&quot;, &quot;Segoe UI Emoji&quot;, &quot;Segoe UI Symbol&quot;, &quot;Noto Color Emoji&quot;; font-size: 16px;\">Then, you can choose the number of words and paragraphs for your dummy content and execute the plan accordingly.</p><p style=\"color: rgb(33, 37, 41); font-family: -apple-system, BlinkMacSystemFont, &quot;Segoe UI&quot;, Roboto, &quot;Helvetica Neue&quot;, Arial, &quot;Noto Sans&quot;, &quot;Liberation Sans&quot;, sans-serif, &quot;Apple Color Emoji&quot;, &quot;Segoe UI Emoji&quot;, &quot;Segoe UI Symbol&quot;, &quot;Noto Color Emoji&quot;; font-size: 16px;\">You can use this tool at incrementors.com for free.</p><div><br></div>',	NULL,	NULL,	1,	'2025-03-19 08:33:46',	'2025-03-19 08:39:57'),
(2,	'Contact us',	'contact-us',	'<p style=\"color: rgb(33, 37, 41); font-family: -apple-system, BlinkMacSystemFont, &quot;Segoe UI&quot;, Roboto, &quot;Helvetica Neue&quot;, Arial, &quot;Noto Sans&quot;, &quot;Liberation Sans&quot;, sans-serif, &quot;Apple Color Emoji&quot;, &quot;Segoe UI Emoji&quot;, &quot;Segoe UI Symbol&quot;, &quot;Noto Color Emoji&quot;; font-size: 16px;\">When using Lorem Ipsum for creating dummy content for your newly created website, you can select the text formats you want from the tool. Like, words, sentences, or paragraphs.</p><p style=\"color: rgb(33, 37, 41); font-family: -apple-system, BlinkMacSystemFont, &quot;Segoe UI&quot;, Roboto, &quot;Helvetica Neue&quot;, Arial, &quot;Noto Sans&quot;, &quot;Liberation Sans&quot;, sans-serif, &quot;Apple Color Emoji&quot;, &quot;Segoe UI Emoji&quot;, &quot;Segoe UI Symbol&quot;, &quot;Noto Color Emoji&quot;; font-size: 16px;\">Then, you can select whether you want HTML markup in your dummy content or not</p><p style=\"color: rgb(33, 37, 41); font-family: -apple-system, BlinkMacSystemFont, &quot;Segoe UI&quot;, Roboto, &quot;Helvetica Neue&quot;, Arial, &quot;Noto Sans&quot;, &quot;Liberation Sans&quot;, sans-serif, &quot;Apple Color Emoji&quot;, &quot;Segoe UI Emoji&quot;, &quot;Segoe UI Symbol&quot;, &quot;Noto Color Emoji&quot;; font-size: 16px;\">Then, you can choose the number of words and paragraphs for your dummy content and execute the plan accordingly.</p><p style=\"color: rgb(33, 37, 41); font-family: -apple-system, BlinkMacSystemFont, &quot;Segoe UI&quot;, Roboto, &quot;Helvetica Neue&quot;, Arial, &quot;Noto Sans&quot;, &quot;Liberation Sans&quot;, sans-serif, &quot;Apple Color Emoji&quot;, &quot;Segoe UI Emoji&quot;, &quot;Segoe UI Symbol&quot;, &quot;Noto Color Emoji&quot;; font-size: 16px;\">You can use this tool at incrementors.com for free.<br></p><p style=\"color: rgb(33, 37, 41); font-family: -apple-system, BlinkMacSystemFont, &quot;Segoe UI&quot;, Roboto, &quot;Helvetica Neue&quot;, Arial, &quot;Noto Sans&quot;, &quot;Liberation Sans&quot;, sans-serif, &quot;Apple Color Emoji&quot;, &quot;Segoe UI Emoji&quot;, &quot;Segoe UI Symbol&quot;, &quot;Noto Color Emoji&quot;; font-size: 16px;\">When using Lorem Ipsum for creating dummy content for your newly created website, you can select the text formats you want from the tool. Like, words, sentences, or paragraphs.</p><p style=\"color: rgb(33, 37, 41); font-family: -apple-system, BlinkMacSystemFont, &quot;Segoe UI&quot;, Roboto, &quot;Helvetica Neue&quot;, Arial, &quot;Noto Sans&quot;, &quot;Liberation Sans&quot;, sans-serif, &quot;Apple Color Emoji&quot;, &quot;Segoe UI Emoji&quot;, &quot;Segoe UI Symbol&quot;, &quot;Noto Color Emoji&quot;; font-size: 16px;\">Then, you can select whether you want HTML markup in your dummy content or not</p><p style=\"color: rgb(33, 37, 41); font-family: -apple-system, BlinkMacSystemFont, &quot;Segoe UI&quot;, Roboto, &quot;Helvetica Neue&quot;, Arial, &quot;Noto Sans&quot;, &quot;Liberation Sans&quot;, sans-serif, &quot;Apple Color Emoji&quot;, &quot;Segoe UI Emoji&quot;, &quot;Segoe UI Symbol&quot;, &quot;Noto Color Emoji&quot;; font-size: 16px;\">Then, you can choose the number of words and paragraphs for your dummy content and execute the plan accordingly.</p><p style=\"color: rgb(33, 37, 41); font-family: -apple-system, BlinkMacSystemFont, &quot;Segoe UI&quot;, Roboto, &quot;Helvetica Neue&quot;, Arial, &quot;Noto Sans&quot;, &quot;Liberation Sans&quot;, sans-serif, &quot;Apple Color Emoji&quot;, &quot;Segoe UI Emoji&quot;, &quot;Segoe UI Symbol&quot;, &quot;Noto Color Emoji&quot;; font-size: 16px;\">You can use this tool at incrementors.com for free.<br></p><p style=\"color: rgb(33, 37, 41); font-family: -apple-system, BlinkMacSystemFont, &quot;Segoe UI&quot;, Roboto, &quot;Helvetica Neue&quot;, Arial, &quot;Noto Sans&quot;, &quot;Liberation Sans&quot;, sans-serif, &quot;Apple Color Emoji&quot;, &quot;Segoe UI Emoji&quot;, &quot;Segoe UI Symbol&quot;, &quot;Noto Color Emoji&quot;; font-size: 16px;\">When using Lorem Ipsum for creating dummy content for your newly created website, you can select the text formats you want from the tool. Like, words, sentences, or paragraphs.</p><p style=\"color: rgb(33, 37, 41); font-family: -apple-system, BlinkMacSystemFont, &quot;Segoe UI&quot;, Roboto, &quot;Helvetica Neue&quot;, Arial, &quot;Noto Sans&quot;, &quot;Liberation Sans&quot;, sans-serif, &quot;Apple Color Emoji&quot;, &quot;Segoe UI Emoji&quot;, &quot;Segoe UI Symbol&quot;, &quot;Noto Color Emoji&quot;; font-size: 16px;\">Then, you can select whether you want HTML markup in your dummy content or not</p><p style=\"color: rgb(33, 37, 41); font-family: -apple-system, BlinkMacSystemFont, &quot;Segoe UI&quot;, Roboto, &quot;Helvetica Neue&quot;, Arial, &quot;Noto Sans&quot;, &quot;Liberation Sans&quot;, sans-serif, &quot;Apple Color Emoji&quot;, &quot;Segoe UI Emoji&quot;, &quot;Segoe UI Symbol&quot;, &quot;Noto Color Emoji&quot;; font-size: 16px;\">Then, you can choose the number of words and paragraphs for your dummy content and execute the plan accordingly.</p><p style=\"color: rgb(33, 37, 41); font-family: -apple-system, BlinkMacSystemFont, &quot;Segoe UI&quot;, Roboto, &quot;Helvetica Neue&quot;, Arial, &quot;Noto Sans&quot;, &quot;Liberation Sans&quot;, sans-serif, &quot;Apple Color Emoji&quot;, &quot;Segoe UI Emoji&quot;, &quot;Segoe UI Symbol&quot;, &quot;Noto Color Emoji&quot;; font-size: 16px;\">You can use this tool at incrementors.com for free.</p><div><br></div>',	NULL,	NULL,	1,	'2025-03-19 08:34:27',	'2025-03-19 08:39:50'),
(3,	'Terms',	'terms',	'<p style=\"color: rgb(33, 37, 41); font-family: -apple-system, BlinkMacSystemFont, &quot;Segoe UI&quot;, Roboto, &quot;Helvetica Neue&quot;, Arial, &quot;Noto Sans&quot;, &quot;Liberation Sans&quot;, sans-serif, &quot;Apple Color Emoji&quot;, &quot;Segoe UI Emoji&quot;, &quot;Segoe UI Symbol&quot;, &quot;Noto Color Emoji&quot;; font-size: 16px;\">When using Lorem Ipsum for creating dummy content for your newly created website, you can select the text formats you want from the tool. Like, words, sentences, or paragraphs.</p><p style=\"color: rgb(33, 37, 41); font-family: -apple-system, BlinkMacSystemFont, &quot;Segoe UI&quot;, Roboto, &quot;Helvetica Neue&quot;, Arial, &quot;Noto Sans&quot;, &quot;Liberation Sans&quot;, sans-serif, &quot;Apple Color Emoji&quot;, &quot;Segoe UI Emoji&quot;, &quot;Segoe UI Symbol&quot;, &quot;Noto Color Emoji&quot;; font-size: 16px;\">Then, you can select whether you want HTML markup in your dummy content or not</p><p style=\"color: rgb(33, 37, 41); font-family: -apple-system, BlinkMacSystemFont, &quot;Segoe UI&quot;, Roboto, &quot;Helvetica Neue&quot;, Arial, &quot;Noto Sans&quot;, &quot;Liberation Sans&quot;, sans-serif, &quot;Apple Color Emoji&quot;, &quot;Segoe UI Emoji&quot;, &quot;Segoe UI Symbol&quot;, &quot;Noto Color Emoji&quot;; font-size: 16px;\">Then, you can choose the number of words and paragraphs for your dummy content and execute the plan accordingly.</p><p style=\"color: rgb(33, 37, 41); font-family: -apple-system, BlinkMacSystemFont, &quot;Segoe UI&quot;, Roboto, &quot;Helvetica Neue&quot;, Arial, &quot;Noto Sans&quot;, &quot;Liberation Sans&quot;, sans-serif, &quot;Apple Color Emoji&quot;, &quot;Segoe UI Emoji&quot;, &quot;Segoe UI Symbol&quot;, &quot;Noto Color Emoji&quot;; font-size: 16px;\">You can use this tool at incrementors.com for free.<br></p><p style=\"color: rgb(33, 37, 41); font-family: -apple-system, BlinkMacSystemFont, &quot;Segoe UI&quot;, Roboto, &quot;Helvetica Neue&quot;, Arial, &quot;Noto Sans&quot;, &quot;Liberation Sans&quot;, sans-serif, &quot;Apple Color Emoji&quot;, &quot;Segoe UI Emoji&quot;, &quot;Segoe UI Symbol&quot;, &quot;Noto Color Emoji&quot;; font-size: 16px;\">When using Lorem Ipsum for creating dummy content for your newly created website, you can select the text formats you want from the tool. Like, words, sentences, or paragraphs.</p><p style=\"color: rgb(33, 37, 41); font-family: -apple-system, BlinkMacSystemFont, &quot;Segoe UI&quot;, Roboto, &quot;Helvetica Neue&quot;, Arial, &quot;Noto Sans&quot;, &quot;Liberation Sans&quot;, sans-serif, &quot;Apple Color Emoji&quot;, &quot;Segoe UI Emoji&quot;, &quot;Segoe UI Symbol&quot;, &quot;Noto Color Emoji&quot;; font-size: 16px;\">Then, you can select whether you want HTML markup in your dummy content or not</p><p style=\"color: rgb(33, 37, 41); font-family: -apple-system, BlinkMacSystemFont, &quot;Segoe UI&quot;, Roboto, &quot;Helvetica Neue&quot;, Arial, &quot;Noto Sans&quot;, &quot;Liberation Sans&quot;, sans-serif, &quot;Apple Color Emoji&quot;, &quot;Segoe UI Emoji&quot;, &quot;Segoe UI Symbol&quot;, &quot;Noto Color Emoji&quot;; font-size: 16px;\">Then, you can choose the number of words and paragraphs for your dummy content and execute the plan accordingly.</p><p style=\"color: rgb(33, 37, 41); font-family: -apple-system, BlinkMacSystemFont, &quot;Segoe UI&quot;, Roboto, &quot;Helvetica Neue&quot;, Arial, &quot;Noto Sans&quot;, &quot;Liberation Sans&quot;, sans-serif, &quot;Apple Color Emoji&quot;, &quot;Segoe UI Emoji&quot;, &quot;Segoe UI Symbol&quot;, &quot;Noto Color Emoji&quot;; font-size: 16px;\">You can use this tool at incrementors.com for free.<br></p><p style=\"color: rgb(33, 37, 41); font-family: -apple-system, BlinkMacSystemFont, &quot;Segoe UI&quot;, Roboto, &quot;Helvetica Neue&quot;, Arial, &quot;Noto Sans&quot;, &quot;Liberation Sans&quot;, sans-serif, &quot;Apple Color Emoji&quot;, &quot;Segoe UI Emoji&quot;, &quot;Segoe UI Symbol&quot;, &quot;Noto Color Emoji&quot;; font-size: 16px;\">When using Lorem Ipsum for creating dummy content for your newly created website, you can select the text formats you want from the tool. Like, words, sentences, or paragraphs.</p><p style=\"color: rgb(33, 37, 41); font-family: -apple-system, BlinkMacSystemFont, &quot;Segoe UI&quot;, Roboto, &quot;Helvetica Neue&quot;, Arial, &quot;Noto Sans&quot;, &quot;Liberation Sans&quot;, sans-serif, &quot;Apple Color Emoji&quot;, &quot;Segoe UI Emoji&quot;, &quot;Segoe UI Symbol&quot;, &quot;Noto Color Emoji&quot;; font-size: 16px;\">Then, you can select whether you want HTML markup in your dummy content or not</p><p style=\"color: rgb(33, 37, 41); font-family: -apple-system, BlinkMacSystemFont, &quot;Segoe UI&quot;, Roboto, &quot;Helvetica Neue&quot;, Arial, &quot;Noto Sans&quot;, &quot;Liberation Sans&quot;, sans-serif, &quot;Apple Color Emoji&quot;, &quot;Segoe UI Emoji&quot;, &quot;Segoe UI Symbol&quot;, &quot;Noto Color Emoji&quot;; font-size: 16px;\">Then, you can choose the number of words and paragraphs for your dummy content and execute the plan accordingly.</p><p style=\"color: rgb(33, 37, 41); font-family: -apple-system, BlinkMacSystemFont, &quot;Segoe UI&quot;, Roboto, &quot;Helvetica Neue&quot;, Arial, &quot;Noto Sans&quot;, &quot;Liberation Sans&quot;, sans-serif, &quot;Apple Color Emoji&quot;, &quot;Segoe UI Emoji&quot;, &quot;Segoe UI Symbol&quot;, &quot;Noto Color Emoji&quot;; font-size: 16px;\">You can use this tool at incrementors.com for free.</p><div><br></div>',	NULL,	NULL,	1,	'2025-03-19 08:34:50',	'2025-03-19 08:39:42'),
(4,	'Privacy',	'privacy',	'<p style=\"color: rgb(33, 37, 41); font-family: -apple-system, BlinkMacSystemFont, &quot;Segoe UI&quot;, Roboto, &quot;Helvetica Neue&quot;, Arial, &quot;Noto Sans&quot;, &quot;Liberation Sans&quot;, sans-serif, &quot;Apple Color Emoji&quot;, &quot;Segoe UI Emoji&quot;, &quot;Segoe UI Symbol&quot;, &quot;Noto Color Emoji&quot;; font-size: 16px;\">When using Lorem Ipsum for creating dummy content for your newly created website, you can select the text formats you want from the tool. Like, words, sentences, or paragraphs.</p><p style=\"color: rgb(33, 37, 41); font-family: -apple-system, BlinkMacSystemFont, &quot;Segoe UI&quot;, Roboto, &quot;Helvetica Neue&quot;, Arial, &quot;Noto Sans&quot;, &quot;Liberation Sans&quot;, sans-serif, &quot;Apple Color Emoji&quot;, &quot;Segoe UI Emoji&quot;, &quot;Segoe UI Symbol&quot;, &quot;Noto Color Emoji&quot;; font-size: 16px;\">Then, you can select whether you want HTML markup in your dummy content or not</p><p style=\"color: rgb(33, 37, 41); font-family: -apple-system, BlinkMacSystemFont, &quot;Segoe UI&quot;, Roboto, &quot;Helvetica Neue&quot;, Arial, &quot;Noto Sans&quot;, &quot;Liberation Sans&quot;, sans-serif, &quot;Apple Color Emoji&quot;, &quot;Segoe UI Emoji&quot;, &quot;Segoe UI Symbol&quot;, &quot;Noto Color Emoji&quot;; font-size: 16px;\">Then, you can choose the number of words and paragraphs for your dummy content and execute the plan accordingly.</p><p style=\"color: rgb(33, 37, 41); font-family: -apple-system, BlinkMacSystemFont, &quot;Segoe UI&quot;, Roboto, &quot;Helvetica Neue&quot;, Arial, &quot;Noto Sans&quot;, &quot;Liberation Sans&quot;, sans-serif, &quot;Apple Color Emoji&quot;, &quot;Segoe UI Emoji&quot;, &quot;Segoe UI Symbol&quot;, &quot;Noto Color Emoji&quot;; font-size: 16px;\">You can use this tool at incrementors.com for free.</p><div><p style=\"color: rgb(33, 37, 41); font-family: -apple-system, BlinkMacSystemFont, &quot;Segoe UI&quot;, Roboto, &quot;Helvetica Neue&quot;, Arial, &quot;Noto Sans&quot;, &quot;Liberation Sans&quot;, sans-serif, &quot;Apple Color Emoji&quot;, &quot;Segoe UI Emoji&quot;, &quot;Segoe UI Symbol&quot;, &quot;Noto Color Emoji&quot;; font-size: 16px;\">When using Lorem Ipsum for creating dummy content for your newly created website, you can select the text formats you want from the tool. Like, words, sentences, or paragraphs.</p><p style=\"color: rgb(33, 37, 41); font-family: -apple-system, BlinkMacSystemFont, &quot;Segoe UI&quot;, Roboto, &quot;Helvetica Neue&quot;, Arial, &quot;Noto Sans&quot;, &quot;Liberation Sans&quot;, sans-serif, &quot;Apple Color Emoji&quot;, &quot;Segoe UI Emoji&quot;, &quot;Segoe UI Symbol&quot;, &quot;Noto Color Emoji&quot;; font-size: 16px;\">Then, you can select whether you want HTML markup in your dummy content or not</p><p style=\"color: rgb(33, 37, 41); font-family: -apple-system, BlinkMacSystemFont, &quot;Segoe UI&quot;, Roboto, &quot;Helvetica Neue&quot;, Arial, &quot;Noto Sans&quot;, &quot;Liberation Sans&quot;, sans-serif, &quot;Apple Color Emoji&quot;, &quot;Segoe UI Emoji&quot;, &quot;Segoe UI Symbol&quot;, &quot;Noto Color Emoji&quot;; font-size: 16px;\">Then, you can choose the number of words and paragraphs for your dummy content and execute the plan accordingly.</p><p style=\"color: rgb(33, 37, 41); font-family: -apple-system, BlinkMacSystemFont, &quot;Segoe UI&quot;, Roboto, &quot;Helvetica Neue&quot;, Arial, &quot;Noto Sans&quot;, &quot;Liberation Sans&quot;, sans-serif, &quot;Apple Color Emoji&quot;, &quot;Segoe UI Emoji&quot;, &quot;Segoe UI Symbol&quot;, &quot;Noto Color Emoji&quot;; font-size: 16px;\">You can use this tool at incrementors.com for free.</p></div><div><p style=\"color: rgb(33, 37, 41); font-family: -apple-system, BlinkMacSystemFont, &quot;Segoe UI&quot;, Roboto, &quot;Helvetica Neue&quot;, Arial, &quot;Noto Sans&quot;, &quot;Liberation Sans&quot;, sans-serif, &quot;Apple Color Emoji&quot;, &quot;Segoe UI Emoji&quot;, &quot;Segoe UI Symbol&quot;, &quot;Noto Color Emoji&quot;; font-size: 16px;\">When using Lorem Ipsum for creating dummy content for your newly created website, you can select the text formats you want from the tool. Like, words, sentences, or paragraphs.</p><p style=\"color: rgb(33, 37, 41); font-family: -apple-system, BlinkMacSystemFont, &quot;Segoe UI&quot;, Roboto, &quot;Helvetica Neue&quot;, Arial, &quot;Noto Sans&quot;, &quot;Liberation Sans&quot;, sans-serif, &quot;Apple Color Emoji&quot;, &quot;Segoe UI Emoji&quot;, &quot;Segoe UI Symbol&quot;, &quot;Noto Color Emoji&quot;; font-size: 16px;\">Then, you can select whether you want HTML markup in your dummy content or not</p><p style=\"color: rgb(33, 37, 41); font-family: -apple-system, BlinkMacSystemFont, &quot;Segoe UI&quot;, Roboto, &quot;Helvetica Neue&quot;, Arial, &quot;Noto Sans&quot;, &quot;Liberation Sans&quot;, sans-serif, &quot;Apple Color Emoji&quot;, &quot;Segoe UI Emoji&quot;, &quot;Segoe UI Symbol&quot;, &quot;Noto Color Emoji&quot;; font-size: 16px;\">Then, you can choose the number of words and paragraphs for your dummy content and execute the plan accordingly.</p><p style=\"color: rgb(33, 37, 41); font-family: -apple-system, BlinkMacSystemFont, &quot;Segoe UI&quot;, Roboto, &quot;Helvetica Neue&quot;, Arial, &quot;Noto Sans&quot;, &quot;Liberation Sans&quot;, sans-serif, &quot;Apple Color Emoji&quot;, &quot;Segoe UI Emoji&quot;, &quot;Segoe UI Symbol&quot;, &quot;Noto Color Emoji&quot;; font-size: 16px;\">You can use this tool at incrementors.com for free.</p></div><div><br></div>',	NULL,	NULL,	1,	'2025-03-19 08:40:17',	'2025-03-19 08:40:17');

DROP TABLE IF EXISTS `configurations`;
CREATE TABLE `configurations` (
  `id` bigint unsigned NOT NULL AUTO_INCREMENT,
  `name` varchar(255) CHARACTER SET utf8mb4 COLLATE utf8mb4_unicode_ci NOT NULL,
  `sort_by` int NOT NULL DEFAULT '1',
  `status` tinyint(1) NOT NULL,
  `action_by` varchar(255) CHARACTER SET utf8mb4 COLLATE utf8mb4_unicode_ci DEFAULT NULL,
  `action_name` varchar(255) CHARACTER SET utf8mb4 COLLATE utf8mb4_unicode_ci DEFAULT NULL,
  `created_at` timestamp NULL DEFAULT NULL,
  `updated_at` timestamp NULL DEFAULT NULL,
  PRIMARY KEY (`id`)
) ENGINE=InnoDB DEFAULT CHARSET=utf8mb4 COLLATE=utf8mb4_unicode_ci;

INSERT INTO `configurations` (`id`, `name`, `sort_by`, `status`, `action_by`, `action_name`, `created_at`, `updated_at`) VALUES
(1,	'2 BHK',	1,	1,	'admin@gmail.com',	'create',	NULL,	NULL),
(2,	'3 BHK',	2,	1,	'admin@gmail.com',	'create',	NULL,	NULL),
(3,	'2.5 BHK',	0,	1,	'admin@gmail.com',	'Creation',	'2025-03-03 07:02:26',	'2025-03-03 07:02:26'),
(4,	'3.5 BHK',	0,	1,	'admin@gmail.com',	'Creation',	'2025-03-03 07:02:38',	'2025-03-03 07:02:38'),
(5,	'4 BHK',	0,	1,	'admin@gmail.com',	'Creation',	'2025-03-03 07:02:47',	'2025-03-03 07:02:47'),
(6,	'4.5 BHK',	0,	1,	'admin@gmail.com',	'Creation',	'2025-03-03 07:02:59',	'2025-03-03 07:02:59'),
(7,	'5 BHK or more',	0,	1,	'admin@gmail.com',	'Creation',	'2025-03-03 07:03:26',	'2025-03-03 07:03:26'),
(8,	'Plot',	0,	1,	'admin@gmail.com',	'Creation',	'2025-03-03 07:03:36',	'2025-03-03 07:03:36');

DROP TABLE IF EXISTS `contacts`;
CREATE TABLE `contacts` (
  `id` bigint unsigned NOT NULL AUTO_INCREMENT,
  `name` varchar(255) COLLATE utf8mb4_unicode_ci NOT NULL,
  `email` varchar(255) COLLATE utf8mb4_unicode_ci NOT NULL,
  `subject` varchar(255) COLLATE utf8mb4_unicode_ci NOT NULL,
  `message` text COLLATE utf8mb4_unicode_ci NOT NULL,
  `created_at` timestamp NULL DEFAULT NULL,
  `updated_at` timestamp NULL DEFAULT NULL,
  PRIMARY KEY (`id`)
) ENGINE=InnoDB DEFAULT CHARSET=utf8mb4 COLLATE=utf8mb4_unicode_ci;

INSERT INTO `contacts` (`id`, `name`, `email`, `subject`, `message`, `created_at`, `updated_at`) VALUES
(1,	'santosh',	'sbhartimca09@gmail.com',	'test mail',	'xzccxxxc',	'2025-07-04 02:06:11',	'2025-07-04 02:06:11'),
(2,	'Prashant',	'prashant@gmail.com',	'this is test mail',	'Eirmod sed tempor lorem ut dolores. Aliquyam sit sadipscing kasd ipsum. Dolor ea et dolore et at sea ea at dolor, justo ipsum duo rebum sea invidunt voluptua. Eos vero eos vero ea et dolore eirmod et. Dolores diam duo invidunt lorem. Elitr ut dolores magna sit. Sea dolore sanctus sed et. Takimata takimata sanctus sed.Eirmod sed tempor lorem ut dolores. Aliquyam sit sadipscing kasd ipsum. Dolor ea et dolore et at sea ea at dolor, justo ipsum duo rebum sea invidunt voluptua. Eos vero eos vero ea et dolore eirmod et. Dolores diam duo invidunt lorem. Elitr ut dolores magna sit. Sea dolore sanctus sed et. Takimata takimata sanctus sed.',	'2025-07-04 02:06:57',	'2025-07-04 02:06:57'),
(3,	'Pawan',	'pawan@gmail.com',	'this is test mail',	'Eirmod sed tempor lorem ut dolores. Aliquyam sit sadipscing kasd ipsum. Dolor ea et dolore et at sea ea at dolor, justo ipsum duo rebum sea invidunt voluptua. Eos vero eos vero ea et dolore eirmod et. Dolores diam duo invidunt lorem. Elitr ut dolores magna sit. Sea dolore sanctus sed et. Takimata takimata sanctus sed.Eirmod sed tempor lorem ut dolores. Aliquyam sit sadipscing kasd ipsum. Dolor ea et dolore et at sea ea at dolor, justo ipsum duo rebum sea invidunt voluptua. Eos vero eos vero ea et dolore eirmod et. Dolores diam duo invidunt lorem. Elitr ut dolores magna sit. Sea dolore sanctus sed et. Takimata takimata sanctus sed.',	'2025-07-04 02:14:15',	'2025-07-04 02:14:15'),
(4,	'santosh',	'sbhartimca09@gmail.com',	'test mail',	'dsasads',	'2025-07-17 09:58:03',	'2025-07-17 09:58:03');

DROP TABLE IF EXISTS `countries`;
CREATE TABLE `countries` (
  `id` bigint unsigned NOT NULL AUTO_INCREMENT,
  `name` varchar(255) CHARACTER SET utf8mb4 COLLATE utf8mb4_unicode_ci NOT NULL,
  `status` tinyint(1) NOT NULL DEFAULT '1',
  `action_by` varchar(255) CHARACTER SET utf8mb4 COLLATE utf8mb4_unicode_ci DEFAULT NULL,
  `action_name` varchar(255) CHARACTER SET utf8mb4 COLLATE utf8mb4_unicode_ci DEFAULT NULL,
  `created_at` timestamp NULL DEFAULT NULL,
  `updated_at` timestamp NULL DEFAULT NULL,
  PRIMARY KEY (`id`)
) ENGINE=InnoDB DEFAULT CHARSET=utf8mb4 COLLATE=utf8mb4_unicode_ci;

INSERT INTO `countries` (`id`, `name`, `status`, `action_by`, `action_name`, `created_at`, `updated_at`) VALUES
(1,	'Dubai',	1,	'admin@gmail.com',	'create',	NULL,	NULL),
(2,	'Abu Dhabi',	1,	'admin@gmail.com',	'create',	NULL,	NULL),
(3,	'Sharjah',	1,	'admin@gmail.com',	'create',	NULL,	NULL),
(4,	'Ajman',	1,	'admin@gmail.com',	'create',	NULL,	NULL),
(5,	'Ras Al Khaimah',	1,	'admin@gmail.com',	'create',	NULL,	NULL),
(6,	'Al Ain',	1,	'admin@gmail.com',	'create',	NULL,	NULL),
(7,	'Fujairah',	1,	'admin@gmail.com',	'create',	NULL,	NULL);

DROP TABLE IF EXISTS `failed_jobs`;
CREATE TABLE `failed_jobs` (
  `id` bigint unsigned NOT NULL AUTO_INCREMENT,
  `uuid` varchar(255) CHARACTER SET utf8mb4 COLLATE utf8mb4_unicode_ci NOT NULL,
  `connection` text CHARACTER SET utf8mb4 COLLATE utf8mb4_unicode_ci NOT NULL,
  `queue` text CHARACTER SET utf8mb4 COLLATE utf8mb4_unicode_ci NOT NULL,
  `payload` longtext CHARACTER SET utf8mb4 COLLATE utf8mb4_unicode_ci NOT NULL,
  `exception` longtext CHARACTER SET utf8mb4 COLLATE utf8mb4_unicode_ci NOT NULL,
  `failed_at` timestamp NOT NULL DEFAULT CURRENT_TIMESTAMP,
  PRIMARY KEY (`id`),
  UNIQUE KEY `failed_jobs_uuid_unique` (`uuid`)
) ENGINE=InnoDB DEFAULT CHARSET=utf8mb4 COLLATE=utf8mb4_unicode_ci;


DROP TABLE IF EXISTS `floor_images`;
CREATE TABLE `floor_images` (
  `id` bigint unsigned NOT NULL AUTO_INCREMENT,
  `property_id` bigint unsigned NOT NULL,
  `image` varchar(255) CHARACTER SET utf8mb4 COLLATE utf8mb4_unicode_ci NOT NULL,
  `created_at` timestamp NULL DEFAULT NULL,
  `updated_at` timestamp NULL DEFAULT NULL,
  PRIMARY KEY (`id`),
  KEY `floor_images_property_id_foreign` (`property_id`),
  CONSTRAINT `floor_images_property_id_foreign` FOREIGN KEY (`property_id`) REFERENCES `properties` (`id`) ON DELETE CASCADE
) ENGINE=InnoDB DEFAULT CHARSET=utf8mb4 COLLATE=utf8mb4_unicode_ci;

INSERT INTO `floor_images` (`id`, `property_id`, `image`, `created_at`, `updated_at`) VALUES
(1,	1,	'uploads/1741007685_home1.png',	'2025-03-03 07:44:45',	'2025-03-03 07:44:45'),
(2,	2,	'uploads/1741007848_home2.png',	'2025-03-03 07:47:28',	'2025-03-03 07:47:28'),
(3,	3,	'uploads/1741007892_home3.png',	'2025-03-03 07:48:12',	'2025-03-03 07:48:12'),
(4,	4,	'uploads/1741007925_home4.png',	'2025-03-03 07:48:45',	'2025-03-03 07:48:45'),
(5,	5,	'uploads/1741007987_home4.png',	'2025-03-03 07:49:47',	'2025-03-03 07:49:47'),
(6,	6,	'uploads/1741008086_home1.png',	'2025-03-03 07:51:26',	'2025-03-03 07:51:26'),
(7,	7,	'uploads/1741008304_home2.png',	'2025-03-03 07:55:04',	'2025-03-03 07:55:04'),
(8,	8,	'uploads/1741010168_home1.png',	'2025-03-03 08:26:08',	'2025-03-03 08:26:08'),
(9,	9,	'uploads/1741010213_home2.png',	'2025-03-03 08:26:53',	'2025-03-03 08:26:53'),
(11,	1,	'uploads/1742538638_h3.png',	'2025-03-21 01:00:38',	'2025-03-21 01:00:38'),
(12,	1,	'uploads/1742538638_h4.png',	'2025-03-21 01:00:38',	'2025-03-21 01:00:38'),
(13,	1,	'uploads/1742538638_h5.png',	'2025-03-21 01:00:38',	'2025-03-21 01:00:38'),
(14,	1,	'uploads/1742538638_h6.png',	'2025-03-21 01:00:38',	'2025-03-21 01:00:38');

DROP TABLE IF EXISTS `get_in_touches`;
CREATE TABLE `get_in_touches` (
  `id` bigint unsigned NOT NULL AUTO_INCREMENT,
  `name` varchar(255) CHARACTER SET utf8mb4 COLLATE utf8mb4_unicode_ci NOT NULL,
  `phone` varchar(255) CHARACTER SET utf8mb4 COLLATE utf8mb4_unicode_ci NOT NULL,
  `email` varchar(255) CHARACTER SET utf8mb4 COLLATE utf8mb4_unicode_ci NOT NULL,
  `asset_type` varchar(255) CHARACTER SET utf8mb4 COLLATE utf8mb4_unicode_ci NOT NULL,
  `seller_id` bigint unsigned NOT NULL,
  `seller_email` varchar(255) CHARACTER SET utf8mb4 COLLATE utf8mb4_unicode_ci NOT NULL,
  `asset_id` bigint unsigned NOT NULL,
  `agree_to_contact` tinyint(1) NOT NULL DEFAULT '1',
  `created_at` timestamp NULL DEFAULT NULL,
  `updated_at` timestamp NULL DEFAULT NULL,
  PRIMARY KEY (`id`)
) ENGINE=InnoDB DEFAULT CHARSET=utf8mb4 COLLATE=utf8mb4_unicode_ci;

INSERT INTO `get_in_touches` (`id`, `name`, `phone`, `email`, `asset_type`, `seller_id`, `seller_email`, `asset_id`, `agree_to_contact`, `created_at`, `updated_at`) VALUES
(1,	'User',	'9899898529',	'user@gmail.com',	'property',	3,	'seller@gmail.com',	9,	1,	'2025-03-18 02:00:53',	'2025-03-18 02:00:53'),
(2,	'User property',	'9899898529',	'user@test.com',	'property',	3,	'seller@gmail.com',	9,	1,	'2025-03-18 02:08:26',	'2025-03-18 02:08:26'),
(3,	'Usercar',	'9899898529',	'usercar@gmail.com',	'car',	3,	'seller@gmail.com',	8,	1,	'2025-03-18 02:27:02',	'2025-03-18 02:27:02'),
(4,	'User',	'9899898529',	'user@gmail.com',	'car',	3,	'seller@gmail.com',	8,	1,	'2025-03-18 02:41:05',	'2025-03-18 02:41:05'),
(5,	'User vishal',	'9899898529',	'user@gmail.com',	'property',	3,	'seller@gmail.com',	1,	1,	'2025-03-18 02:42:44',	'2025-03-18 02:42:44'),
(6,	'User',	'9899898529',	'user@gmail.com',	'car',	3,	'seller@gmail.com',	8,	1,	'2025-03-18 03:00:19',	'2025-03-18 03:00:19'),
(7,	'Usercascas',	'9899898529',	'user@gmaidal.com',	'car',	3,	'seller@gmail.com',	8,	1,	'2025-03-18 04:13:30',	'2025-03-18 04:13:30'),
(8,	'Usercasca',	'9899898529',	'user@gmail.com',	'car',	3,	'seller@gmail.com',	8,	1,	'2025-03-18 04:19:52',	'2025-03-18 04:19:52'),
(9,	'Userdqdq',	'9899898529',	'user@gmail.com',	'property',	3,	'seller@gmail.com',	1,	1,	'2025-03-18 04:20:02',	'2025-03-18 04:20:02'),
(10,	'Userdetail',	'9899898529',	'userdeatil@gmail.com',	'property',	3,	'seller@gmail.com',	1,	1,	'2025-03-18 04:25:00',	'2025-03-18 04:25:00'),
(11,	'Usercar',	'9899898529',	'usercardetails@gmail.com',	'car',	3,	'seller@gmail.com',	8,	1,	'2025-03-18 04:31:50',	'2025-03-18 04:31:50'),
(12,	'User',	'9899898529',	'user@gmail.com',	'property',	3,	'seller@gmail.com',	8,	1,	'2025-03-18 07:11:04',	'2025-03-18 07:11:04'),
(13,	'vikram',	'8888888888',	'vikjram@gmail.com',	'property',	3,	'seller@gmail.com',	6,	1,	'2025-03-18 08:36:18',	'2025-03-18 08:36:18'),
(14,	'vishal',	'8285408859',	'vishalp@gmail.com',	'property',	3,	'seller@gmail.com',	2,	1,	'2025-03-18 08:45:39',	'2025-03-18 08:45:39'),
(15,	'carpdp',	'7412589632',	'carpdp@gmail.com',	'car',	3,	'seller@gmail.com',	8,	1,	'2025-03-18 08:48:34',	'2025-03-18 08:48:34'),
(16,	'shyam',	'789654125',	'shyam@gmail.com',	'property',	3,	'seller@gmail.com',	1,	1,	'2025-03-19 07:04:36',	'2025-03-19 07:04:36'),
(17,	'Stanley',	'9999999999',	'sonu@gmail.com',	'property',	3,	'seller@gmail.com',	2,	1,	'2025-03-19 07:06:32',	'2025-03-19 07:06:32');

DROP TABLE IF EXISTS `home_banners`;
CREATE TABLE `home_banners` (
  `id` bigint unsigned NOT NULL AUTO_INCREMENT,
  `heading1` varchar(255) COLLATE utf8mb4_unicode_ci NOT NULL,
  `heading2` varchar(255) COLLATE utf8mb4_unicode_ci NOT NULL,
  `link` varchar(255) COLLATE utf8mb4_unicode_ci NOT NULL,
  `image` varchar(255) COLLATE utf8mb4_unicode_ci NOT NULL,
  `status` enum('active','inactive') COLLATE utf8mb4_unicode_ci NOT NULL DEFAULT 'active',
  `created_at` timestamp NULL DEFAULT NULL,
  `updated_at` timestamp NULL DEFAULT NULL,
  PRIMARY KEY (`id`)
) ENGINE=InnoDB DEFAULT CHARSET=utf8mb4 COLLATE=utf8mb4_unicode_ci;

INSERT INTO `home_banners` (`id`, `heading1`, `heading2`, `link`, `image`, `status`, `created_at`, `updated_at`) VALUES
(1,	'Creative & Innovativesdafgdhfyjgkhjl;\"?',	'Creative & Innovative Digital Solutionssdfdffghjkl;',	'#',	'http://127.0.0.1:8000/uploads/media_682ef982004b2.jpg',	'active',	'2025-05-22 04:42:53',	'2025-06-05 04:28:52'),
(2,	'Creative & Innovative',	'Creative & Innovative Digital Solution',	'#',	'http://127.0.0.1:8000/uploads/media_682ef9ab0f71a.jpg',	'active',	'2025-05-22 04:47:15',	'2025-05-23 08:02:08'),
(3,	'xvc',	'cvvc b',	'#',	'http://127.0.0.1:8000/uploads/media_6830790ea2d31.jpg',	'active',	'2025-05-23 08:03:02',	'2025-05-23 08:03:02'),
(4,	'santosh kumar bharti',	'kumar',	'Vjopra kamina',	'http://127.0.0.1:8000/uploads/media_6852750f94c7d.jpg',	'active',	'2025-06-18 02:43:03',	'2025-06-18 02:43:50');

DROP TABLE IF EXISTS `log_histories`;
CREATE TABLE `log_histories` (
  `id` bigint unsigned NOT NULL AUTO_INCREMENT,
  `type` varchar(255) CHARACTER SET utf8mb4 COLLATE utf8mb4_unicode_ci NOT NULL,
  `action` varchar(255) CHARACTER SET utf8mb4 COLLATE utf8mb4_unicode_ci NOT NULL,
  `record_id` int NOT NULL,
  `previous_data` json DEFAULT NULL,
  `updated_data` json DEFAULT NULL,
  `created_by` varchar(255) CHARACTER SET utf8mb4 COLLATE utf8mb4_unicode_ci NOT NULL,
  `created_at` timestamp NULL DEFAULT NULL,
  `updated_at` timestamp NULL DEFAULT NULL,
  PRIMARY KEY (`id`)
) ENGINE=InnoDB DEFAULT CHARSET=utf8mb4 COLLATE=utf8mb4_unicode_ci;

INSERT INTO `log_histories` (`id`, `type`, `action`, `record_id`, `previous_data`, `updated_data`, `created_by`, `created_at`, `updated_at`) VALUES
(1,	'property_sub_category',	'update',	2,	'\"{\\\"category_id\\\":2}\"',	'\"{\\\"category_id\\\":\\\"1\\\"}\"',	'admin@gmail.com',	'2025-03-03 06:58:18',	'2025-03-03 06:58:18'),
(2,	'property_sub_category',	'create',	3,	NULL,	'\"{\\\"subcategory_name\\\":\\\"Condominiums\\\",\\\"category_id\\\":\\\"1\\\",\\\"sort_by\\\":\\\"0\\\",\\\"status\\\":\\\"1\\\",\\\"action_by\\\":\\\"admin@gmail.com\\\",\\\"action_name\\\":\\\"Create\\\",\\\"updated_at\\\":\\\"2025-03-03T12:28:28.000000Z\\\",\\\"created_at\\\":\\\"2025-03-03T12:28:28.000000Z\\\",\\\"id\\\":3}\"',	'admin@gmail.com',	'2025-03-03 06:58:28',	'2025-03-03 06:58:28'),
(3,	'property_sub_category',	'create',	4,	NULL,	'\"{\\\"subcategory_name\\\":\\\"Plots\\\",\\\"category_id\\\":\\\"1\\\",\\\"sort_by\\\":\\\"0\\\",\\\"status\\\":\\\"1\\\",\\\"action_by\\\":\\\"admin@gmail.com\\\",\\\"action_name\\\":\\\"Create\\\",\\\"updated_at\\\":\\\"2025-03-03T12:28:43.000000Z\\\",\\\"created_at\\\":\\\"2025-03-03T12:28:43.000000Z\\\",\\\"id\\\":4}\"',	'admin@gmail.com',	'2025-03-03 06:58:43',	'2025-03-03 06:58:43'),
(4,	'property_sub_category',	'create',	5,	NULL,	'\"{\\\"subcategory_name\\\":\\\"Office Space\\\",\\\"category_id\\\":\\\"2\\\",\\\"sort_by\\\":\\\"0\\\",\\\"status\\\":\\\"1\\\",\\\"action_by\\\":\\\"admin@gmail.com\\\",\\\"action_name\\\":\\\"Create\\\",\\\"updated_at\\\":\\\"2025-03-03T12:28:56.000000Z\\\",\\\"created_at\\\":\\\"2025-03-03T12:28:56.000000Z\\\",\\\"id\\\":5}\"',	'admin@gmail.com',	'2025-03-03 06:58:56',	'2025-03-03 06:58:56'),
(5,	'property_sub_category',	'create',	6,	NULL,	'\"{\\\"subcategory_name\\\":\\\"Retail Stores\\\",\\\"category_id\\\":\\\"2\\\",\\\"sort_by\\\":\\\"0\\\",\\\"status\\\":\\\"1\\\",\\\"action_by\\\":\\\"admin@gmail.com\\\",\\\"action_name\\\":\\\"Create\\\",\\\"updated_at\\\":\\\"2025-03-03T12:29:18.000000Z\\\",\\\"created_at\\\":\\\"2025-03-03T12:29:18.000000Z\\\",\\\"id\\\":6}\"',	'admin@gmail.com',	'2025-03-03 06:59:18',	'2025-03-03 06:59:18'),
(6,	'property_sub_category',	'create',	7,	NULL,	'\"{\\\"subcategory_name\\\":\\\"Warehouses\\\",\\\"category_id\\\":\\\"2\\\",\\\"sort_by\\\":\\\"0\\\",\\\"status\\\":\\\"1\\\",\\\"action_by\\\":\\\"admin@gmail.com\\\",\\\"action_name\\\":\\\"Create\\\",\\\"updated_at\\\":\\\"2025-03-03T12:29:39.000000Z\\\",\\\"created_at\\\":\\\"2025-03-03T12:29:39.000000Z\\\",\\\"id\\\":7}\"',	'admin@gmail.com',	'2025-03-03 06:59:39',	'2025-03-03 06:59:39'),
(7,	'property_sub_category',	'create',	8,	NULL,	'\"{\\\"subcategory_name\\\":\\\"Industrial Land\\\",\\\"category_id\\\":\\\"2\\\",\\\"sort_by\\\":\\\"0\\\",\\\"status\\\":\\\"1\\\",\\\"action_by\\\":\\\"admin@gmail.com\\\",\\\"action_name\\\":\\\"Create\\\",\\\"updated_at\\\":\\\"2025-03-03T12:30:37.000000Z\\\",\\\"created_at\\\":\\\"2025-03-03T12:30:37.000000Z\\\",\\\"id\\\":8}\"',	'admin@gmail.com',	'2025-03-03 07:00:37',	'2025-03-03 07:00:37'),
(8,	'property_configuration',	'create',	3,	NULL,	'\"{\\\"name\\\":\\\"2.5 BHK\\\",\\\"sort_by\\\":\\\"0\\\",\\\"status\\\":\\\"1\\\",\\\"action_by\\\":\\\"admin@gmail.com\\\",\\\"action_name\\\":\\\"Creation\\\",\\\"updated_at\\\":\\\"2025-03-03T12:32:26.000000Z\\\",\\\"created_at\\\":\\\"2025-03-03T12:32:26.000000Z\\\",\\\"id\\\":3}\"',	'admin@gmail.com',	'2025-03-03 07:02:26',	'2025-03-03 07:02:26'),
(9,	'property_configuration',	'create',	4,	NULL,	'\"{\\\"name\\\":\\\"3.5 BHK\\\",\\\"sort_by\\\":\\\"0\\\",\\\"status\\\":\\\"1\\\",\\\"action_by\\\":\\\"admin@gmail.com\\\",\\\"action_name\\\":\\\"Creation\\\",\\\"updated_at\\\":\\\"2025-03-03T12:32:38.000000Z\\\",\\\"created_at\\\":\\\"2025-03-03T12:32:38.000000Z\\\",\\\"id\\\":4}\"',	'admin@gmail.com',	'2025-03-03 07:02:38',	'2025-03-03 07:02:38'),
(10,	'property_configuration',	'create',	5,	NULL,	'\"{\\\"name\\\":\\\"4 BHK\\\",\\\"sort_by\\\":\\\"0\\\",\\\"status\\\":\\\"1\\\",\\\"action_by\\\":\\\"admin@gmail.com\\\",\\\"action_name\\\":\\\"Creation\\\",\\\"updated_at\\\":\\\"2025-03-03T12:32:47.000000Z\\\",\\\"created_at\\\":\\\"2025-03-03T12:32:47.000000Z\\\",\\\"id\\\":5}\"',	'admin@gmail.com',	'2025-03-03 07:02:47',	'2025-03-03 07:02:47'),
(11,	'property_configuration',	'create',	6,	NULL,	'\"{\\\"name\\\":\\\"4.5 BHK\\\",\\\"sort_by\\\":\\\"0\\\",\\\"status\\\":\\\"1\\\",\\\"action_by\\\":\\\"admin@gmail.com\\\",\\\"action_name\\\":\\\"Creation\\\",\\\"updated_at\\\":\\\"2025-03-03T12:32:59.000000Z\\\",\\\"created_at\\\":\\\"2025-03-03T12:32:59.000000Z\\\",\\\"id\\\":6}\"',	'admin@gmail.com',	'2025-03-03 07:02:59',	'2025-03-03 07:02:59'),
(12,	'property_configuration',	'create',	7,	NULL,	'\"{\\\"name\\\":\\\"5 BHK or more\\\",\\\"sort_by\\\":\\\"0\\\",\\\"status\\\":\\\"1\\\",\\\"action_by\\\":\\\"admin@gmail.com\\\",\\\"action_name\\\":\\\"Creation\\\",\\\"updated_at\\\":\\\"2025-03-03T12:33:26.000000Z\\\",\\\"created_at\\\":\\\"2025-03-03T12:33:26.000000Z\\\",\\\"id\\\":7}\"',	'admin@gmail.com',	'2025-03-03 07:03:26',	'2025-03-03 07:03:26'),
(13,	'property_configuration',	'create',	8,	NULL,	'\"{\\\"name\\\":\\\"Plot\\\",\\\"sort_by\\\":\\\"0\\\",\\\"status\\\":\\\"1\\\",\\\"action_by\\\":\\\"admin@gmail.com\\\",\\\"action_name\\\":\\\"Creation\\\",\\\"updated_at\\\":\\\"2025-03-03T12:33:36.000000Z\\\",\\\"created_at\\\":\\\"2025-03-03T12:33:36.000000Z\\\",\\\"id\\\":8}\"',	'admin@gmail.com',	'2025-03-03 07:03:36',	'2025-03-03 07:03:36'),
(14,	'property_amenitie',	'create',	3,	NULL,	'\"{\\\"name\\\":\\\"Gym\\\",\\\"sort_by\\\":\\\"0\\\",\\\"status\\\":\\\"1\\\",\\\"action_by\\\":\\\"admin@gmail.com\\\",\\\"action_name\\\":\\\"Amenitie Creation\\\",\\\"updated_at\\\":\\\"2025-03-03T12:33:55.000000Z\\\",\\\"created_at\\\":\\\"2025-03-03T12:33:55.000000Z\\\",\\\"id\\\":3}\"',	'admin@gmail.com',	'2025-03-03 07:03:55',	'2025-03-03 07:03:55'),
(15,	'car_category',	'create',	3,	NULL,	'\"{\\\"name\\\":\\\"Vehicle Type\\\",\\\"slug\\\":\\\"vehicle-type\\\",\\\"sort_by\\\":\\\"0\\\",\\\"status\\\":\\\"1\\\",\\\"action_by\\\":\\\"admin@gmail.com\\\",\\\"action_name\\\":\\\"Creation\\\",\\\"updated_at\\\":\\\"2025-03-03T12:34:16.000000Z\\\",\\\"created_at\\\":\\\"2025-03-03T12:34:16.000000Z\\\",\\\"id\\\":3}\"',	'admin@gmail.com',	'2025-03-03 07:04:16',	'2025-03-03 07:04:16'),
(16,	'car_category',	'create',	4,	NULL,	'\"{\\\"name\\\":\\\"Fuel Type\\\",\\\"slug\\\":\\\"fuel-type\\\",\\\"sort_by\\\":\\\"0\\\",\\\"status\\\":\\\"1\\\",\\\"action_by\\\":\\\"admin@gmail.com\\\",\\\"action_name\\\":\\\"Creation\\\",\\\"updated_at\\\":\\\"2025-03-03T12:34:26.000000Z\\\",\\\"created_at\\\":\\\"2025-03-03T12:34:26.000000Z\\\",\\\"id\\\":4}\"',	'admin@gmail.com',	'2025-03-03 07:04:26',	'2025-03-03 07:04:26'),
(17,	'car_category',	'create',	5,	NULL,	'\"{\\\"name\\\":\\\"Body Style\\\",\\\"slug\\\":\\\"body-style\\\",\\\"sort_by\\\":\\\"0\\\",\\\"status\\\":\\\"1\\\",\\\"action_by\\\":\\\"admin@gmail.com\\\",\\\"action_name\\\":\\\"Creation\\\",\\\"updated_at\\\":\\\"2025-03-03T12:34:38.000000Z\\\",\\\"created_at\\\":\\\"2025-03-03T12:34:38.000000Z\\\",\\\"id\\\":5}\"',	'admin@gmail.com',	'2025-03-03 07:04:38',	'2025-03-03 07:04:38'),
(18,	'car_category',	'create',	6,	NULL,	'\"{\\\"name\\\":\\\"Condition\\\",\\\"slug\\\":\\\"condition\\\",\\\"sort_by\\\":\\\"0\\\",\\\"status\\\":\\\"1\\\",\\\"action_by\\\":\\\"admin@gmail.com\\\",\\\"action_name\\\":\\\"Creation\\\",\\\"updated_at\\\":\\\"2025-03-03T12:34:47.000000Z\\\",\\\"created_at\\\":\\\"2025-03-03T12:34:47.000000Z\\\",\\\"id\\\":6}\"',	'admin@gmail.com',	'2025-03-03 07:04:47',	'2025-03-03 07:04:47'),
(19,	'car_category',	'create',	7,	NULL,	'\"{\\\"name\\\":\\\"Mileage\\\",\\\"slug\\\":\\\"mileage\\\",\\\"sort_by\\\":\\\"0\\\",\\\"status\\\":\\\"1\\\",\\\"action_by\\\":\\\"admin@gmail.com\\\",\\\"action_name\\\":\\\"Creation\\\",\\\"updated_at\\\":\\\"2025-03-03T12:34:55.000000Z\\\",\\\"created_at\\\":\\\"2025-03-03T12:34:55.000000Z\\\",\\\"id\\\":7}\"',	'admin@gmail.com',	'2025-03-03 07:04:55',	'2025-03-03 07:04:55'),
(20,	'car_category',	'create',	8,	NULL,	'\"{\\\"name\\\":\\\"Brand Manufacturer\\\",\\\"slug\\\":\\\"brand-manufacturer\\\",\\\"sort_by\\\":\\\"0\\\",\\\"status\\\":\\\"1\\\",\\\"action_by\\\":\\\"admin@gmail.com\\\",\\\"action_name\\\":\\\"Creation\\\",\\\"updated_at\\\":\\\"2025-03-03T12:35:07.000000Z\\\",\\\"created_at\\\":\\\"2025-03-03T12:35:07.000000Z\\\",\\\"id\\\":8}\"',	'admin@gmail.com',	'2025-03-03 07:05:07',	'2025-03-03 07:05:07'),
(21,	'car_category',	'create',	9,	NULL,	'\"{\\\"name\\\":\\\"Advanced Features\\\",\\\"slug\\\":\\\"advanced-features\\\",\\\"sort_by\\\":\\\"0\\\",\\\"status\\\":\\\"1\\\",\\\"action_by\\\":\\\"admin@gmail.com\\\",\\\"action_name\\\":\\\"Creation\\\",\\\"updated_at\\\":\\\"2025-03-03T12:35:23.000000Z\\\",\\\"created_at\\\":\\\"2025-03-03T12:35:23.000000Z\\\",\\\"id\\\":9}\"',	'admin@gmail.com',	'2025-03-03 07:05:23',	'2025-03-03 07:05:23'),
(22,	'car_feature',	'update',	1,	'\"{\\\"carcategory_id\\\":1}\"',	'\"{\\\"carcategory_id\\\":\\\"3\\\"}\"',	'admin@gmail.com',	'2025-03-03 07:06:16',	'2025-03-03 07:06:16'),
(23,	'car_feature',	'update',	2,	'\"{\\\"carcategory_id\\\":1}\"',	'\"{\\\"carcategory_id\\\":\\\"3\\\"}\"',	'admin@gmail.com',	'2025-03-03 07:06:27',	'2025-03-03 07:06:27'),
(24,	'car_feature',	'create',	3,	NULL,	'\"{\\\"feature_name\\\":\\\"SUVs (Sports Utility Vehicles)\\\",\\\"carcategory_id\\\":\\\"3\\\",\\\"sort_by\\\":\\\"0\\\",\\\"status\\\":\\\"1\\\",\\\"action_by\\\":\\\"admin@gmail.com\\\",\\\"action_name\\\":\\\"Creation\\\",\\\"updated_at\\\":\\\"2025-03-03T12:36:48.000000Z\\\",\\\"created_at\\\":\\\"2025-03-03T12:36:48.000000Z\\\",\\\"id\\\":3}\"',	'admin@gmail.com',	'2025-03-03 07:06:48',	'2025-03-03 07:06:48'),
(25,	'car_feature',	'create',	4,	NULL,	'\"{\\\"feature_name\\\":\\\"Coupes\\\",\\\"carcategory_id\\\":\\\"3\\\",\\\"sort_by\\\":\\\"0\\\",\\\"status\\\":\\\"1\\\",\\\"action_by\\\":\\\"admin@gmail.com\\\",\\\"action_name\\\":\\\"Creation\\\",\\\"updated_at\\\":\\\"2025-03-03T12:37:01.000000Z\\\",\\\"created_at\\\":\\\"2025-03-03T12:37:01.000000Z\\\",\\\"id\\\":4}\"',	'admin@gmail.com',	'2025-03-03 07:07:01',	'2025-03-03 07:07:01'),
(26,	'car_feature',	'create',	5,	NULL,	'\"{\\\"feature_name\\\":\\\"Convertibles\\\",\\\"carcategory_id\\\":\\\"3\\\",\\\"sort_by\\\":\\\"0\\\",\\\"status\\\":\\\"1\\\",\\\"action_by\\\":\\\"admin@gmail.com\\\",\\\"action_name\\\":\\\"Creation\\\",\\\"updated_at\\\":\\\"2025-03-03T12:37:15.000000Z\\\",\\\"created_at\\\":\\\"2025-03-03T12:37:15.000000Z\\\",\\\"id\\\":5}\"',	'admin@gmail.com',	'2025-03-03 07:07:15',	'2025-03-03 07:07:15'),
(27,	'car_feature',	'create',	6,	NULL,	'\"{\\\"feature_name\\\":\\\"Pickup Trucks\\\",\\\"carcategory_id\\\":\\\"3\\\",\\\"sort_by\\\":\\\"0\\\",\\\"status\\\":\\\"1\\\",\\\"action_by\\\":\\\"admin@gmail.com\\\",\\\"action_name\\\":\\\"Creation\\\",\\\"updated_at\\\":\\\"2025-03-03T12:37:26.000000Z\\\",\\\"created_at\\\":\\\"2025-03-03T12:37:26.000000Z\\\",\\\"id\\\":6}\"',	'admin@gmail.com',	'2025-03-03 07:07:26',	'2025-03-03 07:07:26'),
(28,	'car_feature',	'create',	7,	NULL,	'\"{\\\"feature_name\\\":\\\"Vans\\\",\\\"carcategory_id\\\":\\\"3\\\",\\\"sort_by\\\":\\\"0\\\",\\\"status\\\":\\\"1\\\",\\\"action_by\\\":\\\"admin@gmail.com\\\",\\\"action_name\\\":\\\"Creation\\\",\\\"updated_at\\\":\\\"2025-03-03T12:37:35.000000Z\\\",\\\"created_at\\\":\\\"2025-03-03T12:37:35.000000Z\\\",\\\"id\\\":7}\"',	'admin@gmail.com',	'2025-03-03 07:07:35',	'2025-03-03 07:07:35'),
(29,	'car_feature',	'create',	8,	NULL,	'\"{\\\"feature_name\\\":\\\"Station Wagons\\\",\\\"carcategory_id\\\":\\\"3\\\",\\\"sort_by\\\":\\\"0\\\",\\\"status\\\":\\\"1\\\",\\\"action_by\\\":\\\"admin@gmail.com\\\",\\\"action_name\\\":\\\"Creation\\\",\\\"updated_at\\\":\\\"2025-03-03T12:37:44.000000Z\\\",\\\"created_at\\\":\\\"2025-03-03T12:37:44.000000Z\\\",\\\"id\\\":8}\"',	'admin@gmail.com',	'2025-03-03 07:07:44',	'2025-03-03 07:07:44'),
(30,	'car_feature',	'create',	9,	NULL,	'\"{\\\"feature_name\\\":\\\"Electric Vehicles (EVs)\\\",\\\"carcategory_id\\\":\\\"3\\\",\\\"sort_by\\\":\\\"0\\\",\\\"status\\\":\\\"1\\\",\\\"action_by\\\":\\\"admin@gmail.com\\\",\\\"action_name\\\":\\\"Creation\\\",\\\"updated_at\\\":\\\"2025-03-03T12:37:52.000000Z\\\",\\\"created_at\\\":\\\"2025-03-03T12:37:52.000000Z\\\",\\\"id\\\":9}\"',	'admin@gmail.com',	'2025-03-03 07:07:52',	'2025-03-03 07:07:52'),
(31,	'car_feature',	'create',	10,	NULL,	'\"{\\\"feature_name\\\":\\\"Hybrid Cars\\\",\\\"carcategory_id\\\":\\\"3\\\",\\\"sort_by\\\":\\\"0\\\",\\\"status\\\":\\\"1\\\",\\\"action_by\\\":\\\"admin@gmail.com\\\",\\\"action_name\\\":\\\"Creation\\\",\\\"updated_at\\\":\\\"2025-03-03T12:38:00.000000Z\\\",\\\"created_at\\\":\\\"2025-03-03T12:38:00.000000Z\\\",\\\"id\\\":10}\"',	'admin@gmail.com',	'2025-03-03 07:08:00',	'2025-03-03 07:08:00'),
(32,	'car_feature',	'create',	11,	NULL,	'\"{\\\"feature_name\\\":\\\"Luxury Cars\\\",\\\"carcategory_id\\\":\\\"3\\\",\\\"sort_by\\\":\\\"0\\\",\\\"status\\\":\\\"1\\\",\\\"action_by\\\":\\\"admin@gmail.com\\\",\\\"action_name\\\":\\\"Creation\\\",\\\"updated_at\\\":\\\"2025-03-03T12:38:08.000000Z\\\",\\\"created_at\\\":\\\"2025-03-03T12:38:08.000000Z\\\",\\\"id\\\":11}\"',	'admin@gmail.com',	'2025-03-03 07:08:08',	'2025-03-03 07:08:08'),
(33,	'car_feature',	'create',	12,	NULL,	'\"{\\\"feature_name\\\":\\\"Sports Cars\\\",\\\"carcategory_id\\\":\\\"3\\\",\\\"sort_by\\\":\\\"0\\\",\\\"status\\\":\\\"1\\\",\\\"action_by\\\":\\\"admin@gmail.com\\\",\\\"action_name\\\":\\\"Creation\\\",\\\"updated_at\\\":\\\"2025-03-03T12:38:17.000000Z\\\",\\\"created_at\\\":\\\"2025-03-03T12:38:17.000000Z\\\",\\\"id\\\":12}\"',	'admin@gmail.com',	'2025-03-03 07:08:17',	'2025-03-03 07:08:17'),
(34,	'car_feature',	'create',	13,	NULL,	'\"{\\\"feature_name\\\":\\\"Compact Cars\\\",\\\"carcategory_id\\\":\\\"3\\\",\\\"sort_by\\\":\\\"0\\\",\\\"status\\\":\\\"1\\\",\\\"action_by\\\":\\\"admin@gmail.com\\\",\\\"action_name\\\":\\\"Creation\\\",\\\"updated_at\\\":\\\"2025-03-03T12:38:28.000000Z\\\",\\\"created_at\\\":\\\"2025-03-03T12:38:28.000000Z\\\",\\\"id\\\":13}\"',	'admin@gmail.com',	'2025-03-03 07:08:28',	'2025-03-03 07:08:28'),
(35,	'car_feature',	'create',	14,	NULL,	'\"{\\\"feature_name\\\":\\\"Mini Trucks\\\",\\\"carcategory_id\\\":\\\"3\\\",\\\"sort_by\\\":\\\"0\\\",\\\"status\\\":\\\"1\\\",\\\"action_by\\\":\\\"admin@gmail.com\\\",\\\"action_name\\\":\\\"Creation\\\",\\\"updated_at\\\":\\\"2025-03-03T12:38:38.000000Z\\\",\\\"created_at\\\":\\\"2025-03-03T12:38:38.000000Z\\\",\\\"id\\\":14}\"',	'admin@gmail.com',	'2025-03-03 07:08:38',	'2025-03-03 07:08:38'),
(36,	'car_feature',	'create',	15,	NULL,	'\"{\\\"feature_name\\\":\\\"Petrol\\\",\\\"carcategory_id\\\":\\\"4\\\",\\\"sort_by\\\":\\\"0\\\",\\\"status\\\":\\\"1\\\",\\\"action_by\\\":\\\"admin@gmail.com\\\",\\\"action_name\\\":\\\"Creation\\\",\\\"updated_at\\\":\\\"2025-03-03T12:38:48.000000Z\\\",\\\"created_at\\\":\\\"2025-03-03T12:38:48.000000Z\\\",\\\"id\\\":15}\"',	'admin@gmail.com',	'2025-03-03 07:08:48',	'2025-03-03 07:08:48'),
(37,	'car_feature',	'create',	16,	NULL,	'\"{\\\"feature_name\\\":\\\"Diesel\\\",\\\"carcategory_id\\\":\\\"4\\\",\\\"sort_by\\\":\\\"0\\\",\\\"status\\\":\\\"1\\\",\\\"action_by\\\":\\\"admin@gmail.com\\\",\\\"action_name\\\":\\\"Creation\\\",\\\"updated_at\\\":\\\"2025-03-03T12:38:56.000000Z\\\",\\\"created_at\\\":\\\"2025-03-03T12:38:56.000000Z\\\",\\\"id\\\":16}\"',	'admin@gmail.com',	'2025-03-03 07:08:56',	'2025-03-03 07:08:56'),
(38,	'car_feature',	'create',	17,	NULL,	'\"{\\\"feature_name\\\":\\\"Electric\\\",\\\"carcategory_id\\\":\\\"4\\\",\\\"sort_by\\\":\\\"0\\\",\\\"status\\\":\\\"1\\\",\\\"action_by\\\":\\\"admin@gmail.com\\\",\\\"action_name\\\":\\\"Creation\\\",\\\"updated_at\\\":\\\"2025-03-03T12:39:06.000000Z\\\",\\\"created_at\\\":\\\"2025-03-03T12:39:06.000000Z\\\",\\\"id\\\":17}\"',	'admin@gmail.com',	'2025-03-03 07:09:06',	'2025-03-03 07:09:06'),
(39,	'car_feature',	'create',	18,	NULL,	'\"{\\\"feature_name\\\":\\\"Hybrid\\\",\\\"carcategory_id\\\":\\\"4\\\",\\\"sort_by\\\":\\\"0\\\",\\\"status\\\":\\\"1\\\",\\\"action_by\\\":\\\"admin@gmail.com\\\",\\\"action_name\\\":\\\"Creation\\\",\\\"updated_at\\\":\\\"2025-03-03T12:39:14.000000Z\\\",\\\"created_at\\\":\\\"2025-03-03T12:39:14.000000Z\\\",\\\"id\\\":18}\"',	'admin@gmail.com',	'2025-03-03 07:09:14',	'2025-03-03 07:09:14'),
(40,	'car_feature',	'create',	19,	NULL,	'\"{\\\"feature_name\\\":\\\"CNG\\\",\\\"carcategory_id\\\":\\\"4\\\",\\\"sort_by\\\":\\\"0\\\",\\\"status\\\":\\\"1\\\",\\\"action_by\\\":\\\"admin@gmail.com\\\",\\\"action_name\\\":\\\"Creation\\\",\\\"updated_at\\\":\\\"2025-03-03T12:39:24.000000Z\\\",\\\"created_at\\\":\\\"2025-03-03T12:39:24.000000Z\\\",\\\"id\\\":19}\"',	'admin@gmail.com',	'2025-03-03 07:09:24',	'2025-03-03 07:09:24'),
(41,	'car_feature',	'create',	20,	NULL,	'\"{\\\"feature_name\\\":\\\"LPG\\\",\\\"carcategory_id\\\":\\\"4\\\",\\\"sort_by\\\":\\\"0\\\",\\\"status\\\":\\\"1\\\",\\\"action_by\\\":\\\"admin@gmail.com\\\",\\\"action_name\\\":\\\"Creation\\\",\\\"updated_at\\\":\\\"2025-03-03T12:39:33.000000Z\\\",\\\"created_at\\\":\\\"2025-03-03T12:39:33.000000Z\\\",\\\"id\\\":20}\"',	'admin@gmail.com',	'2025-03-03 07:09:33',	'2025-03-03 07:09:33'),
(42,	'car_feature',	'create',	21,	NULL,	'\"{\\\"feature_name\\\":\\\"Manual\\\",\\\"carcategory_id\\\":\\\"1\\\",\\\"sort_by\\\":\\\"0\\\",\\\"status\\\":\\\"1\\\",\\\"action_by\\\":\\\"admin@gmail.com\\\",\\\"action_name\\\":\\\"Creation\\\",\\\"updated_at\\\":\\\"2025-03-03T12:39:50.000000Z\\\",\\\"created_at\\\":\\\"2025-03-03T12:39:50.000000Z\\\",\\\"id\\\":21}\"',	'admin@gmail.com',	'2025-03-03 07:09:50',	'2025-03-03 07:09:50'),
(43,	'car_feature',	'create',	22,	NULL,	'\"{\\\"feature_name\\\":\\\"Automatic\\\",\\\"carcategory_id\\\":\\\"1\\\",\\\"sort_by\\\":\\\"0\\\",\\\"status\\\":\\\"1\\\",\\\"action_by\\\":\\\"admin@gmail.com\\\",\\\"action_name\\\":\\\"Creation\\\",\\\"updated_at\\\":\\\"2025-03-03T12:39:59.000000Z\\\",\\\"created_at\\\":\\\"2025-03-03T12:39:59.000000Z\\\",\\\"id\\\":22}\"',	'admin@gmail.com',	'2025-03-03 07:09:59',	'2025-03-03 07:09:59'),
(44,	'car_feature',	'create',	23,	NULL,	'\"{\\\"feature_name\\\":\\\"Semi-Automatic\\\",\\\"carcategory_id\\\":\\\"1\\\",\\\"sort_by\\\":\\\"0\\\",\\\"status\\\":\\\"1\\\",\\\"action_by\\\":\\\"admin@gmail.com\\\",\\\"action_name\\\":\\\"Creation\\\",\\\"updated_at\\\":\\\"2025-03-03T12:40:10.000000Z\\\",\\\"created_at\\\":\\\"2025-03-03T12:40:10.000000Z\\\",\\\"id\\\":23}\"',	'admin@gmail.com',	'2025-03-03 07:10:10',	'2025-03-03 07:10:10'),
(45,	'car_feature',	'create',	24,	NULL,	'\"{\\\"feature_name\\\":\\\"CVT (Continuously Variable Transmission)\\\",\\\"carcategory_id\\\":\\\"1\\\",\\\"sort_by\\\":\\\"0\\\",\\\"status\\\":\\\"1\\\",\\\"action_by\\\":\\\"admin@gmail.com\\\",\\\"action_name\\\":\\\"Creation\\\",\\\"updated_at\\\":\\\"2025-03-03T12:40:21.000000Z\\\",\\\"created_at\\\":\\\"2025-03-03T12:40:21.000000Z\\\",\\\"id\\\":24}\"',	'admin@gmail.com',	'2025-03-03 07:10:21',	'2025-03-03 07:10:21'),
(46,	'car_feature',	'create',	25,	NULL,	'\"{\\\"feature_name\\\":\\\"Sedan\\\",\\\"carcategory_id\\\":\\\"5\\\",\\\"sort_by\\\":\\\"0\\\",\\\"status\\\":\\\"1\\\",\\\"action_by\\\":\\\"admin@gmail.com\\\",\\\"action_name\\\":\\\"Creation\\\",\\\"updated_at\\\":\\\"2025-03-03T12:40:48.000000Z\\\",\\\"created_at\\\":\\\"2025-03-03T12:40:48.000000Z\\\",\\\"id\\\":25}\"',	'admin@gmail.com',	'2025-03-03 07:10:48',	'2025-03-03 07:10:48'),
(47,	'car_feature',	'create',	26,	NULL,	'\"{\\\"feature_name\\\":\\\"Hatchback\\\",\\\"carcategory_id\\\":\\\"5\\\",\\\"sort_by\\\":\\\"0\\\",\\\"status\\\":\\\"1\\\",\\\"action_by\\\":\\\"admin@gmail.com\\\",\\\"action_name\\\":\\\"Creation\\\",\\\"updated_at\\\":\\\"2025-03-03T12:40:57.000000Z\\\",\\\"created_at\\\":\\\"2025-03-03T12:40:57.000000Z\\\",\\\"id\\\":26}\"',	'admin@gmail.com',	'2025-03-03 07:10:57',	'2025-03-03 07:10:57'),
(48,	'car_feature',	'create',	27,	NULL,	'\"{\\\"feature_name\\\":\\\"SUV\\\",\\\"carcategory_id\\\":\\\"5\\\",\\\"sort_by\\\":\\\"0\\\",\\\"status\\\":\\\"1\\\",\\\"action_by\\\":\\\"admin@gmail.com\\\",\\\"action_name\\\":\\\"Creation\\\",\\\"updated_at\\\":\\\"2025-03-03T12:41:38.000000Z\\\",\\\"created_at\\\":\\\"2025-03-03T12:41:38.000000Z\\\",\\\"id\\\":27}\"',	'admin@gmail.com',	'2025-03-03 07:11:38',	'2025-03-03 07:11:38'),
(49,	'car_feature',	'create',	28,	NULL,	'\"{\\\"feature_name\\\":\\\"Crossover\\\",\\\"carcategory_id\\\":\\\"5\\\",\\\"sort_by\\\":\\\"0\\\",\\\"status\\\":\\\"1\\\",\\\"action_by\\\":\\\"admin@gmail.com\\\",\\\"action_name\\\":\\\"Creation\\\",\\\"updated_at\\\":\\\"2025-03-03T12:41:45.000000Z\\\",\\\"created_at\\\":\\\"2025-03-03T12:41:45.000000Z\\\",\\\"id\\\":28}\"',	'admin@gmail.com',	'2025-03-03 07:11:45',	'2025-03-03 07:11:45'),
(50,	'car_feature',	'create',	29,	NULL,	'\"{\\\"feature_name\\\":\\\"Coupe\\\",\\\"carcategory_id\\\":\\\"5\\\",\\\"sort_by\\\":\\\"0\\\",\\\"status\\\":\\\"1\\\",\\\"action_by\\\":\\\"admin@gmail.com\\\",\\\"action_name\\\":\\\"Creation\\\",\\\"updated_at\\\":\\\"2025-03-03T12:41:53.000000Z\\\",\\\"created_at\\\":\\\"2025-03-03T12:41:53.000000Z\\\",\\\"id\\\":29}\"',	'admin@gmail.com',	'2025-03-03 07:11:53',	'2025-03-03 07:11:53'),
(51,	'car_feature',	'create',	30,	NULL,	'\"{\\\"feature_name\\\":\\\"Convertible\\\",\\\"carcategory_id\\\":\\\"5\\\",\\\"sort_by\\\":\\\"0\\\",\\\"status\\\":\\\"1\\\",\\\"action_by\\\":\\\"admin@gmail.com\\\",\\\"action_name\\\":\\\"Creation\\\",\\\"updated_at\\\":\\\"2025-03-03T12:42:01.000000Z\\\",\\\"created_at\\\":\\\"2025-03-03T12:42:01.000000Z\\\",\\\"id\\\":30}\"',	'admin@gmail.com',	'2025-03-03 07:12:01',	'2025-03-03 07:12:01'),
(52,	'car_feature',	'create',	31,	NULL,	'\"{\\\"feature_name\\\":\\\"Pickup Truck\\\",\\\"carcategory_id\\\":\\\"5\\\",\\\"sort_by\\\":\\\"0\\\",\\\"status\\\":\\\"1\\\",\\\"action_by\\\":\\\"admin@gmail.com\\\",\\\"action_name\\\":\\\"Creation\\\",\\\"updated_at\\\":\\\"2025-03-03T12:42:11.000000Z\\\",\\\"created_at\\\":\\\"2025-03-03T12:42:11.000000Z\\\",\\\"id\\\":31}\"',	'admin@gmail.com',	'2025-03-03 07:12:11',	'2025-03-03 07:12:11'),
(53,	'car_feature',	'create',	32,	NULL,	'\"{\\\"feature_name\\\":\\\"Van\\\",\\\"carcategory_id\\\":\\\"5\\\",\\\"sort_by\\\":\\\"0\\\",\\\"status\\\":\\\"1\\\",\\\"action_by\\\":\\\"admin@gmail.com\\\",\\\"action_name\\\":\\\"Creation\\\",\\\"updated_at\\\":\\\"2025-03-03T12:42:19.000000Z\\\",\\\"created_at\\\":\\\"2025-03-03T12:42:19.000000Z\\\",\\\"id\\\":32}\"',	'admin@gmail.com',	'2025-03-03 07:12:19',	'2025-03-03 07:12:19'),
(54,	'car_feature',	'create',	33,	NULL,	'\"{\\\"feature_name\\\":\\\"Wagon\\\",\\\"carcategory_id\\\":\\\"5\\\",\\\"sort_by\\\":\\\"0\\\",\\\"status\\\":\\\"1\\\",\\\"action_by\\\":\\\"admin@gmail.com\\\",\\\"action_name\\\":\\\"Creation\\\",\\\"updated_at\\\":\\\"2025-03-03T12:42:28.000000Z\\\",\\\"created_at\\\":\\\"2025-03-03T12:42:28.000000Z\\\",\\\"id\\\":33}\"',	'admin@gmail.com',	'2025-03-03 07:12:28',	'2025-03-03 07:12:28'),
(55,	'car_feature',	'create',	34,	NULL,	'\"{\\\"feature_name\\\":\\\"Roadster\\\",\\\"carcategory_id\\\":\\\"5\\\",\\\"sort_by\\\":\\\"0\\\",\\\"status\\\":\\\"1\\\",\\\"action_by\\\":\\\"admin@gmail.com\\\",\\\"action_name\\\":\\\"Creation\\\",\\\"updated_at\\\":\\\"2025-03-03T12:42:38.000000Z\\\",\\\"created_at\\\":\\\"2025-03-03T12:42:38.000000Z\\\",\\\"id\\\":34}\"',	'admin@gmail.com',	'2025-03-03 07:12:38',	'2025-03-03 07:12:38'),
(56,	'car_feature',	'create',	35,	NULL,	'\"{\\\"feature_name\\\":\\\"Supercar\\\",\\\"carcategory_id\\\":\\\"5\\\",\\\"sort_by\\\":\\\"0\\\",\\\"status\\\":\\\"1\\\",\\\"action_by\\\":\\\"admin@gmail.com\\\",\\\"action_name\\\":\\\"Creation\\\",\\\"updated_at\\\":\\\"2025-03-03T12:42:46.000000Z\\\",\\\"created_at\\\":\\\"2025-03-03T12:42:46.000000Z\\\",\\\"id\\\":35}\"',	'admin@gmail.com',	'2025-03-03 07:12:46',	'2025-03-03 07:12:46'),
(57,	'car_feature',	'create',	36,	NULL,	'\"{\\\"feature_name\\\":\\\"Off-Road\\\",\\\"carcategory_id\\\":\\\"5\\\",\\\"sort_by\\\":\\\"0\\\",\\\"status\\\":\\\"1\\\",\\\"action_by\\\":\\\"admin@gmail.com\\\",\\\"action_name\\\":\\\"Creation\\\",\\\"updated_at\\\":\\\"2025-03-03T12:42:53.000000Z\\\",\\\"created_at\\\":\\\"2025-03-03T12:42:53.000000Z\\\",\\\"id\\\":36}\"',	'admin@gmail.com',	'2025-03-03 07:12:53',	'2025-03-03 07:12:53'),
(58,	'car_feature',	'create',	37,	NULL,	'\"{\\\"feature_name\\\":\\\"New Cars\\\",\\\"carcategory_id\\\":\\\"6\\\",\\\"sort_by\\\":\\\"0\\\",\\\"status\\\":\\\"1\\\",\\\"action_by\\\":\\\"admin@gmail.com\\\",\\\"action_name\\\":\\\"Creation\\\",\\\"updated_at\\\":\\\"2025-03-03T12:43:05.000000Z\\\",\\\"created_at\\\":\\\"2025-03-03T12:43:05.000000Z\\\",\\\"id\\\":37}\"',	'admin@gmail.com',	'2025-03-03 07:13:05',	'2025-03-03 07:13:05'),
(59,	'car_feature',	'create',	38,	NULL,	'\"{\\\"feature_name\\\":\\\"Used Cars\\\",\\\"carcategory_id\\\":\\\"6\\\",\\\"sort_by\\\":\\\"0\\\",\\\"status\\\":\\\"1\\\",\\\"action_by\\\":\\\"admin@gmail.com\\\",\\\"action_name\\\":\\\"Creation\\\",\\\"updated_at\\\":\\\"2025-03-03T12:43:16.000000Z\\\",\\\"created_at\\\":\\\"2025-03-03T12:43:16.000000Z\\\",\\\"id\\\":38}\"',	'admin@gmail.com',	'2025-03-03 07:13:16',	'2025-03-03 07:13:16'),
(60,	'car_feature',	'create',	39,	NULL,	'\"{\\\"feature_name\\\":\\\"Certified Pre-Owned Cars\\\",\\\"carcategory_id\\\":\\\"6\\\",\\\"sort_by\\\":\\\"0\\\",\\\"status\\\":\\\"1\\\",\\\"action_by\\\":\\\"admin@gmail.com\\\",\\\"action_name\\\":\\\"Creation\\\",\\\"updated_at\\\":\\\"2025-03-03T12:43:26.000000Z\\\",\\\"created_at\\\":\\\"2025-03-03T12:43:26.000000Z\\\",\\\"id\\\":39}\"',	'admin@gmail.com',	'2025-03-03 07:13:26',	'2025-03-03 07:13:26'),
(61,	'car_feature',	'create',	40,	NULL,	'\"{\\\"feature_name\\\":\\\"Less than 15 MPG\\\",\\\"carcategory_id\\\":\\\"7\\\",\\\"sort_by\\\":\\\"0\\\",\\\"status\\\":\\\"1\\\",\\\"action_by\\\":\\\"admin@gmail.com\\\",\\\"action_name\\\":\\\"Creation\\\",\\\"updated_at\\\":\\\"2025-03-03T12:43:36.000000Z\\\",\\\"created_at\\\":\\\"2025-03-03T12:43:36.000000Z\\\",\\\"id\\\":40}\"',	'admin@gmail.com',	'2025-03-03 07:13:36',	'2025-03-03 07:13:36'),
(62,	'car_feature',	'create',	41,	NULL,	'\"{\\\"feature_name\\\":\\\"15-25 MPG\\\",\\\"carcategory_id\\\":\\\"7\\\",\\\"sort_by\\\":\\\"0\\\",\\\"status\\\":\\\"1\\\",\\\"action_by\\\":\\\"admin@gmail.com\\\",\\\"action_name\\\":\\\"Creation\\\",\\\"updated_at\\\":\\\"2025-03-03T12:43:45.000000Z\\\",\\\"created_at\\\":\\\"2025-03-03T12:43:45.000000Z\\\",\\\"id\\\":41}\"',	'admin@gmail.com',	'2025-03-03 07:13:45',	'2025-03-03 07:13:45'),
(63,	'car_feature',	'create',	42,	NULL,	'\"{\\\"feature_name\\\":\\\"25-35 MPG\\\",\\\"carcategory_id\\\":\\\"7\\\",\\\"sort_by\\\":\\\"0\\\",\\\"status\\\":\\\"1\\\",\\\"action_by\\\":\\\"admin@gmail.com\\\",\\\"action_name\\\":\\\"Creation\\\",\\\"updated_at\\\":\\\"2025-03-03T12:44:16.000000Z\\\",\\\"created_at\\\":\\\"2025-03-03T12:44:16.000000Z\\\",\\\"id\\\":42}\"',	'admin@gmail.com',	'2025-03-03 07:14:16',	'2025-03-03 07:14:16'),
(64,	'car_feature',	'create',	43,	NULL,	'\"{\\\"feature_name\\\":\\\"Over 35 MPG\\\",\\\"carcategory_id\\\":\\\"7\\\",\\\"sort_by\\\":\\\"0\\\",\\\"status\\\":\\\"1\\\",\\\"action_by\\\":\\\"admin@gmail.com\\\",\\\"action_name\\\":\\\"Creation\\\",\\\"updated_at\\\":\\\"2025-03-03T12:44:26.000000Z\\\",\\\"created_at\\\":\\\"2025-03-03T12:44:26.000000Z\\\",\\\"id\\\":43}\"',	'admin@gmail.com',	'2025-03-03 07:14:26',	'2025-03-03 07:14:26'),
(65,	'car_feature',	'create',	44,	NULL,	'\"{\\\"feature_name\\\":\\\"Toyota\\\",\\\"carcategory_id\\\":\\\"8\\\",\\\"sort_by\\\":\\\"0\\\",\\\"status\\\":\\\"1\\\",\\\"action_by\\\":\\\"admin@gmail.com\\\",\\\"action_name\\\":\\\"Creation\\\",\\\"updated_at\\\":\\\"2025-03-03T12:44:37.000000Z\\\",\\\"created_at\\\":\\\"2025-03-03T12:44:37.000000Z\\\",\\\"id\\\":44}\"',	'admin@gmail.com',	'2025-03-03 07:14:37',	'2025-03-03 07:14:37'),
(66,	'car_feature',	'create',	45,	NULL,	'\"{\\\"feature_name\\\":\\\"Honda\\\",\\\"carcategory_id\\\":\\\"8\\\",\\\"sort_by\\\":\\\"0\\\",\\\"status\\\":\\\"1\\\",\\\"action_by\\\":\\\"admin@gmail.com\\\",\\\"action_name\\\":\\\"Creation\\\",\\\"updated_at\\\":\\\"2025-03-03T12:44:47.000000Z\\\",\\\"created_at\\\":\\\"2025-03-03T12:44:47.000000Z\\\",\\\"id\\\":45}\"',	'admin@gmail.com',	'2025-03-03 07:14:47',	'2025-03-03 07:14:47'),
(67,	'car_feature',	'create',	46,	NULL,	'\"{\\\"feature_name\\\":\\\"Ford\\\",\\\"carcategory_id\\\":\\\"8\\\",\\\"sort_by\\\":\\\"0\\\",\\\"status\\\":\\\"1\\\",\\\"action_by\\\":\\\"admin@gmail.com\\\",\\\"action_name\\\":\\\"Creation\\\",\\\"updated_at\\\":\\\"2025-03-03T12:44:59.000000Z\\\",\\\"created_at\\\":\\\"2025-03-03T12:44:59.000000Z\\\",\\\"id\\\":46}\"',	'admin@gmail.com',	'2025-03-03 07:14:59',	'2025-03-03 07:14:59'),
(68,	'car_feature',	'create',	47,	NULL,	'\"{\\\"feature_name\\\":\\\"Chevrolet\\\",\\\"carcategory_id\\\":\\\"8\\\",\\\"sort_by\\\":\\\"0\\\",\\\"status\\\":\\\"1\\\",\\\"action_by\\\":\\\"admin@gmail.com\\\",\\\"action_name\\\":\\\"Creation\\\",\\\"updated_at\\\":\\\"2025-03-03T12:45:07.000000Z\\\",\\\"created_at\\\":\\\"2025-03-03T12:45:07.000000Z\\\",\\\"id\\\":47}\"',	'admin@gmail.com',	'2025-03-03 07:15:07',	'2025-03-03 07:15:07'),
(69,	'car_feature',	'create',	48,	NULL,	'\"{\\\"feature_name\\\":\\\"BMW\\\",\\\"carcategory_id\\\":\\\"8\\\",\\\"sort_by\\\":\\\"0\\\",\\\"status\\\":\\\"1\\\",\\\"action_by\\\":\\\"admin@gmail.com\\\",\\\"action_name\\\":\\\"Creation\\\",\\\"updated_at\\\":\\\"2025-03-03T12:45:17.000000Z\\\",\\\"created_at\\\":\\\"2025-03-03T12:45:17.000000Z\\\",\\\"id\\\":48}\"',	'admin@gmail.com',	'2025-03-03 07:15:17',	'2025-03-03 07:15:17'),
(70,	'car_feature',	'create',	49,	NULL,	'\"{\\\"feature_name\\\":\\\"Mercedes-Benz\\\",\\\"carcategory_id\\\":\\\"8\\\",\\\"sort_by\\\":\\\"0\\\",\\\"status\\\":\\\"1\\\",\\\"action_by\\\":\\\"admin@gmail.com\\\",\\\"action_name\\\":\\\"Creation\\\",\\\"updated_at\\\":\\\"2025-03-03T12:45:28.000000Z\\\",\\\"created_at\\\":\\\"2025-03-03T12:45:28.000000Z\\\",\\\"id\\\":49}\"',	'admin@gmail.com',	'2025-03-03 07:15:28',	'2025-03-03 07:15:28'),
(71,	'car_feature',	'create',	50,	NULL,	'\"{\\\"feature_name\\\":\\\"Audi\\\",\\\"carcategory_id\\\":\\\"8\\\",\\\"sort_by\\\":\\\"0\\\",\\\"status\\\":\\\"1\\\",\\\"action_by\\\":\\\"admin@gmail.com\\\",\\\"action_name\\\":\\\"Creation\\\",\\\"updated_at\\\":\\\"2025-03-03T12:45:36.000000Z\\\",\\\"created_at\\\":\\\"2025-03-03T12:45:36.000000Z\\\",\\\"id\\\":50}\"',	'admin@gmail.com',	'2025-03-03 07:15:36',	'2025-03-03 07:15:36'),
(72,	'car_feature',	'create',	51,	NULL,	'\"{\\\"feature_name\\\":\\\"Tesla\\\",\\\"carcategory_id\\\":\\\"8\\\",\\\"sort_by\\\":\\\"0\\\",\\\"status\\\":\\\"1\\\",\\\"action_by\\\":\\\"admin@gmail.com\\\",\\\"action_name\\\":\\\"Creation\\\",\\\"updated_at\\\":\\\"2025-03-03T12:45:44.000000Z\\\",\\\"created_at\\\":\\\"2025-03-03T12:45:44.000000Z\\\",\\\"id\\\":51}\"',	'admin@gmail.com',	'2025-03-03 07:15:44',	'2025-03-03 07:15:44'),
(73,	'car_feature',	'create',	52,	NULL,	'\"{\\\"feature_name\\\":\\\"Hyundai\\\",\\\"carcategory_id\\\":\\\"8\\\",\\\"sort_by\\\":\\\"0\\\",\\\"status\\\":\\\"1\\\",\\\"action_by\\\":\\\"admin@gmail.com\\\",\\\"action_name\\\":\\\"Creation\\\",\\\"updated_at\\\":\\\"2025-03-03T12:45:55.000000Z\\\",\\\"created_at\\\":\\\"2025-03-03T12:45:55.000000Z\\\",\\\"id\\\":52}\"',	'admin@gmail.com',	'2025-03-03 07:15:55',	'2025-03-03 07:15:55'),
(74,	'car_feature',	'create',	53,	NULL,	'\"{\\\"feature_name\\\":\\\"Kia\\\",\\\"carcategory_id\\\":\\\"8\\\",\\\"sort_by\\\":\\\"0\\\",\\\"status\\\":\\\"1\\\",\\\"action_by\\\":\\\"admin@gmail.com\\\",\\\"action_name\\\":\\\"Creation\\\",\\\"updated_at\\\":\\\"2025-03-03T12:46:03.000000Z\\\",\\\"created_at\\\":\\\"2025-03-03T12:46:03.000000Z\\\",\\\"id\\\":53}\"',	'admin@gmail.com',	'2025-03-03 07:16:03',	'2025-03-03 07:16:03'),
(75,	'car_feature',	'create',	54,	NULL,	'\"{\\\"feature_name\\\":\\\"Nissan\\\",\\\"carcategory_id\\\":\\\"8\\\",\\\"sort_by\\\":\\\"0\\\",\\\"status\\\":\\\"1\\\",\\\"action_by\\\":\\\"admin@gmail.com\\\",\\\"action_name\\\":\\\"Creation\\\",\\\"updated_at\\\":\\\"2025-03-03T12:46:11.000000Z\\\",\\\"created_at\\\":\\\"2025-03-03T12:46:11.000000Z\\\",\\\"id\\\":54}\"',	'admin@gmail.com',	'2025-03-03 07:16:11',	'2025-03-03 07:16:11'),
(76,	'car_feature',	'create',	55,	NULL,	'\"{\\\"feature_name\\\":\\\"Volkswagen\\\",\\\"carcategory_id\\\":\\\"8\\\",\\\"sort_by\\\":\\\"0\\\",\\\"status\\\":\\\"1\\\",\\\"action_by\\\":\\\"admin@gmail.com\\\",\\\"action_name\\\":\\\"Creation\\\",\\\"updated_at\\\":\\\"2025-03-03T12:46:21.000000Z\\\",\\\"created_at\\\":\\\"2025-03-03T12:46:21.000000Z\\\",\\\"id\\\":55}\"',	'admin@gmail.com',	'2025-03-03 07:16:21',	'2025-03-03 07:16:21'),
(77,	'car_feature',	'create',	56,	NULL,	'\"{\\\"feature_name\\\":\\\"Land Rover\\\",\\\"carcategory_id\\\":\\\"8\\\",\\\"sort_by\\\":\\\"0\\\",\\\"status\\\":\\\"1\\\",\\\"action_by\\\":\\\"admin@gmail.com\\\",\\\"action_name\\\":\\\"Creation\\\",\\\"updated_at\\\":\\\"2025-03-03T12:46:32.000000Z\\\",\\\"created_at\\\":\\\"2025-03-03T12:46:32.000000Z\\\",\\\"id\\\":56}\"',	'admin@gmail.com',	'2025-03-03 07:16:32',	'2025-03-03 07:16:32'),
(78,	'car_feature',	'create',	57,	NULL,	'\"{\\\"feature_name\\\":\\\"Porsche\\\",\\\"carcategory_id\\\":\\\"8\\\",\\\"sort_by\\\":\\\"0\\\",\\\"status\\\":\\\"1\\\",\\\"action_by\\\":\\\"admin@gmail.com\\\",\\\"action_name\\\":\\\"Creation\\\",\\\"updated_at\\\":\\\"2025-03-03T12:46:40.000000Z\\\",\\\"created_at\\\":\\\"2025-03-03T12:46:40.000000Z\\\",\\\"id\\\":57}\"',	'admin@gmail.com',	'2025-03-03 07:16:40',	'2025-03-03 07:16:40'),
(79,	'car_feature',	'create',	58,	NULL,	'\"{\\\"feature_name\\\":\\\"Front-Wheel Drive (FWD)\\\",\\\"carcategory_id\\\":\\\"2\\\",\\\"sort_by\\\":\\\"0\\\",\\\"status\\\":\\\"1\\\",\\\"action_by\\\":\\\"admin@gmail.com\\\",\\\"action_name\\\":\\\"Creation\\\",\\\"updated_at\\\":\\\"2025-03-03T12:46:52.000000Z\\\",\\\"created_at\\\":\\\"2025-03-03T12:46:52.000000Z\\\",\\\"id\\\":58}\"',	'admin@gmail.com',	'2025-03-03 07:16:52',	'2025-03-03 07:16:52'),
(80,	'car_feature',	'create',	59,	NULL,	'\"{\\\"feature_name\\\":\\\"Rear-Wheel Drive (RWD)\\\",\\\"carcategory_id\\\":\\\"2\\\",\\\"sort_by\\\":\\\"0\\\",\\\"status\\\":\\\"1\\\",\\\"action_by\\\":\\\"admin@gmail.com\\\",\\\"action_name\\\":\\\"Creation\\\",\\\"updated_at\\\":\\\"2025-03-03T12:47:00.000000Z\\\",\\\"created_at\\\":\\\"2025-03-03T12:47:00.000000Z\\\",\\\"id\\\":59}\"',	'admin@gmail.com',	'2025-03-03 07:17:00',	'2025-03-03 07:17:00'),
(81,	'car_feature',	'create',	60,	NULL,	'\"{\\\"feature_name\\\":\\\"All-Wheel Drive (AWD)\\\",\\\"carcategory_id\\\":\\\"2\\\",\\\"sort_by\\\":\\\"0\\\",\\\"status\\\":\\\"1\\\",\\\"action_by\\\":\\\"admin@gmail.com\\\",\\\"action_name\\\":\\\"Creation\\\",\\\"updated_at\\\":\\\"2025-03-03T12:47:10.000000Z\\\",\\\"created_at\\\":\\\"2025-03-03T12:47:10.000000Z\\\",\\\"id\\\":60}\"',	'admin@gmail.com',	'2025-03-03 07:17:10',	'2025-03-03 07:17:10'),
(82,	'car_feature',	'create',	61,	NULL,	'\"{\\\"feature_name\\\":\\\"Four-Wheel Drive (4WD)\\\",\\\"carcategory_id\\\":\\\"8\\\",\\\"sort_by\\\":\\\"0\\\",\\\"status\\\":\\\"1\\\",\\\"action_by\\\":\\\"admin@gmail.com\\\",\\\"action_name\\\":\\\"Creation\\\",\\\"updated_at\\\":\\\"2025-03-03T12:47:22.000000Z\\\",\\\"created_at\\\":\\\"2025-03-03T12:47:22.000000Z\\\",\\\"id\\\":61}\"',	'admin@gmail.com',	'2025-03-03 07:17:22',	'2025-03-03 07:17:22'),
(83,	'car_feature',	'create',	62,	NULL,	'\"{\\\"feature_name\\\":\\\"Sunroof\\\\/Moonroof\\\",\\\"carcategory_id\\\":\\\"9\\\",\\\"sort_by\\\":\\\"0\\\",\\\"status\\\":\\\"1\\\",\\\"action_by\\\":\\\"admin@gmail.com\\\",\\\"action_name\\\":\\\"Creation\\\",\\\"updated_at\\\":\\\"2025-03-03T12:47:50.000000Z\\\",\\\"created_at\\\":\\\"2025-03-03T12:47:50.000000Z\\\",\\\"id\\\":62}\"',	'admin@gmail.com',	'2025-03-03 07:17:50',	'2025-03-03 07:17:50'),
(84,	'car_feature',	'create',	63,	NULL,	'\"{\\\"feature_name\\\":\\\"Navigation System\\\",\\\"carcategory_id\\\":\\\"9\\\",\\\"sort_by\\\":\\\"0\\\",\\\"status\\\":\\\"1\\\",\\\"action_by\\\":\\\"admin@gmail.com\\\",\\\"action_name\\\":\\\"Creation\\\",\\\"updated_at\\\":\\\"2025-03-03T12:47:59.000000Z\\\",\\\"created_at\\\":\\\"2025-03-03T12:47:59.000000Z\\\",\\\"id\\\":63}\"',	'admin@gmail.com',	'2025-03-03 07:17:59',	'2025-03-03 07:17:59'),
(85,	'car_feature',	'create',	64,	NULL,	'\"{\\\"feature_name\\\":\\\"Bluetooth Connectivity\\\",\\\"carcategory_id\\\":\\\"9\\\",\\\"sort_by\\\":\\\"0\\\",\\\"status\\\":\\\"1\\\",\\\"action_by\\\":\\\"admin@gmail.com\\\",\\\"action_name\\\":\\\"Creation\\\",\\\"updated_at\\\":\\\"2025-03-03T12:48:21.000000Z\\\",\\\"created_at\\\":\\\"2025-03-03T12:48:21.000000Z\\\",\\\"id\\\":64}\"',	'admin@gmail.com',	'2025-03-03 07:18:21',	'2025-03-03 07:18:21'),
(86,	'car_feature',	'create',	65,	NULL,	'\"{\\\"feature_name\\\":\\\"Backup Camera\\\",\\\"carcategory_id\\\":\\\"9\\\",\\\"sort_by\\\":\\\"0\\\",\\\"status\\\":\\\"1\\\",\\\"action_by\\\":\\\"admin@gmail.com\\\",\\\"action_name\\\":\\\"Creation\\\",\\\"updated_at\\\":\\\"2025-03-03T12:48:29.000000Z\\\",\\\"created_at\\\":\\\"2025-03-03T12:48:29.000000Z\\\",\\\"id\\\":65}\"',	'admin@gmail.com',	'2025-03-03 07:18:29',	'2025-03-03 07:18:29'),
(87,	'car_feature',	'create',	66,	NULL,	'\"{\\\"feature_name\\\":\\\"Heated Seats\\\",\\\"carcategory_id\\\":\\\"9\\\",\\\"sort_by\\\":\\\"0\\\",\\\"status\\\":\\\"1\\\",\\\"action_by\\\":\\\"admin@gmail.com\\\",\\\"action_name\\\":\\\"Creation\\\",\\\"updated_at\\\":\\\"2025-03-03T12:48:43.000000Z\\\",\\\"created_at\\\":\\\"2025-03-03T12:48:43.000000Z\\\",\\\"id\\\":66}\"',	'admin@gmail.com',	'2025-03-03 07:18:43',	'2025-03-03 07:18:43'),
(88,	'car_feature',	'create',	67,	NULL,	'\"{\\\"feature_name\\\":\\\"Adaptive Cruise Control\\\",\\\"carcategory_id\\\":\\\"9\\\",\\\"sort_by\\\":\\\"0\\\",\\\"status\\\":\\\"1\\\",\\\"action_by\\\":\\\"admin@gmail.com\\\",\\\"action_name\\\":\\\"Creation\\\",\\\"updated_at\\\":\\\"2025-03-03T12:48:57.000000Z\\\",\\\"created_at\\\":\\\"2025-03-03T12:48:57.000000Z\\\",\\\"id\\\":67}\"',	'admin@gmail.com',	'2025-03-03 07:18:57',	'2025-03-03 07:18:57'),
(89,	'car_feature',	'create',	68,	NULL,	'\"{\\\"feature_name\\\":\\\"Lane Assist\\\",\\\"carcategory_id\\\":\\\"9\\\",\\\"sort_by\\\":\\\"0\\\",\\\"status\\\":\\\"1\\\",\\\"action_by\\\":\\\"admin@gmail.com\\\",\\\"action_name\\\":\\\"Creation\\\",\\\"updated_at\\\":\\\"2025-03-03T12:49:05.000000Z\\\",\\\"created_at\\\":\\\"2025-03-03T12:49:05.000000Z\\\",\\\"id\\\":68}\"',	'admin@gmail.com',	'2025-03-03 07:19:05',	'2025-03-03 07:19:05'),
(90,	'car_feature',	'create',	69,	NULL,	'\"{\\\"feature_name\\\":\\\"Keyless Entry\\\",\\\"carcategory_id\\\":\\\"9\\\",\\\"sort_by\\\":\\\"0\\\",\\\"status\\\":\\\"1\\\",\\\"action_by\\\":\\\"admin@gmail.com\\\",\\\"action_name\\\":\\\"Creation\\\",\\\"updated_at\\\":\\\"2025-03-03T12:49:14.000000Z\\\",\\\"created_at\\\":\\\"2025-03-03T12:49:14.000000Z\\\",\\\"id\\\":69}\"',	'admin@gmail.com',	'2025-03-03 07:19:14',	'2025-03-03 07:19:14'),
(91,	'car_feature',	'create',	70,	NULL,	'\"{\\\"feature_name\\\":\\\"Leather Seats\\\",\\\"carcategory_id\\\":\\\"9\\\",\\\"sort_by\\\":\\\"0\\\",\\\"status\\\":\\\"1\\\",\\\"action_by\\\":\\\"admin@gmail.com\\\",\\\"action_name\\\":\\\"Creation\\\",\\\"updated_at\\\":\\\"2025-03-03T12:49:23.000000Z\\\",\\\"created_at\\\":\\\"2025-03-03T12:49:23.000000Z\\\",\\\"id\\\":70}\"',	'admin@gmail.com',	'2025-03-03 07:19:23',	'2025-03-03 07:19:23'),
(92,	'city',	'create',	1,	NULL,	'\"{\\\"city_name\\\":\\\"Riyadh\\\",\\\"country_id\\\":\\\"1\\\",\\\"status\\\":\\\"1\\\",\\\"action_by\\\":\\\"admin@gmail.com\\\",\\\"action_name\\\":\\\"create\\\",\\\"updated_at\\\":\\\"2025-03-03T12:51:37.000000Z\\\",\\\"created_at\\\":\\\"2025-03-03T12:51:37.000000Z\\\",\\\"id\\\":1}\"',	'admin@gmail.com',	'2025-03-03 07:21:37',	'2025-03-03 07:21:37'),
(93,	'city',	'create',	2,	NULL,	'\"{\\\"city_name\\\":\\\"Muscat\\\",\\\"country_id\\\":\\\"1\\\",\\\"status\\\":\\\"1\\\",\\\"action_by\\\":\\\"admin@gmail.com\\\",\\\"action_name\\\":\\\"create\\\",\\\"updated_at\\\":\\\"2025-03-03T12:52:08.000000Z\\\",\\\"created_at\\\":\\\"2025-03-03T12:52:08.000000Z\\\",\\\"id\\\":2}\"',	'admin@gmail.com',	'2025-03-03 07:22:08',	'2025-03-03 07:22:08'),
(94,	'city',	'create',	3,	NULL,	'\"{\\\"city_name\\\":\\\"Doha\\\",\\\"country_id\\\":\\\"1\\\",\\\"status\\\":\\\"1\\\",\\\"action_by\\\":\\\"admin@gmail.com\\\",\\\"action_name\\\":\\\"create\\\",\\\"updated_at\\\":\\\"2025-03-03T12:53:47.000000Z\\\",\\\"created_at\\\":\\\"2025-03-03T12:53:47.000000Z\\\",\\\"id\\\":3}\"',	'admin@gmail.com',	'2025-03-03 07:23:47',	'2025-03-03 07:23:47'),
(95,	'city',	'create',	4,	NULL,	'\"{\\\"city_name\\\":\\\"Bahrain\\\",\\\"country_id\\\":\\\"2\\\",\\\"status\\\":\\\"1\\\",\\\"action_by\\\":\\\"admin@gmail.com\\\",\\\"action_name\\\":\\\"create\\\",\\\"updated_at\\\":\\\"2025-03-03T12:54:12.000000Z\\\",\\\"created_at\\\":\\\"2025-03-03T12:54:12.000000Z\\\",\\\"id\\\":4}\"',	'admin@gmail.com',	'2025-03-03 07:24:12',	'2025-03-03 07:24:12'),
(96,	'city',	'create',	5,	NULL,	'\"{\\\"city_name\\\":\\\"Kuwait City\\\",\\\"country_id\\\":\\\"2\\\",\\\"status\\\":\\\"1\\\",\\\"action_by\\\":\\\"admin@gmail.com\\\",\\\"action_name\\\":\\\"create\\\",\\\"updated_at\\\":\\\"2025-03-03T12:54:24.000000Z\\\",\\\"created_at\\\":\\\"2025-03-03T12:54:24.000000Z\\\",\\\"id\\\":5}\"',	'admin@gmail.com',	'2025-03-03 07:24:24',	'2025-03-03 07:24:24'),
(97,	'city',	'create',	6,	NULL,	'\"{\\\"city_name\\\":\\\"Sharjah\\\",\\\"country_id\\\":\\\"2\\\",\\\"status\\\":\\\"1\\\",\\\"action_by\\\":\\\"admin@gmail.com\\\",\\\"action_name\\\":\\\"create\\\",\\\"updated_at\\\":\\\"2025-03-03T12:54:57.000000Z\\\",\\\"created_at\\\":\\\"2025-03-03T12:54:57.000000Z\\\",\\\"id\\\":6}\"',	'admin@gmail.com',	'2025-03-03 07:24:57',	'2025-03-03 07:24:57'),
(98,	'city',	'create',	7,	NULL,	'\"{\\\"city_name\\\":\\\"Ajman\\\",\\\"country_id\\\":\\\"3\\\",\\\"status\\\":\\\"1\\\",\\\"action_by\\\":\\\"admin@gmail.com\\\",\\\"action_name\\\":\\\"create\\\",\\\"updated_at\\\":\\\"2025-03-03T12:55:15.000000Z\\\",\\\"created_at\\\":\\\"2025-03-03T12:55:15.000000Z\\\",\\\"id\\\":7}\"',	'admin@gmail.com',	'2025-03-03 07:25:15',	'2025-03-03 07:25:15'),
(99,	'city',	'create',	8,	NULL,	'\"{\\\"city_name\\\":\\\"Manama\\\",\\\"country_id\\\":\\\"3\\\",\\\"status\\\":\\\"1\\\",\\\"action_by\\\":\\\"admin@gmail.com\\\",\\\"action_name\\\":\\\"create\\\",\\\"updated_at\\\":\\\"2025-03-03T12:55:27.000000Z\\\",\\\"created_at\\\":\\\"2025-03-03T12:55:27.000000Z\\\",\\\"id\\\":8}\"',	'admin@gmail.com',	'2025-03-03 07:25:27',	'2025-03-03 07:25:27'),
(100,	'city',	'create',	9,	NULL,	'\"{\\\"city_name\\\":\\\"Doha\\\",\\\"country_id\\\":\\\"3\\\",\\\"status\\\":\\\"1\\\",\\\"action_by\\\":\\\"admin@gmail.com\\\",\\\"action_name\\\":\\\"create\\\",\\\"updated_at\\\":\\\"2025-03-03T12:55:40.000000Z\\\",\\\"created_at\\\":\\\"2025-03-03T12:55:40.000000Z\\\",\\\"id\\\":9}\"',	'admin@gmail.com',	'2025-03-03 07:25:40',	'2025-03-03 07:25:40'),
(101,	'city',	'create',	10,	NULL,	'\"{\\\"city_name\\\":\\\"Fujairah\\\",\\\"country_id\\\":\\\"4\\\",\\\"status\\\":\\\"1\\\",\\\"action_by\\\":\\\"admin@gmail.com\\\",\\\"action_name\\\":\\\"create\\\",\\\"updated_at\\\":\\\"2025-03-03T12:56:04.000000Z\\\",\\\"created_at\\\":\\\"2025-03-03T12:56:04.000000Z\\\",\\\"id\\\":10}\"',	'admin@gmail.com',	'2025-03-03 07:26:04',	'2025-03-03 07:26:04'),
(102,	'city',	'create',	11,	NULL,	'\"{\\\"city_name\\\":\\\"Dubai\\\",\\\"country_id\\\":\\\"4\\\",\\\"status\\\":\\\"1\\\",\\\"action_by\\\":\\\"admin@gmail.com\\\",\\\"action_name\\\":\\\"create\\\",\\\"updated_at\\\":\\\"2025-03-03T12:56:19.000000Z\\\",\\\"created_at\\\":\\\"2025-03-03T12:56:19.000000Z\\\",\\\"id\\\":11}\"',	'admin@gmail.com',	'2025-03-03 07:26:19',	'2025-03-03 07:26:19'),
(103,	'city',	'create',	12,	NULL,	'\"{\\\"city_name\\\":\\\"Fujairah\\\",\\\"country_id\\\":\\\"5\\\",\\\"status\\\":\\\"1\\\",\\\"action_by\\\":\\\"admin@gmail.com\\\",\\\"action_name\\\":\\\"create\\\",\\\"updated_at\\\":\\\"2025-03-03T12:56:46.000000Z\\\",\\\"created_at\\\":\\\"2025-03-03T12:56:46.000000Z\\\",\\\"id\\\":12}\"',	'admin@gmail.com',	'2025-03-03 07:26:46',	'2025-03-03 07:26:46'),
(104,	'city',	'create',	13,	NULL,	'\"{\\\"city_name\\\":\\\"Abu Dhabi\\\",\\\"country_id\\\":\\\"5\\\",\\\"status\\\":\\\"1\\\",\\\"action_by\\\":\\\"admin@gmail.com\\\",\\\"action_name\\\":\\\"create\\\",\\\"updated_at\\\":\\\"2025-03-03T12:57:03.000000Z\\\",\\\"created_at\\\":\\\"2025-03-03T12:57:03.000000Z\\\",\\\"id\\\":13}\"',	'admin@gmail.com',	'2025-03-03 07:27:03',	'2025-03-03 07:27:03'),
(105,	'city',	'create',	14,	NULL,	'\"{\\\"city_name\\\":\\\"Muscat\\\",\\\"country_id\\\":\\\"6\\\",\\\"status\\\":\\\"1\\\",\\\"action_by\\\":\\\"admin@gmail.com\\\",\\\"action_name\\\":\\\"create\\\",\\\"updated_at\\\":\\\"2025-03-03T12:57:33.000000Z\\\",\\\"created_at\\\":\\\"2025-03-03T12:57:33.000000Z\\\",\\\"id\\\":14}\"',	'admin@gmail.com',	'2025-03-03 07:27:33',	'2025-03-03 07:27:33'),
(106,	'city',	'create',	15,	NULL,	'\"{\\\"city_name\\\":\\\"Ras Al Khaimah\\\",\\\"country_id\\\":\\\"6\\\",\\\"status\\\":\\\"1\\\",\\\"action_by\\\":\\\"admin@gmail.com\\\",\\\"action_name\\\":\\\"create\\\",\\\"updated_at\\\":\\\"2025-03-03T12:57:49.000000Z\\\",\\\"created_at\\\":\\\"2025-03-03T12:57:49.000000Z\\\",\\\"id\\\":15}\"',	'admin@gmail.com',	'2025-03-03 07:27:49',	'2025-03-03 07:27:49'),
(107,	'city',	'create',	16,	NULL,	'\"{\\\"city_name\\\":\\\"Ajman\\\",\\\"country_id\\\":\\\"7\\\",\\\"status\\\":\\\"1\\\",\\\"action_by\\\":\\\"admin@gmail.com\\\",\\\"action_name\\\":\\\"create\\\",\\\"updated_at\\\":\\\"2025-03-03T12:58:05.000000Z\\\",\\\"created_at\\\":\\\"2025-03-03T12:58:05.000000Z\\\",\\\"id\\\":16}\"',	'admin@gmail.com',	'2025-03-03 07:28:05',	'2025-03-03 07:28:05'),
(108,	'city',	'create',	17,	NULL,	'\"{\\\"city_name\\\":\\\"Sharjah\\\",\\\"country_id\\\":\\\"7\\\",\\\"status\\\":\\\"1\\\",\\\"action_by\\\":\\\"admin@gmail.com\\\",\\\"action_name\\\":\\\"create\\\",\\\"updated_at\\\":\\\"2025-03-03T12:58:22.000000Z\\\",\\\"created_at\\\":\\\"2025-03-03T12:58:22.000000Z\\\",\\\"id\\\":17}\"',	'admin@gmail.com',	'2025-03-03 07:28:22',	'2025-03-03 07:28:22'),
(109,	'testimonial',	'create',	1,	NULL,	'\"{\\\"image\\\":\\\"uploads\\\\/testimonials\\\\/1741006909_2.jpg\\\",\\\"title\\\":\\\"Abhishek Popli\\\",\\\"description\\\":\\\"<div>Had a great experience! The whole process was quick and easy, and I got the highest price for my Duster. Surjeet Pal, who came to<\\\\/div><div><br><\\\\/div><div> pick up the car, was professional and polite, making me feel comfortable handing it over.<\\\\/div>\\\",\\\"status\\\":true,\\\"action_by\\\":\\\"admin@gmail.com\\\",\\\"action_name\\\":\\\"Create\\\",\\\"updated_at\\\":\\\"2025-03-03T13:01:49.000000Z\\\",\\\"created_at\\\":\\\"2025-03-03T13:01:49.000000Z\\\",\\\"id\\\":1}\"',	'admin@gmail.com',	'2025-03-03 07:31:49',	'2025-03-03 07:31:49'),
(110,	'testimonial',	'update',	1,	'\"{\\\"description\\\":\\\"<div>Had a great experience! The whole process was quick and easy, and I got the highest price for my Duster. Surjeet Pal, who came to<\\\\/div><div><br><\\\\/div><div> pick up the car, was professional and polite, making me feel comfortable handing it over.<\\\\/div>\\\"}\"',	'\"{\\\"description\\\":\\\"<div>Had a great experience! The whole process was quick and easy, and I got the highest price for my Duster. Surjeet Pal, <br><\\\\/div><div><br>who came to pick up the car, was professional and polite, making me feel comfortable handing it over.<\\\\/div>\\\"}\"',	'admin@gmail.com',	'2025-03-03 07:32:21',	'2025-03-03 07:32:21'),
(111,	'properties',	'create',	1,	NULL,	'\"{\\\"name\\\":\\\"CGHS Mandakini Apartments\\\",\\\"seller_id\\\":\\\"3\\\",\\\"description\\\":\\\"<div class=\\\\\\\"component__pdDescAdd\\\\\\\" style=\\\\\\\"margin: 0px 0px 8px; padding: 0px; font-family: &quot;Open Sans&quot;, Arial, Helvetica, sans-serif; border-radius: 0px; border: 0px; vertical-align: baseline; -webkit-tap-highlight-color: rgba(0, 0, 0, 0); outline: 0px; background: transparent; line-height: normal; color: rgb(102, 102, 102);\\\\\\\"><span style=\\\\\\\"margin: 0px; padding: 0px; font-family: &quot;Open Sans&quot;; border-radius: 0px; border: 0px; vertical-align: baseline; font-weight: 600; font-size: inherit; -webkit-tap-highlight-color: rgba(0, 0, 0, 0); outline: 0px; background: transparent; line-height: normal;\\\\\\\">Address<\\\\/span>:&nbsp;<span id=\\\\\\\"address\\\\\\\" style=\\\\\\\"margin: 0px; padding: 0px; font-family: &quot;Open Sans&quot;; border-radius: 0px; border: 0px; vertical-align: baseline; font-weight: inherit; font-size: inherit; -webkit-tap-highlight-color: rgba(0, 0, 0, 0); display: inline-block; background: transparent; line-height: normal; outline: 0px;\\\\\\\">Sector 2 Dwarka, Delhi<\\\\/span><\\\\/div><p style=\\\\\\\"margin-right: 0px; margin-bottom: 0px; margin-left: 0px; padding: 0px; font-family: &quot;Open Sans&quot;; border-radius: 0px; -webkit-tap-highlight-color: rgba(0, 0, 0, 0); border: 0px; vertical-align: baseline; font-weight: inherit; font-size: inherit; white-space-collapse: preserve-breaks;\\\\\\\">This is your chance to a 4 bhk apartment \\\\/ flat for sale in cghs mandakini apartments sector 2 dwarka delhi . Where luxury comes with affordability.<\\\\/p><p><span id=\\\\\\\"description\\\\\\\" class=\\\\\\\"component__hiddenText component__paraFormat\\\\\\\" style=\\\\\\\"margin: 0px; padding: 0px; font-family: &quot;Open Sans&quot;, Arial, Helvetica, sans-serif; border-radius: 0px; border: 0px; vertical-align: baseline; -webkit-tap-highlight-color: rgba(0, 0, 0, 0); outline: 0px; background: transparent; line-height: normal; color: rgb(102, 102, 102);\\\\\\\"><br style=\\\\\\\"margin: 0px; padding: 0px; font-family: &quot;Open Sans&quot;; border-radius: 0px; -webkit-tap-highlight-color: rgba(0, 0, 0, 0);\\\\\\\"><\\\\/span><\\\\/p><p style=\\\\\\\"margin-right: 0px; margin-bottom: 0px; margin-left: 0px; padding: 0px; font-family: &quot;Open Sans&quot;; border-radius: 0px; -webkit-tap-highlight-color: rgba(0, 0, 0, 0); border: 0px; vertical-align: baseline; font-weight: inherit; font-size: inherit; white-space-collapse: preserve-breaks;\\\\\\\">Basic details:\\\\r\\\\nYou will love this bright and spacious 4 bedroom apartment with 3 bathrooms, modular kitchen, spacious hall and 4 balconies.The balcony offers a great view and is a place to enjoy at any time. This house provides ample natural light and has good ventilation that invites comfort.<\\\\/p><p><span class=\\\\\\\"component__hiddenText component__paraFormat\\\\\\\" style=\\\\\\\"margin: 0px; padding: 0px; font-family: &quot;Open Sans&quot;, Arial, Helvetica, sans-serif; border-radius: 0px; border: 0px; vertical-align: baseline; -webkit-tap-highlight-color: rgba(0, 0, 0, 0); outline: 0px; background: transparent; line-height: normal; color: rgb(102, 102, 102);\\\\\\\"><br style=\\\\\\\"margin: 0px; padding: 0px; font-family: &quot;Open Sans&quot;; border-radius: 0px; -webkit-tap-highlight-color: rgba(0, 0, 0, 0);\\\\\\\"><\\\\/span><\\\\/p><p style=\\\\\\\"margin-right: 0px; margin-bottom: 0px; margin-left: 0px; padding: 0px; font-family: &quot;Open Sans&quot;; border-radius: 0px; -webkit-tap-highlight-color: rgba(0, 0, 0, 0); border: 0px; vertical-align: baseline; font-weight: inherit; font-size: inherit; white-space-collapse: preserve-breaks;\\\\\\\">Furnishings and amenities:\\\\r\\\\nThis impeccable house is spread across an area of 2600 sq.Ft. And is an semifurnished unit.\\\\r\\\\nThe amenities are designed to make your life easy, exciting and luxurious. The society boasts of manicured landscaping and includes lifts, intercom facility, security\\\\/fire alarm, maintenance staff, security personnel, visitor parking, swimming pool, gym, clubhouse, rainwater harvesting, piped gas, water storage, waste disposal and park.\\\\r\\\\nThe property is a quality construction.<\\\\/p><p><span class=\\\\\\\"component__hiddenText component__paraFormat\\\\\\\" style=\\\\\\\"margin: 0px; padding: 0px; font-family: &quot;Open Sans&quot;, Arial, Helvetica, sans-serif; border-radius: 0px; border: 0px; vertical-align: baseline; -webkit-tap-highlight-color: rgba(0, 0, 0, 0); outline: 0px; background: transparent; line-height: normal; color: rgb(102, 102, 102);\\\\\\\"><br style=\\\\\\\"margin: 0px; padding: 0px; font-family: &quot;Open Sans&quot;; border-radius: 0px; -webkit-tap-highlight-color: rgba(0, 0, 0, 0);\\\\\\\"><\\\\/span><\\\\/p><p style=\\\\\\\"margin-right: 0px; margin-bottom: 0px; margin-left: 0px; padding: 0px; font-family: &quot;Open Sans&quot;; border-radius: 0px; -webkit-tap-highlight-color: rgba(0, 0, 0, 0); border: 0px; vertical-align: baseline; font-weight: inherit; font-size: inherit; white-space-collapse: preserve-breaks;\\\\\\\">Location:\\\\r\\\\nThe prime location provides residents with access to the very best that this city has to offer. The property is situated close to all the basic amenities. It is close to the main road making it highly accessible.\\\\r\\\\n-Major banks and atms within proximity\\\\r\\\\n-Schools within a close radius\\\\r\\\\n-Easy access to public transport<\\\\/p><p><span class=\\\\\\\"component__hiddenText component__paraFormat\\\\\\\" style=\\\\\\\"margin: 0px; padding: 0px; font-family: &quot;Open Sans&quot;, Arial, Helvetica, sans-serif; border-radius: 0px; border: 0px; vertical-align: baseline; -webkit-tap-highlight-color: rgba(0, 0, 0, 0); outline: 0px; background: transparent; line-height: normal; color: rgb(102, 102, 102);\\\\\\\"><br style=\\\\\\\"margin: 0px; padding: 0px; font-family: &quot;Open Sans&quot;; border-radius: 0px; -webkit-tap-highlight-color: rgba(0, 0, 0, 0);\\\\\\\"><\\\\/span><\\\\/p><p style=\\\\\\\"margin-right: 0px; margin-bottom: 0px; margin-left: 0px; padding: 0px; font-family: &quot;Open Sans&quot;; border-radius: 0px; -webkit-tap-highlight-color: rgba(0, 0, 0, 0); border: 0px; vertical-align: baseline; font-weight: inherit; font-size: inherit; white-space-collapse: preserve-breaks;\\\\\\\">Wait no more and schedule a tour today.\\\\r\\\\nFor more details, kindly contact the owner.\\\\r\\\\nAdditional details :<\\\\/p><p><span class=\\\\\\\"component__hiddenText component__paraFormat\\\\\\\" style=\\\\\\\"margin: 0px; padding: 0px; font-family: &quot;Open Sans&quot;, Arial, Helvetica, sans-serif; border-radius: 0px; border: 0px; vertical-align: baseline; -webkit-tap-highlight-color: rgba(0, 0, 0, 0); outline: 0px; background: transparent; line-height: normal; color: rgb(102, 102, 102);\\\\\\\"><br style=\\\\\\\"margin: 0px; padding: 0px; font-family: &quot;Open Sans&quot;; border-radius: 0px; -webkit-tap-highlight-color: rgba(0, 0, 0, 0);\\\\\\\"><\\\\/span><\\\\/p><p style=\\\\\\\"box-sizing: border-box; margin: 0px; padding: 0px; font-family: &quot;Open Sans&quot;; border-radius: 0px; -webkit-tap-highlight-color: rgba(0, 0, 0, 0); border: 0px; vertical-align: baseline; font-weight: inherit; font-size: inherit; white-space: pre-line;\\\\\\\">Piped gas facility is available in the property.\\\\r\\\\nThe apartment has borings water supply.\\\\r\\\\nFull power backup is available.\\\\r\\\\nThere is also a separate washroom for domestic help.\\\\r\\\\nThe society has dedicated security guards for every tower.<\\\\/p>\\\",\\\"category\\\":\\\"1\\\",\\\"subcategory\\\":\\\"1\\\",\\\"country\\\":\\\"1\\\",\\\"city\\\":\\\"1\\\",\\\"beds\\\":\\\"5\\\",\\\"bathroom\\\":\\\"3\\\",\\\"length\\\":\\\"2600\\\",\\\"price\\\":\\\"2500000\\\",\\\"location\\\":\\\"Noida\\\",\\\"configuration\\\":\\\"7\\\",\\\"amenitie\\\":\\\"[\\\\\\\"1\\\\\\\",\\\\\\\"2\\\\\\\"]\\\",\\\"seo_title\\\":\\\"CGHS Mandakini Apartments\\\",\\\"seo_description\\\":\\\"This is your chance to a 4 bhk apartment \\\\/ flat for sale in cghs mandakini apartments sector 2 dwarka delhi . Where luxury comes with affordability.\\\",\\\"seo_keywords\\\":\\\"noida,dubai,Mandakini\\\",\\\"action_by\\\":\\\"admin@gmail.com\\\",\\\"action_name\\\":\\\"Create\\\",\\\"status\\\":\\\"approved\\\",\\\"updated_at\\\":\\\"2025-03-03T13:14:45.000000Z\\\",\\\"created_at\\\":\\\"2025-03-03T13:14:45.000000Z\\\",\\\"id\\\":1}\"',	'admin@gmail.com',	'2025-03-03 07:44:45',	'2025-03-03 07:44:45'),
(112,	'properties',	'update',	2,	'\"{\\\"subcategory\\\":1,\\\"city\\\":1,\\\"beds\\\":5,\\\"bathroom\\\":3,\\\"amenitie\\\":\\\"[\\\\\\\"1\\\\\\\", \\\\\\\"2\\\\\\\"]\\\"}\"',	'\"{\\\"subcategory\\\":\\\"8\\\",\\\"city\\\":\\\"2\\\",\\\"beds\\\":\\\"4\\\",\\\"bathroom\\\":\\\"2\\\",\\\"amenitie\\\":\\\"[\\\\\\\"1\\\\\\\",\\\\\\\"2\\\\\\\"]\\\"}\"',	'admin@gmail.com',	'2025-03-03 07:47:28',	'2025-03-03 07:47:28'),
(113,	'properties',	'update',	3,	'\"{\\\"amenitie\\\":\\\"[\\\\\\\"1\\\\\\\", \\\\\\\"2\\\\\\\"]\\\"}\"',	'\"{\\\"amenitie\\\":\\\"[\\\\\\\"1\\\\\\\",\\\\\\\"2\\\\\\\"]\\\"}\"',	'admin@gmail.com',	'2025-03-03 07:48:12',	'2025-03-03 07:48:12'),
(114,	'properties',	'update',	4,	'\"{\\\"amenitie\\\":\\\"[\\\\\\\"1\\\\\\\", \\\\\\\"2\\\\\\\"]\\\"}\"',	'\"{\\\"amenitie\\\":\\\"[\\\\\\\"1\\\\\\\",\\\\\\\"2\\\\\\\"]\\\"}\"',	'admin@gmail.com',	'2025-03-03 07:48:45',	'2025-03-03 07:48:45'),
(115,	'properties',	'update',	5,	'\"{\\\"country\\\":1,\\\"city\\\":2,\\\"amenitie\\\":\\\"[\\\\\\\"1\\\\\\\", \\\\\\\"2\\\\\\\"]\\\"}\"',	'\"{\\\"country\\\":\\\"2\\\",\\\"city\\\":\\\"4\\\",\\\"amenitie\\\":\\\"[\\\\\\\"1\\\\\\\",\\\\\\\"2\\\\\\\"]\\\"}\"',	'admin@gmail.com',	'2025-03-03 07:49:47',	'2025-03-03 07:49:47'),
(116,	'properties',	'update',	6,	'\"{\\\"city\\\":2,\\\"amenitie\\\":\\\"[\\\\\\\"1\\\\\\\", \\\\\\\"2\\\\\\\"]\\\"}\"',	'\"{\\\"city\\\":\\\"3\\\",\\\"amenitie\\\":\\\"[\\\\\\\"1\\\\\\\",\\\\\\\"2\\\\\\\"]\\\"}\"',	'admin@gmail.com',	'2025-03-03 07:51:06',	'2025-03-03 07:51:06'),
(117,	'properties',	'update',	6,	'\"{\\\"amenitie\\\":\\\"[\\\\\\\"1\\\\\\\", \\\\\\\"2\\\\\\\"]\\\"}\"',	'\"{\\\"amenitie\\\":\\\"[\\\\\\\"1\\\\\\\",\\\\\\\"2\\\\\\\"]\\\"}\"',	'admin@gmail.com',	'2025-03-03 07:51:26',	'2025-03-03 07:51:26'),
(118,	'properties',	'update',	7,	'\"{\\\"category\\\":1,\\\"subcategory\\\":8,\\\"amenitie\\\":\\\"[\\\\\\\"1\\\\\\\", \\\\\\\"2\\\\\\\"]\\\"}\"',	'\"{\\\"category\\\":\\\"2\\\",\\\"subcategory\\\":\\\"5\\\",\\\"amenitie\\\":\\\"[\\\\\\\"1\\\\\\\",\\\\\\\"2\\\\\\\"]\\\"}\"',	'admin@gmail.com',	'2025-03-03 07:55:04',	'2025-03-03 07:55:04'),
(119,	'properties',	'update',	4,	'\"{\\\"category\\\":1,\\\"subcategory\\\":8,\\\"amenitie\\\":\\\"[\\\\\\\"1\\\\\\\", \\\\\\\"2\\\\\\\"]\\\"}\"',	'\"{\\\"category\\\":\\\"2\\\",\\\"subcategory\\\":\\\"6\\\",\\\"amenitie\\\":\\\"[\\\\\\\"1\\\\\\\",\\\\\\\"2\\\\\\\"]\\\"}\"',	'admin@gmail.com',	'2025-03-03 08:16:38',	'2025-03-03 08:16:38'),
(120,	'properties',	'update',	2,	'\"{\\\"category\\\":1,\\\"subcategory\\\":8,\\\"amenitie\\\":\\\"[\\\\\\\"1\\\\\\\", \\\\\\\"2\\\\\\\"]\\\"}\"',	'\"{\\\"category\\\":\\\"2\\\",\\\"subcategory\\\":\\\"7\\\",\\\"amenitie\\\":\\\"[\\\\\\\"1\\\\\\\",\\\\\\\"2\\\\\\\"]\\\"}\"',	'admin@gmail.com',	'2025-03-03 08:21:23',	'2025-03-03 08:21:23'),
(121,	'properties',	'update',	8,	'\"{\\\"country\\\":1,\\\"city\\\":2,\\\"amenitie\\\":\\\"[\\\\\\\"1\\\\\\\", \\\\\\\"2\\\\\\\"]\\\"}\"',	'\"{\\\"country\\\":\\\"2\\\",\\\"city\\\":\\\"5\\\",\\\"amenitie\\\":\\\"[\\\\\\\"1\\\\\\\",\\\\\\\"2\\\\\\\"]\\\"}\"',	'admin@gmail.com',	'2025-03-03 08:26:08',	'2025-03-03 08:26:08'),
(122,	'properties',	'update',	9,	'\"{\\\"subcategory\\\":5,\\\"amenitie\\\":\\\"[\\\\\\\"1\\\\\\\", \\\\\\\"2\\\\\\\"]\\\"}\"',	'\"{\\\"subcategory\\\":\\\"6\\\",\\\"amenitie\\\":\\\"[\\\\\\\"1\\\\\\\",\\\\\\\"2\\\\\\\"]\\\"}\"',	'admin@gmail.com',	'2025-03-03 08:26:53',	'2025-03-03 08:26:53'),
(123,	'carlist',	'create',	1,	NULL,	'\"{\\\"name\\\":\\\"car one\\\",\\\"seller_id\\\":\\\"3\\\",\\\"country\\\":\\\"1\\\",\\\"city\\\":\\\"1\\\",\\\"location\\\":\\\"Lago Vista A\\\",\\\"price\\\":\\\"250000\\\",\\\"description\\\":\\\"<div class=\\\\\\\"component__pdDescAdd\\\\\\\" style=\\\\\\\"margin: 0px 0px 8px; padding: 0px; font-family: &quot;Open Sans&quot;, Arial, Helvetica, sans-serif; border-radius: 0px; border: 0px; vertical-align: baseline; -webkit-tap-highlight-color: rgba(0, 0, 0, 0); outline: 0px; background: transparent; line-height: normal; color: rgb(102, 102, 102);\\\\\\\">Cars come in various types, each designed for different needs. <strong data-start=\\\\\\\"63\\\\\\\" data-end=\\\\\\\"73\\\\\\\">Sedans<\\\\/strong> offer a balance of comfort and efficiency, ideal for daily commuting. <strong data-start=\\\\\\\"144\\\\\\\" data-end=\\\\\\\"152\\\\\\\">SUVs<\\\\/strong> provide more space, higher ground clearance, and better off-road capability. <strong data-start=\\\\\\\"230\\\\\\\" data-end=\\\\\\\"244\\\\\\\">Hatchbacks<\\\\/strong> are compact and fuel-efficient, perfect for city driving. <strong data-start=\\\\\\\"303\\\\\\\" data-end=\\\\\\\"313\\\\\\\">Coupes<\\\\/strong> focus on sporty performance with sleek designs, while <strong data-start=\\\\\\\"368\\\\\\\" data-end=\\\\\\\"384\\\\\\\">convertibles<\\\\/strong> add the thrill of open-air driving. <strong data-start=\\\\\\\"421\\\\\\\" data-end=\\\\\\\"448\\\\\\\">Electric vehicles (EVs)<\\\\/strong> are eco-friendly and cost-efficient in the long run. <strong data-start=\\\\\\\"502\\\\\\\" data-end=\\\\\\\"517\\\\\\\">Luxury cars<\\\\/strong> combine advanced technology with premium comfort. Whether you need power, efficiency, or style, there\\\\u2019s a car for every lifestyle and preference.&nbsp;<\\\\/div>\\\",\\\"status\\\":\\\"1\\\",\\\"seo_title\\\":\\\"car one\\\",\\\"seo_description\\\":\\\"Cars come in various types, each designed for different needs. Sedans offer a balance of comfort and efficiency, ideal for daily commuting. SUVs provide more space, higher ground clearance,\\\",\\\"seo_keywords\\\":\\\"car,honda,swift\\\",\\\"action_by\\\":\\\"admin@gmail.com\\\",\\\"action_name\\\":\\\"Creation\\\",\\\"updated_at\\\":\\\"2025-03-03T17:34:04.000000Z\\\",\\\"created_at\\\":\\\"2025-03-03T17:34:04.000000Z\\\",\\\"id\\\":1}\"',	'admin@gmail.com',	'2025-03-03 12:04:04',	'2025-03-03 12:04:04'),
(124,	'carlist',	'update',	2,	'\"{\\\"city\\\":1}\"',	'\"{\\\"city\\\":\\\"2\\\"}\"',	'admin@gmail.com',	'2025-03-03 12:14:21',	'2025-03-03 12:14:21'),
(125,	'carlist',	'create',	3,	NULL,	'\"{\\\"name\\\":\\\"car one\\\",\\\"seller_id\\\":\\\"3\\\",\\\"country\\\":\\\"2\\\",\\\"city\\\":\\\"4\\\",\\\"location\\\":\\\"Lago Vista A\\\",\\\"price\\\":\\\"260000\\\",\\\"description\\\":\\\"<p>Cars come in various types, each designed for different needs. <strong data-start=\\\\\\\"63\\\\\\\" data-end=\\\\\\\"73\\\\\\\">Sedans<\\\\/strong> offer a balance of comfort and efficiency, ideal for daily commuting. <strong data-start=\\\\\\\"144\\\\\\\" data-end=\\\\\\\"152\\\\\\\">SUVs<\\\\/strong> provide more space, higher ground clearance, and better off-road capability. <strong data-start=\\\\\\\"230\\\\\\\" data-end=\\\\\\\"244\\\\\\\">Hatchbacks<\\\\/strong> are compact and fuel-efficient, perfect for city driving. <strong data-start=\\\\\\\"303\\\\\\\" data-end=\\\\\\\"313\\\\\\\">Coupes<\\\\/strong> focus on sporty performance with sleek designs, while <strong data-start=\\\\\\\"368\\\\\\\" data-end=\\\\\\\"384\\\\\\\">convertibles<\\\\/strong> add the thrill of open-air driving. <strong data-start=\\\\\\\"421\\\\\\\" data-end=\\\\\\\"448\\\\\\\">Electric vehicles (EVs)<\\\\/strong> are eco-friendly and cost-efficient in the long run. <strong data-start=\\\\\\\"502\\\\\\\" data-end=\\\\\\\"517\\\\\\\">Luxury cars<\\\\/strong> combine advanced technology with premium comfort. Whether you need power, efficiency, or style, there\\\\u2019s a car for every lifestyle and preference.&nbsp;<\\\\/p>\\\",\\\"status\\\":\\\"1\\\",\\\"seo_title\\\":\\\"car seo title\\\",\\\"seo_description\\\":\\\"perfect for city driving. Coupes focus on sporty performance with sleek designs, while convertibles add the thrill of open-air driving. Electric vehicles (EVs) are eco-friendly and cost-efficient in the long run. Luxury cars combine advanced technology with premium comfort. Whether you need power, efficiency,\\\",\\\"seo_keywords\\\":\\\"car,honda,swift\\\",\\\"action_by\\\":\\\"admin@gmail.com\\\",\\\"action_name\\\":\\\"Creation\\\",\\\"updated_at\\\":\\\"2025-03-03T17:55:06.000000Z\\\",\\\"created_at\\\":\\\"2025-03-03T17:55:06.000000Z\\\",\\\"id\\\":3}\"',	'admin@gmail.com',	'2025-03-03 12:25:06',	'2025-03-03 12:25:06'),
(126,	'carlist',	'create',	4,	NULL,	'\"{\\\"name\\\":\\\"car four\\\",\\\"seller_id\\\":\\\"3\\\",\\\"country\\\":\\\"2\\\",\\\"city\\\":\\\"5\\\",\\\"location\\\":\\\"Noida\\\",\\\"price\\\":\\\"275000\\\",\\\"description\\\":\\\"<p>perfect for city driving.&nbsp;<span data-start=\\\\\\\"303\\\\\\\" data-end=\\\\\\\"313\\\\\\\" style=\\\\\\\"font-weight: bolder;\\\\\\\">Coupes<\\\\/span>&nbsp;focus on sporty performance with sleek designs, while&nbsp;<span data-start=\\\\\\\"368\\\\\\\" data-end=\\\\\\\"384\\\\\\\" style=\\\\\\\"font-weight: bolder;\\\\\\\">convertibles<\\\\/span>&nbsp;add the thrill of open-air driving.&nbsp;<span data-start=\\\\\\\"421\\\\\\\" data-end=\\\\\\\"448\\\\\\\" style=\\\\\\\"font-weight: bolder;\\\\\\\">Electric vehicles (EVs)<\\\\/span>&nbsp;are eco-friendly and cost-efficient in the long run.&nbsp;<span data-start=\\\\\\\"502\\\\\\\" data-end=\\\\\\\"517\\\\\\\" style=\\\\\\\"font-weight: bolder;\\\\\\\">Luxury cars<\\\\/span>&nbsp;combine advanced technology with premium comfort. Whether you need power, efficiency,&nbsp;<\\\\/p>\\\",\\\"status\\\":\\\"1\\\",\\\"seo_title\\\":\\\"car seo title\\\",\\\"seo_description\\\":\\\"perfect for city driving. Coupes focus on sporty performance with sleek designs, while convertibles add the thrill of open-air driving. Electric vehicles (EVs) are eco-friendly and cost-efficient in the long run. Luxury cars combine advanced technology with premium comfort. Whether you need power, efficiency,\\\",\\\"seo_keywords\\\":\\\"car,honda,swift\\\",\\\"action_by\\\":\\\"admin@gmail.com\\\",\\\"action_name\\\":\\\"Creation\\\",\\\"updated_at\\\":\\\"2025-03-03T17:56:46.000000Z\\\",\\\"created_at\\\":\\\"2025-03-03T17:56:46.000000Z\\\",\\\"id\\\":4}\"',	'admin@gmail.com',	'2025-03-03 12:26:46',	'2025-03-03 12:26:46'),
(127,	'carlist',	'create',	5,	NULL,	'\"{\\\"name\\\":\\\"car five\\\",\\\"seller_id\\\":\\\"3\\\",\\\"country\\\":\\\"2\\\",\\\"city\\\":\\\"6\\\",\\\"location\\\":\\\"Noida\\\",\\\"price\\\":\\\"350000\\\",\\\"description\\\":\\\"<p>perfect for city driving.&nbsp;<span data-start=\\\\\\\"303\\\\\\\" data-end=\\\\\\\"313\\\\\\\" style=\\\\\\\"font-weight: bolder;\\\\\\\">Coupes<\\\\/span>&nbsp;focus on sporty performance with sleek designs, while&nbsp;<span data-start=\\\\\\\"368\\\\\\\" data-end=\\\\\\\"384\\\\\\\" style=\\\\\\\"font-weight: bolder;\\\\\\\">convertibles<\\\\/span>&nbsp;add the thrill of open-air driving.&nbsp;<span data-start=\\\\\\\"421\\\\\\\" data-end=\\\\\\\"448\\\\\\\" style=\\\\\\\"font-weight: bolder;\\\\\\\">Electric vehicles (EVs)<\\\\/span>&nbsp;are eco-friendly and cost-efficient in the long run.&nbsp;<span data-start=\\\\\\\"502\\\\\\\" data-end=\\\\\\\"517\\\\\\\" style=\\\\\\\"font-weight: bolder;\\\\\\\">Luxury cars<\\\\/span>&nbsp;combine advanced technology with premium comfort. Whether you need power, efficiency,&nbsp;<\\\\/p>\\\",\\\"status\\\":\\\"1\\\",\\\"seo_title\\\":\\\"SEO Title\\\",\\\"seo_description\\\":\\\"perfect for city driving. Coupes focus on sporty performance with sleek designs, while convertibles add the thrill of open-air driving. Electric vehicles (EVs) are eco-friendly and cost-efficient in the long run. Luxury cars combine advanced technology with premium comfort. Whether you need power, efficiency,\\\",\\\"seo_keywords\\\":\\\"mid,man,midman\\\",\\\"action_by\\\":\\\"admin@gmail.com\\\",\\\"action_name\\\":\\\"Creation\\\",\\\"updated_at\\\":\\\"2025-03-03T18:01:13.000000Z\\\",\\\"created_at\\\":\\\"2025-03-03T18:01:13.000000Z\\\",\\\"id\\\":5}\"',	'admin@gmail.com',	'2025-03-03 12:31:13',	'2025-03-03 12:31:13'),
(128,	'carlist',	'create',	6,	NULL,	'\"{\\\"name\\\":\\\"car six\\\",\\\"seller_id\\\":\\\"3\\\",\\\"country\\\":\\\"1\\\",\\\"city\\\":\\\"3\\\",\\\"location\\\":\\\"Noida\\\",\\\"price\\\":\\\"36000\\\",\\\"description\\\":\\\"<p>perfect for city driving.&nbsp;<span data-start=\\\\\\\"303\\\\\\\" data-end=\\\\\\\"313\\\\\\\" style=\\\\\\\"font-weight: bolder;\\\\\\\">Coupes<\\\\/span>&nbsp;focus on sporty performance with sleek designs, while&nbsp;<span data-start=\\\\\\\"368\\\\\\\" data-end=\\\\\\\"384\\\\\\\" style=\\\\\\\"font-weight: bolder;\\\\\\\">convertibles<\\\\/span>&nbsp;add the thrill of open-air driving.&nbsp;<span data-start=\\\\\\\"421\\\\\\\" data-end=\\\\\\\"448\\\\\\\" style=\\\\\\\"font-weight: bolder;\\\\\\\">Electric vehicles (EVs)<\\\\/span>&nbsp;are eco-friendly and cost-efficient in the long run.&nbsp;<span data-start=\\\\\\\"502\\\\\\\" data-end=\\\\\\\"517\\\\\\\" style=\\\\\\\"font-weight: bolder;\\\\\\\">Luxury cars<\\\\/span>&nbsp;combine advanced technology with premium comfort. Whether you need power, efficiency,&nbsp;<\\\\/p>\\\",\\\"status\\\":\\\"1\\\",\\\"seo_title\\\":\\\"car seo title\\\",\\\"seo_description\\\":\\\"perfect for city driving. Coupes focus on sporty performance with sleek designs, while convertibles add the thrill of open-air driving. Electric vehicles (EVs) are eco-friendly and cost-efficient in the long run. Luxury cars combine advanced technology with premium comfort. Whether you need power, efficiency,\\\",\\\"seo_keywords\\\":\\\"car,honda,swift\\\",\\\"action_by\\\":\\\"admin@gmail.com\\\",\\\"action_name\\\":\\\"Creation\\\",\\\"updated_at\\\":\\\"2025-03-03T18:09:43.000000Z\\\",\\\"created_at\\\":\\\"2025-03-03T18:09:43.000000Z\\\",\\\"id\\\":6}\"',	'admin@gmail.com',	'2025-03-03 12:39:43',	'2025-03-03 12:39:43'),
(129,	'carlist',	'create',	7,	NULL,	'\"{\\\"name\\\":\\\"car seven\\\",\\\"seller_id\\\":\\\"3\\\",\\\"country\\\":\\\"1\\\",\\\"city\\\":\\\"2\\\",\\\"location\\\":\\\"Noida\\\",\\\"price\\\":\\\"380000\\\",\\\"description\\\":\\\"<p>perfect for city driving.&nbsp;<span data-start=\\\\\\\"303\\\\\\\" data-end=\\\\\\\"313\\\\\\\" style=\\\\\\\"font-weight: bolder;\\\\\\\">Coupes<\\\\/span>&nbsp;focus on sporty performance with sleek designs, while&nbsp;<span data-start=\\\\\\\"368\\\\\\\" data-end=\\\\\\\"384\\\\\\\" style=\\\\\\\"font-weight: bolder;\\\\\\\">convertibles<\\\\/span>&nbsp;add the thrill of open-air driving.&nbsp;<span data-start=\\\\\\\"421\\\\\\\" data-end=\\\\\\\"448\\\\\\\" style=\\\\\\\"font-weight: bolder;\\\\\\\">Electric vehicles (EVs)<\\\\/span>&nbsp;are eco-friendly and cost-efficient in the long run.&nbsp;<span data-start=\\\\\\\"502\\\\\\\" data-end=\\\\\\\"517\\\\\\\" style=\\\\\\\"font-weight: bolder;\\\\\\\">Luxury cars<\\\\/span>&nbsp;combine advanced technology with premium comfort. Whether you need power, efficiency,&nbsp;<\\\\/p>\\\",\\\"status\\\":\\\"1\\\",\\\"seo_title\\\":\\\"test\\\",\\\"seo_description\\\":\\\"perfect for city driving. Coupes focus on sporty performance with sleek designs, while convertibles add the thrill of open-air driving. Electric vehicles (EVs) are eco-friendly and cost-efficient in the long run. Luxury cars combine advanced technology with premium comfort. Whether you need power, efficiency,\\\",\\\"seo_keywords\\\":\\\"mid,man,midman\\\",\\\"action_by\\\":\\\"admin@gmail.com\\\",\\\"action_name\\\":\\\"Creation\\\",\\\"updated_at\\\":\\\"2025-03-03T18:12:56.000000Z\\\",\\\"created_at\\\":\\\"2025-03-03T18:12:56.000000Z\\\",\\\"id\\\":7}\"',	'admin@gmail.com',	'2025-03-03 12:42:56',	'2025-03-03 12:42:56'),
(130,	'realstate',	'create',	1,	NULL,	'\"{\\\"image\\\":\\\"uploads\\\\/realstate\\\\/1741081968_dev1.png\\\",\\\"status\\\":true,\\\"action_by\\\":\\\"admin@gmail.com\\\",\\\"action_name\\\":\\\"Create\\\",\\\"updated_at\\\":\\\"2025-03-04T09:52:48.000000Z\\\",\\\"created_at\\\":\\\"2025-03-04T09:52:48.000000Z\\\",\\\"id\\\":1}\"',	'admin@gmail.com',	'2025-03-04 04:22:48',	'2025-03-04 04:22:48'),
(131,	'realstate',	'create',	2,	NULL,	'\"{\\\"image\\\":\\\"uploads\\\\/realstate\\\\/1741081978_dev2.png\\\",\\\"status\\\":true,\\\"action_by\\\":\\\"admin@gmail.com\\\",\\\"action_name\\\":\\\"Create\\\",\\\"updated_at\\\":\\\"2025-03-04T09:52:58.000000Z\\\",\\\"created_at\\\":\\\"2025-03-04T09:52:58.000000Z\\\",\\\"id\\\":2}\"',	'admin@gmail.com',	'2025-03-04 04:22:58',	'2025-03-04 04:22:58'),
(132,	'realstate',	'create',	3,	NULL,	'\"{\\\"image\\\":\\\"uploads\\\\/realstate\\\\/1741081986_dev3.png\\\",\\\"status\\\":true,\\\"action_by\\\":\\\"admin@gmail.com\\\",\\\"action_name\\\":\\\"Create\\\",\\\"updated_at\\\":\\\"2025-03-04T09:53:06.000000Z\\\",\\\"created_at\\\":\\\"2025-03-04T09:53:06.000000Z\\\",\\\"id\\\":3}\"',	'admin@gmail.com',	'2025-03-04 04:23:06',	'2025-03-04 04:23:06'),
(133,	'realstate',	'create',	4,	NULL,	'\"{\\\"image\\\":\\\"uploads\\\\/realstate\\\\/1741081993_dev4.png\\\",\\\"status\\\":true,\\\"action_by\\\":\\\"admin@gmail.com\\\",\\\"action_name\\\":\\\"Create\\\",\\\"updated_at\\\":\\\"2025-03-04T09:53:13.000000Z\\\",\\\"created_at\\\":\\\"2025-03-04T09:53:13.000000Z\\\",\\\"id\\\":4}\"',	'admin@gmail.com',	'2025-03-04 04:23:13',	'2025-03-04 04:23:13'),
(134,	'realstate',	'create',	5,	NULL,	'\"{\\\"image\\\":\\\"uploads\\\\/realstate\\\\/1741082003_dev1.png\\\",\\\"status\\\":true,\\\"action_by\\\":\\\"admin@gmail.com\\\",\\\"action_name\\\":\\\"Create\\\",\\\"updated_at\\\":\\\"2025-03-04T09:53:23.000000Z\\\",\\\"created_at\\\":\\\"2025-03-04T09:53:23.000000Z\\\",\\\"id\\\":5}\"',	'admin@gmail.com',	'2025-03-04 04:23:23',	'2025-03-04 04:23:23'),
(135,	'realstate',	'create',	6,	NULL,	'\"{\\\"image\\\":\\\"uploads\\\\/realstate\\\\/1741082010_dev2.png\\\",\\\"status\\\":true,\\\"action_by\\\":\\\"admin@gmail.com\\\",\\\"action_name\\\":\\\"Create\\\",\\\"updated_at\\\":\\\"2025-03-04T09:53:30.000000Z\\\",\\\"created_at\\\":\\\"2025-03-04T09:53:30.000000Z\\\",\\\"id\\\":6}\"',	'admin@gmail.com',	'2025-03-04 04:23:30',	'2025-03-04 04:23:30'),
(136,	'realstate',	'create',	7,	NULL,	'\"{\\\"image\\\":\\\"uploads\\\\/realstate\\\\/1741082015_dev3.png\\\",\\\"status\\\":true,\\\"action_by\\\":\\\"admin@gmail.com\\\",\\\"action_name\\\":\\\"Create\\\",\\\"updated_at\\\":\\\"2025-03-04T09:53:35.000000Z\\\",\\\"created_at\\\":\\\"2025-03-04T09:53:35.000000Z\\\",\\\"id\\\":7}\"',	'admin@gmail.com',	'2025-03-04 04:23:35',	'2025-03-04 04:23:35'),
(137,	'realstate',	'create',	8,	NULL,	'\"{\\\"image\\\":\\\"uploads\\\\/realstate\\\\/1741082021_dev4.png\\\",\\\"status\\\":true,\\\"action_by\\\":\\\"admin@gmail.com\\\",\\\"action_name\\\":\\\"Create\\\",\\\"updated_at\\\":\\\"2025-03-04T09:53:41.000000Z\\\",\\\"created_at\\\":\\\"2025-03-04T09:53:41.000000Z\\\",\\\"id\\\":8}\"',	'admin@gmail.com',	'2025-03-04 04:23:41',	'2025-03-04 04:23:41'),
(138,	'carlist',	'create',	8,	NULL,	'\"{\\\"name\\\":\\\"car seven\\\",\\\"slug\\\":\\\"car-seven\\\",\\\"seller_id\\\":\\\"3\\\",\\\"country\\\":\\\"1\\\",\\\"city\\\":\\\"2\\\",\\\"location\\\":\\\"Lago Vista A\\\",\\\"price\\\":\\\"3650000\\\",\\\"description\\\":\\\"<p><span style=\\\\\\\"color: rgb(102, 102, 102); font-family: &quot;Open Sans&quot;, Arial, Helvetica, sans-serif;\\\\\\\">Cars come in various types, each designed for different needs.&nbsp;<\\\\/span><span data-start=\\\\\\\"63\\\\\\\" data-end=\\\\\\\"73\\\\\\\" style=\\\\\\\"font-weight: bolder; color: rgb(102, 102, 102); font-family: &quot;Open Sans&quot;, Arial, Helvetica, sans-serif;\\\\\\\">Sedans<\\\\/span><span style=\\\\\\\"color: rgb(102, 102, 102); font-family: &quot;Open Sans&quot;, Arial, Helvetica, sans-serif;\\\\\\\">&nbsp;offer a balance of comfort and efficiency, ideal for daily commuting.&nbsp;<\\\\/span><span data-start=\\\\\\\"144\\\\\\\" data-end=\\\\\\\"152\\\\\\\" style=\\\\\\\"font-weight: bolder; color: rgb(102, 102, 102); font-family: &quot;Open Sans&quot;, Arial, Helvetica, sans-serif;\\\\\\\">SUVs<\\\\/span><span style=\\\\\\\"color: rgb(102, 102, 102); font-family: &quot;Open Sans&quot;, Arial, Helvetica, sans-serif;\\\\\\\">&nbsp;provide more space, higher ground clearance, and better off-road capability.&nbsp;<\\\\/span><span data-start=\\\\\\\"230\\\\\\\" data-end=\\\\\\\"244\\\\\\\" style=\\\\\\\"font-weight: bolder; color: rgb(102, 102, 102); font-family: &quot;Open Sans&quot;, Arial, Helvetica, sans-serif;\\\\\\\">Hatchbacks<\\\\/span><span style=\\\\\\\"color: rgb(102, 102, 102); font-family: &quot;Open Sans&quot;, Arial, Helvetica, sans-serif;\\\\\\\">&nbsp;are compact and fuel-efficient, perfect for city driving.&nbsp;<\\\\/span><span data-start=\\\\\\\"303\\\\\\\" data-end=\\\\\\\"313\\\\\\\" style=\\\\\\\"font-weight: bolder; color: rgb(102, 102, 102); font-family: &quot;Open Sans&quot;, Arial, Helvetica, sans-serif;\\\\\\\">Coupes<\\\\/span><span style=\\\\\\\"color: rgb(102, 102, 102); font-family: &quot;Open Sans&quot;, Arial, Helvetica, sans-serif;\\\\\\\">&nbsp;focus on sporty performance with sleek designs, while&nbsp;<\\\\/span><span data-start=\\\\\\\"368\\\\\\\" data-end=\\\\\\\"384\\\\\\\" style=\\\\\\\"font-weight: bolder; color: rgb(102, 102, 102); font-family: &quot;Open Sans&quot;, Arial, Helvetica, sans-serif;\\\\\\\">convertibles<\\\\/span><span style=\\\\\\\"color: rgb(102, 102, 102); font-family: &quot;Open Sans&quot;, Arial, Helvetica, sans-serif;\\\\\\\">&nbsp;add the thrill of open-air driving.&nbsp;<\\\\/span><span data-start=\\\\\\\"421\\\\\\\" data-end=\\\\\\\"448\\\\\\\" style=\\\\\\\"font-weight: bolder; color: rgb(102, 102, 102); font-family: &quot;Open Sans&quot;, Arial, Helvetica, sans-serif;\\\\\\\">Electric vehicles (EVs)<\\\\/span><span style=\\\\\\\"color: rgb(102, 102, 102); font-family: &quot;Open Sans&quot;, Arial, Helvetica, sans-serif;\\\\\\\">&nbsp;are eco-friendly and cost-efficient in the long run.&nbsp;<\\\\/span><span data-start=\\\\\\\"502\\\\\\\" data-end=\\\\\\\"517\\\\\\\" style=\\\\\\\"font-weight: bolder; color: rgb(102, 102, 102); font-family: &quot;Open Sans&quot;, Arial, Helvetica, sans-serif;\\\\\\\">Luxury cars<\\\\/span><span style=\\\\\\\"color: rgb(102, 102, 102); font-family: &quot;Open Sans&quot;, Arial, Helvetica, sans-serif;\\\\\\\">&nbsp;combine advanced technology with premium comfort. Whether you need power, efficiency, or style, there\\\\u2019s a car for every lifestyle and preference.&nbsp;<\\\\/span><\\\\/p>\\\",\\\"status\\\":\\\"1\\\",\\\"seo_title\\\":\\\"SEO Title\\\",\\\"seo_description\\\":\\\"Cars come in various types, each designed for different needs. Sedans offer a balance of comfort and efficiency, ideal for daily commuting. SUVs provide more space, higher ground clearance, and better off-road capability. Hatchbacks are compact and fuel-efficient, perfect for city driving. Coupes focus on sporty performance with sleek designs, while convertibles add the thrill of open-air driving. Electric vehicles (EVs) are eco-friendly and cost-efficient in the long run. Luxury cars combine advanced technology with premium comfort. Whether you need power, efficiency, or style, there\\\\u2019s a car for every lifestyle and preference.\\\",\\\"seo_keywords\\\":\\\"car,honda,swift\\\",\\\"action_by\\\":\\\"admin@gmail.com\\\",\\\"action_name\\\":\\\"Creation\\\",\\\"updated_at\\\":\\\"2025-03-04T10:10:05.000000Z\\\",\\\"created_at\\\":\\\"2025-03-04T10:10:05.000000Z\\\",\\\"id\\\":8}\"',	'admin@gmail.com',	'2025-03-04 04:40:05',	'2025-03-04 04:40:05'),
(139,	'testimonial',	'update',	1,	'\"{\\\"image\\\":\\\"uploads\\\\/testimonials\\\\/1741006909_2.jpg\\\"}\"',	'\"{\\\"image\\\":\\\"uploads\\\\/testimonials\\\\/1741086886.jpg\\\"}\"',	'admin@gmail.com',	'2025-03-04 05:44:46',	'2025-03-04 05:44:46'),
(140,	'testimonial',	'update',	2,	'\"{\\\"image\\\":\\\"uploads\\\\/testimonials\\\\/1741006909_2.jpg\\\"}\"',	'\"{\\\"image\\\":\\\"uploads\\\\/testimonials\\\\/1741086908.jpg\\\"}\"',	'admin@gmail.com',	'2025-03-04 05:45:08',	'2025-03-04 05:45:08'),
(141,	'testimonial',	'update',	3,	'\"{\\\"image\\\":\\\"uploads\\\\/testimonials\\\\/1741006909_2.jpg\\\"}\"',	'\"{\\\"image\\\":\\\"uploads\\\\/testimonials\\\\/1741086922.jpg\\\"}\"',	'admin@gmail.com',	'2025-03-04 05:45:22',	'2025-03-04 05:45:22'),
(142,	'property_amenitie',	'update',	1,	'\"{\\\"slug\\\":\\\"\\\"}\"',	'\"{\\\"slug\\\":\\\"swiming-pool\\\"}\"',	'admin@gmail.com',	'2025-03-11 07:44:18',	'2025-03-11 07:44:18'),
(143,	'property_amenitie',	'update',	3,	'\"{\\\"slug\\\":\\\"\\\"}\"',	'\"{\\\"slug\\\":\\\"gym\\\"}\"',	'admin@gmail.com',	'2025-03-11 07:44:28',	'2025-03-11 07:44:28'),
(144,	'property_amenitie',	'update',	2,	'\"{\\\"slug\\\":\\\"\\\"}\"',	'\"{\\\"slug\\\":\\\"parking\\\"}\"',	'admin@gmail.com',	'2025-03-11 07:44:31',	'2025-03-11 07:44:31'),
(145,	'properties',	'update',	1,	'\"{\\\"slug\\\":\\\"\\\",\\\"amenitie\\\":\\\"[\\\\\\\"1\\\\\\\", \\\\\\\"2\\\\\\\"]\\\"}\"',	'\"{\\\"slug\\\":\\\"cghs-mandakini-apartments\\\",\\\"amenitie\\\":\\\"[\\\\\\\"3\\\\\\\",\\\\\\\"1\\\\\\\",\\\\\\\"2\\\\\\\"]\\\"}\"',	'admin@gmail.com',	'2025-03-11 08:24:26',	'2025-03-11 08:24:26'),
(146,	'property_amenitie',	'create',	4,	NULL,	'\"{\\\"name\\\":\\\"casino\\\",\\\"slug\\\":\\\"casino\\\",\\\"sort_by\\\":\\\"0\\\",\\\"status\\\":\\\"1\\\",\\\"action_by\\\":\\\"admin@gmail.com\\\",\\\"action_name\\\":\\\"Amenitie Creation\\\",\\\"updated_at\\\":\\\"2025-03-12T11:21:28.000000Z\\\",\\\"created_at\\\":\\\"2025-03-12T11:21:28.000000Z\\\",\\\"id\\\":4}\"',	'admin@gmail.com',	'2025-03-12 05:51:28',	'2025-03-12 05:51:28'),
(147,	'property_amenitie',	'create',	5,	NULL,	'\"{\\\"name\\\":\\\"pub\\\",\\\"slug\\\":\\\"pub\\\",\\\"sort_by\\\":\\\"0\\\",\\\"status\\\":\\\"1\\\",\\\"action_by\\\":\\\"admin@gmail.com\\\",\\\"action_name\\\":\\\"Amenitie Creation\\\",\\\"updated_at\\\":\\\"2025-03-12T11:22:22.000000Z\\\",\\\"created_at\\\":\\\"2025-03-12T11:22:22.000000Z\\\",\\\"id\\\":5}\"',	'admin@gmail.com',	'2025-03-12 05:52:22',	'2025-03-12 05:52:22'),
(148,	'property_category',	'create',	3,	NULL,	'\"{\\\"name\\\":\\\"Residential Land\\\",\\\"slug\\\":\\\"residential-land\\\",\\\"sort_by\\\":\\\"0\\\",\\\"status\\\":\\\"1\\\",\\\"action_by\\\":\\\"admin@gmail.com\\\",\\\"action_name\\\":\\\"Creation\\\",\\\"updated_at\\\":\\\"2025-03-12T11:26:14.000000Z\\\",\\\"created_at\\\":\\\"2025-03-12T11:26:14.000000Z\\\",\\\"id\\\":3}\"',	'admin@gmail.com',	'2025-03-12 05:56:14',	'2025-03-12 05:56:14'),
(149,	'property_category',	'create',	4,	NULL,	'\"{\\\"name\\\":\\\"Agricultural Land\\\",\\\"slug\\\":\\\"agricultural-land\\\",\\\"sort_by\\\":\\\"0\\\",\\\"status\\\":\\\"1\\\",\\\"action_by\\\":\\\"admin@gmail.com\\\",\\\"action_name\\\":\\\"Creation\\\",\\\"updated_at\\\":\\\"2025-03-12T11:26:28.000000Z\\\",\\\"created_at\\\":\\\"2025-03-12T11:26:28.000000Z\\\",\\\"id\\\":4}\"',	'admin@gmail.com',	'2025-03-12 05:56:28',	'2025-03-12 05:56:28'),
(150,	'property_category',	'create',	5,	NULL,	'\"{\\\"name\\\":\\\"Residential Apartment\\\",\\\"slug\\\":\\\"residential-apartment\\\",\\\"sort_by\\\":\\\"0\\\",\\\"status\\\":\\\"1\\\",\\\"action_by\\\":\\\"admin@gmail.com\\\",\\\"action_name\\\":\\\"Creation\\\",\\\"updated_at\\\":\\\"2025-03-12T11:26:46.000000Z\\\",\\\"created_at\\\":\\\"2025-03-12T11:26:46.000000Z\\\",\\\"id\\\":5}\"',	'admin@gmail.com',	'2025-03-12 05:56:46',	'2025-03-12 05:56:46'),
(151,	'properties',	'update',	9,	'\"{\\\"slug\\\":\\\"cghs-mandakini-apartments8\\\",\\\"description\\\":\\\"<div class=\\\\\\\"component__pdDescAdd\\\\\\\" style=\\\\\\\"margin: 0px 0px 8px; padding: 0px; font-family: &quot;Open Sans&quot;, Arial, Helvetica, sans-serif; border-radius: 0px; border: 0px; vertical-align: baseline; -webkit-tap-highlight-color: rgba(0, 0, 0, 0); outline: 0px; background: transparent; line-height: normal; color: rgb(102, 102, 102);\\\\\\\"><span style=\\\\\\\"margin: 0px; padding: 0px; font-family: &quot;Open Sans&quot;; border-radius: 0px; border: 0px; vertical-align: baseline; font-weight: 600; font-size: inherit; -webkit-tap-highlight-color: rgba(0, 0, 0, 0); outline: 0px; background: transparent; line-height: normal;\\\\\\\">Address<\\\\/span>:&nbsp;<span id=\\\\\\\"address\\\\\\\" style=\\\\\\\"margin: 0px; padding: 0px; font-family: &quot;Open Sans&quot;; border-radius: 0px; border: 0px; vertical-align: baseline; font-weight: inherit; font-size: inherit; -webkit-tap-highlight-color: rgba(0, 0, 0, 0); display: inline-block; background: transparent; line-height: normal; outline: 0px;\\\\\\\">Sector 2 Dwarka, Delhi<\\\\/span><\\\\/div><p style=\\\\\\\"margin-right: 0px; margin-bottom: 0px; margin-left: 0px; padding: 0px; font-family: &quot;Open Sans&quot;; border-radius: 0px; -webkit-tap-highlight-color: rgba(0, 0, 0, 0); border: 0px; vertical-align: baseline; font-weight: inherit; font-size: inherit; white-space-collapse: preserve-breaks;\\\\\\\">This is your chance to a 4 bhk apartment \\\\/ flat for sale in cghs mandakini apartments sector 2 dwarka delhi . Where luxury comes with affordability.<\\\\/p><p><span id=\\\\\\\"description\\\\\\\" class=\\\\\\\"component__hiddenText component__paraFormat\\\\\\\" style=\\\\\\\"margin: 0px; padding: 0px; font-family: &quot;Open Sans&quot;, Arial, Helvetica, sans-serif; border-radius: 0px; border: 0px; vertical-align: baseline; -webkit-tap-highlight-color: rgba(0, 0, 0, 0); outline: 0px; background: transparent; line-height: normal; color: rgb(102, 102, 102);\\\\\\\"><br style=\\\\\\\"margin: 0px; padding: 0px; font-family: &quot;Open Sans&quot;; border-radius: 0px; -webkit-tap-highlight-color: rgba(0, 0, 0, 0);\\\\\\\"><\\\\/span><\\\\/p><p style=\\\\\\\"margin-right: 0px; margin-bottom: 0px; margin-left: 0px; padding: 0px; font-family: &quot;Open Sans&quot;; border-radius: 0px; -webkit-tap-highlight-color: rgba(0, 0, 0, 0); border: 0px; vertical-align: baseline; font-weight: inherit; font-size: inherit; white-space-collapse: preserve-breaks;\\\\\\\">Basic details:\\\\r\\\\nYou will love this bright and spacious 4 bedroom apartment with 3 bathrooms, modular kitchen, spacious hall and 4 balconies.The balcony offers a great view and is a place to enjoy at any time. This house provides ample natural light and has good ventilation that invites comfort.<\\\\/p><p><span class=\\\\\\\"component__hiddenText component__paraFormat\\\\\\\" style=\\\\\\\"margin: 0px; padding: 0px; font-family: &quot;Open Sans&quot;, Arial, Helvetica, sans-serif; border-radius: 0px; border: 0px; vertical-align: baseline; -webkit-tap-highlight-color: rgba(0, 0, 0, 0); outline: 0px; background: transparent; line-height: normal; color: rgb(102, 102, 102);\\\\\\\"><br style=\\\\\\\"margin: 0px; padding: 0px; font-family: &quot;Open Sans&quot;; border-radius: 0px; -webkit-tap-highlight-color: rgba(0, 0, 0, 0);\\\\\\\"><\\\\/span><\\\\/p><p style=\\\\\\\"margin-right: 0px; margin-bottom: 0px; margin-left: 0px; padding: 0px; font-family: &quot;Open Sans&quot;; border-radius: 0px; -webkit-tap-highlight-color: rgba(0, 0, 0, 0); border: 0px; vertical-align: baseline; font-weight: inherit; font-size: inherit; white-space-collapse: preserve-breaks;\\\\\\\">Furnishings and amenities:\\\\r\\\\nThis impeccable house is spread across an area of 2600 sq.Ft. And is an semifurnished unit.\\\\r\\\\nThe amenities are designed to make your life easy, exciting and luxurious. The society boasts of manicured landscaping and includes lifts, intercom facility, security\\\\/fire alarm, maintenance staff, security personnel, visitor parking, swimming pool, gym, clubhouse, rainwater harvesting, piped gas, water storage, waste disposal and park.\\\\r\\\\nThe property is a quality construction.<\\\\/p><p><span class=\\\\\\\"component__hiddenText component__paraFormat\\\\\\\" style=\\\\\\\"margin: 0px; padding: 0px; font-family: &quot;Open Sans&quot;, Arial, Helvetica, sans-serif; border-radius: 0px; border: 0px; vertical-align: baseline; -webkit-tap-highlight-color: rgba(0, 0, 0, 0); outline: 0px; background: transparent; line-height: normal; color: rgb(102, 102, 102);\\\\\\\"><br style=\\\\\\\"margin: 0px; padding: 0px; font-family: &quot;Open Sans&quot;; border-radius: 0px; -webkit-tap-highlight-color: rgba(0, 0, 0, 0);\\\\\\\"><\\\\/span><\\\\/p><p style=\\\\\\\"margin-right: 0px; margin-bottom: 0px; margin-left: 0px; padding: 0px; font-family: &quot;Open Sans&quot;; border-radius: 0px; -webkit-tap-highlight-color: rgba(0, 0, 0, 0); border: 0px; vertical-align: baseline; font-weight: inherit; font-size: inherit; white-space-collapse: preserve-breaks;\\\\\\\">Location:\\\\r\\\\nThe prime location provides residents with access to the very best that this city has to offer. The property is situated close to all the basic amenities. It is close to the main road making it highly accessible.\\\\r\\\\n-Major banks and atms within proximity\\\\r\\\\n-Schools within a close radius\\\\r\\\\n-Easy access to public transport<\\\\/p><p><span class=\\\\\\\"component__hiddenText component__paraFormat\\\\\\\" style=\\\\\\\"margin: 0px; padding: 0px; font-family: &quot;Open Sans&quot;, Arial, Helvetica, sans-serif; border-radius: 0px; border: 0px; vertical-align: baseline; -webkit-tap-highlight-color: rgba(0, 0, 0, 0); outline: 0px; background: transparent; line-height: normal; color: rgb(102, 102, 102);\\\\\\\"><br style=\\\\\\\"margin: 0px; padding: 0px; font-family: &quot;Open Sans&quot;; border-radius: 0px; -webkit-tap-highlight-color: rgba(0, 0, 0, 0);\\\\\\\"><\\\\/span><\\\\/p><p style=\\\\\\\"margin-right: 0px; margin-bottom: 0px; margin-left: 0px; padding: 0px; font-family: &quot;Open Sans&quot;; border-radius: 0px; -webkit-tap-highlight-color: rgba(0, 0, 0, 0); border: 0px; vertical-align: baseline; font-weight: inherit; font-size: inherit; white-space-collapse: preserve-breaks;\\\\\\\">Wait no more and schedule a tour today.\\\\r\\\\nFor more details, kindly contact the owner.\\\\r\\\\nAdditional details :<\\\\/p><p><span class=\\\\\\\"component__hiddenText component__paraFormat\\\\\\\" style=\\\\\\\"margin: 0px; padding: 0px; font-family: &quot;Open Sans&quot;, Arial, Helvetica, sans-serif; border-radius: 0px; border: 0px; vertical-align: baseline; -webkit-tap-highlight-color: rgba(0, 0, 0, 0); outline: 0px; background: transparent; line-height: normal; color: rgb(102, 102, 102);\\\\\\\"><br style=\\\\\\\"margin: 0px; padding: 0px; font-family: &quot;Open Sans&quot;; border-radius: 0px; -webkit-tap-highlight-color: rgba(0, 0, 0, 0);\\\\\\\"><\\\\/span><\\\\/p><p style=\\\\\\\"box-sizing: border-box; margin: 0px; padding: 0px; font-family: &quot;Open Sans&quot;; border-radius: 0px; -webkit-tap-highlight-color: rgba(0, 0, 0, 0); border: 0px; vertical-align: baseline; font-weight: inherit; font-size: inherit; white-space: pre-line;\\\\\\\">Piped gas facility is available in the property.\\\\r\\\\nThe apartment has borings water supply.\\\\r\\\\nFull power backup is available.\\\\r\\\\nThere is also a separate washroom for domestic help.\\\\r\\\\nThe society has dedicated security guards for every tower.<\\\\/p>\\\",\\\"amenitie\\\":\\\"[\\\\\\\"1\\\\\\\", \\\\\\\"2\\\\\\\"]\\\"}\"',	'\"{\\\"slug\\\":\\\"cghs-mandakini-apartments\\\",\\\"description\\\":\\\"<div class=\\\\\\\"component__pdDescAdd\\\\\\\" style=\\\\\\\"margin: 0px 0px 8px; padding: 0px; font-family: &quot;Open Sans&quot;, Arial, Helvetica, sans-serif; border-radius: 0px; border: 0px; vertical-align: baseline; -webkit-tap-highlight-color: rgba(0, 0, 0, 0); outline: 0px; background: transparent; line-height: normal; color: rgb(102, 102, 102);\\\\\\\"><span style=\\\\\\\"margin: 0px; padding: 0px; font-family: &quot;Open Sans&quot;; border-radius: 0px; border: 0px; vertical-align: baseline; font-weight: 600; font-size: inherit; -webkit-tap-highlight-color: rgba(0, 0, 0, 0); outline: 0px; background: transparent; line-height: normal;\\\\\\\">Address<\\\\/span>:&nbsp;<span id=\\\\\\\"address\\\\\\\" style=\\\\\\\"margin: 0px; padding: 0px; font-family: &quot;Open Sans&quot;; border-radius: 0px; border: 0px; vertical-align: baseline; font-weight: inherit; font-size: inherit; -webkit-tap-highlight-color: rgba(0, 0, 0, 0); display: inline-block; background: transparent; line-height: normal; outline: 0px;\\\\\\\">Sector 2 Dwarka, Delhi<\\\\/span><\\\\/div><p style=\\\\\\\"margin-right: 0px; margin-bottom: 0px; margin-left: 0px; padding: 0px; font-family: &quot;Open Sans&quot;; border-radius: 0px; -webkit-tap-highlight-color: rgba(0, 0, 0, 0); border: 0px; vertical-align: baseline; font-weight: inherit; font-size: inherit; white-space-collapse: preserve-breaks;\\\\\\\">This is your chance to a 4 bhk apartment \\\\/ flat for sale in cghs mandakini apartments sector 2 dwarka delhi . Where luxury comes with affordability.<\\\\/p>\\\",\\\"amenitie\\\":\\\"[\\\\\\\"1\\\\\\\",\\\\\\\"2\\\\\\\"]\\\"}\"',	'admin@gmail.com',	'2025-03-17 00:55:16',	'2025-03-17 00:55:16'),
(152,	'properties',	'update',	2,	'\"{\\\"slug\\\":\\\"cghs-mandakini-apartments1\\\",\\\"amenitie\\\":\\\"[\\\\\\\"1\\\\\\\", \\\\\\\"2\\\\\\\"]\\\"}\"',	'\"{\\\"slug\\\":\\\"cghs-mandakini-apartments\\\",\\\"amenitie\\\":\\\"[\\\\\\\"1\\\\\\\",\\\\\\\"2\\\\\\\"]\\\"}\"',	'admin@gmail.com',	'2025-03-17 02:51:03',	'2025-03-17 02:51:03'),
(153,	'properties',	'update',	1,	'\"{\\\"name\\\":\\\"CGHS Mandakini Apartments\\\",\\\"slug\\\":\\\"cghs-mandakini-apartments\\\",\\\"amenitie\\\":\\\"[\\\\\\\"3\\\\\\\", \\\\\\\"1\\\\\\\", \\\\\\\"2\\\\\\\"]\\\"}\"',	'\"{\\\"name\\\":\\\"CGHS Mandakini Apartments1\\\",\\\"slug\\\":\\\"cghs-mandakini-apartments1\\\",\\\"amenitie\\\":\\\"[\\\\\\\"3\\\\\\\",\\\\\\\"1\\\\\\\",\\\\\\\"2\\\\\\\"]\\\"}\"',	'admin@gmail.com',	'2025-03-17 02:53:33',	'2025-03-17 02:53:33'),
(154,	'properties',	'update',	2,	'\"{\\\"name\\\":\\\"CGHS Mandakini Apartments\\\",\\\"slug\\\":\\\"cghs-mandakini-apartments\\\",\\\"amenitie\\\":\\\"[\\\\\\\"1\\\\\\\", \\\\\\\"2\\\\\\\"]\\\"}\"',	'\"{\\\"name\\\":\\\"CGHS Mandakini Apartments2\\\",\\\"slug\\\":\\\"cghs-mandakini-apartments2\\\",\\\"amenitie\\\":\\\"[\\\\\\\"1\\\\\\\",\\\\\\\"2\\\\\\\"]\\\"}\"',	'admin@gmail.com',	'2025-03-17 02:54:17',	'2025-03-17 02:54:17'),
(155,	'property_amenitie',	'update',	1,	'\"{\\\"icon\\\":\\\"\\\"}\"',	'\"{\\\"icon\\\":\\\"fas fa-swimming-pool\\\"}\"',	'admin@gmail.com',	'2025-03-17 05:24:24',	'2025-03-17 05:24:24'),
(156,	'property_amenitie',	'update',	2,	'\"{\\\"icon\\\":\\\"\\\"}\"',	'\"{\\\"icon\\\":\\\"fas fa-parking\\\"}\"',	'admin@gmail.com',	'2025-03-17 05:24:43',	'2025-03-17 05:24:43'),
(157,	'property_amenitie',	'update',	5,	'\"{\\\"name\\\":\\\"pub\\\",\\\"icon\\\":\\\"\\\",\\\"slug\\\":\\\"pub\\\"}\"',	'\"{\\\"name\\\":\\\"Water\\\",\\\"icon\\\":\\\"fas fa-water\\\",\\\"slug\\\":\\\"water\\\"}\"',	'admin@gmail.com',	'2025-03-17 05:25:22',	'2025-03-17 05:25:22'),
(158,	'property_amenitie',	'update',	4,	'\"{\\\"icon\\\":\\\"\\\"}\"',	'\"{\\\"icon\\\":\\\"fas fa-child\\\"}\"',	'admin@gmail.com',	'2025-03-17 05:25:39',	'2025-03-17 05:25:39'),
(159,	'property_amenitie',	'update',	3,	'\"{\\\"icon\\\":\\\"\\\"}\"',	'\"{\\\"icon\\\":\\\"fas fa-tree\\\"}\"',	'admin@gmail.com',	'2025-03-17 05:25:53',	'2025-03-17 05:25:53'),
(160,	'carlist',	'update',	1,	'\"{\\\"commision\\\":\\\"0.00\\\"}\"',	'\"{\\\"commision\\\":\\\"10\\\"}\"',	'admin@gmail.com',	'2025-03-17 12:20:33',	'2025-03-17 12:20:33'),
(161,	'properties',	'update',	1,	'\"{\\\"commision\\\":\\\"0.00\\\",\\\"amenitie\\\":\\\"[\\\\\\\"3\\\\\\\", \\\\\\\"1\\\\\\\", \\\\\\\"2\\\\\\\"]\\\"}\"',	'\"{\\\"commision\\\":\\\"10\\\",\\\"amenitie\\\":\\\"[\\\\\\\"3\\\\\\\",\\\\\\\"1\\\\\\\",\\\\\\\"2\\\\\\\"]\\\"}\"',	'admin@gmail.com',	'2025-03-17 12:24:45',	'2025-03-17 12:24:45'),
(162,	'properties',	'update',	1,	'\"{\\\"description\\\":\\\"<div class=\\\\\\\"component__pdDescAdd\\\\\\\" style=\\\\\\\"margin: 0px 0px 8px; padding: 0px; font-family: &quot;Open Sans&quot;, Arial, Helvetica, sans-serif; border-radius: 0px; border: 0px; vertical-align: baseline; -webkit-tap-highlight-color: rgba(0, 0, 0, 0); outline: 0px; background: transparent; line-height: normal; color: rgb(102, 102, 102);\\\\\\\"><span style=\\\\\\\"margin: 0px; padding: 0px; font-family: &quot;Open Sans&quot;; border-radius: 0px; border: 0px; vertical-align: baseline; font-weight: 600; font-size: inherit; -webkit-tap-highlight-color: rgba(0, 0, 0, 0); outline: 0px; background: transparent; line-height: normal;\\\\\\\">Address<\\\\/span>:&nbsp;<span id=\\\\\\\"address\\\\\\\" style=\\\\\\\"margin: 0px; padding: 0px; font-family: &quot;Open Sans&quot;; border-radius: 0px; border: 0px; vertical-align: baseline; font-weight: inherit; font-size: inherit; -webkit-tap-highlight-color: rgba(0, 0, 0, 0); display: inline-block; background: transparent; line-height: normal; outline: 0px;\\\\\\\">Sector 2 Dwarka, Delhi<\\\\/span><\\\\/div><p style=\\\\\\\"margin-right: 0px; margin-bottom: 0px; margin-left: 0px; padding: 0px; font-family: &quot;Open Sans&quot;; border-radius: 0px; -webkit-tap-highlight-color: rgba(0, 0, 0, 0); border: 0px; vertical-align: baseline; font-weight: inherit; font-size: inherit; white-space-collapse: preserve-breaks;\\\\\\\">This is your chance to a 4 bhk apartment \\\\/ flat for sale in cghs mandakini apartments sector 2 dwarka delhi . Where luxury comes with affordability.<\\\\/p><p><span id=\\\\\\\"description\\\\\\\" class=\\\\\\\"component__hiddenText component__paraFormat\\\\\\\" style=\\\\\\\"margin: 0px; padding: 0px; font-family: &quot;Open Sans&quot;, Arial, Helvetica, sans-serif; border-radius: 0px; border: 0px; vertical-align: baseline; -webkit-tap-highlight-color: rgba(0, 0, 0, 0); outline: 0px; background: transparent; line-height: normal; color: rgb(102, 102, 102);\\\\\\\"><br style=\\\\\\\"margin: 0px; padding: 0px; font-family: &quot;Open Sans&quot;; border-radius: 0px; -webkit-tap-highlight-color: rgba(0, 0, 0, 0);\\\\\\\"><\\\\/span><\\\\/p><p style=\\\\\\\"margin-right: 0px; margin-bottom: 0px; margin-left: 0px; padding: 0px; font-family: &quot;Open Sans&quot;; border-radius: 0px; -webkit-tap-highlight-color: rgba(0, 0, 0, 0); border: 0px; vertical-align: baseline; font-weight: inherit; font-size: inherit; white-space-collapse: preserve-breaks;\\\\\\\">Basic details:\\\\r\\\\nYou will love this bright and spacious 4 bedroom apartment with 3 bathrooms, modular kitchen, spacious hall and 4 balconies.The balcony offers a great view and is a place to enjoy at any time. This house provides ample natural light and has good ventilation that invites comfort.<\\\\/p><p><span class=\\\\\\\"component__hiddenText component__paraFormat\\\\\\\" style=\\\\\\\"margin: 0px; padding: 0px; font-family: &quot;Open Sans&quot;, Arial, Helvetica, sans-serif; border-radius: 0px; border: 0px; vertical-align: baseline; -webkit-tap-highlight-color: rgba(0, 0, 0, 0); outline: 0px; background: transparent; line-height: normal; color: rgb(102, 102, 102);\\\\\\\"><br style=\\\\\\\"margin: 0px; padding: 0px; font-family: &quot;Open Sans&quot;; border-radius: 0px; -webkit-tap-highlight-color: rgba(0, 0, 0, 0);\\\\\\\"><\\\\/span><\\\\/p><p style=\\\\\\\"margin-right: 0px; margin-bottom: 0px; margin-left: 0px; padding: 0px; font-family: &quot;Open Sans&quot;; border-radius: 0px; -webkit-tap-highlight-color: rgba(0, 0, 0, 0); border: 0px; vertical-align: baseline; font-weight: inherit; font-size: inherit; white-space-collapse: preserve-breaks;\\\\\\\">Furnishings and amenities:\\\\r\\\\nThis impeccable house is spread across an area of 2600 sq.Ft. And is an semifurnished unit.\\\\r\\\\nThe amenities are designed to make your life easy, exciting and luxurious. The society boasts of manicured landscaping and includes lifts, intercom facility, security\\\\/fire alarm, maintenance staff, security personnel, visitor parking, swimming pool, gym, clubhouse, rainwater harvesting, piped gas, water storage, waste disposal and park.\\\\r\\\\nThe property is a quality construction.<\\\\/p><p><span class=\\\\\\\"component__hiddenText component__paraFormat\\\\\\\" style=\\\\\\\"margin: 0px; padding: 0px; font-family: &quot;Open Sans&quot;, Arial, Helvetica, sans-serif; border-radius: 0px; border: 0px; vertical-align: baseline; -webkit-tap-highlight-color: rgba(0, 0, 0, 0); outline: 0px; background: transparent; line-height: normal; color: rgb(102, 102, 102);\\\\\\\"><br style=\\\\\\\"margin: 0px; padding: 0px; font-family: &quot;Open Sans&quot;; border-radius: 0px; -webkit-tap-highlight-color: rgba(0, 0, 0, 0);\\\\\\\"><\\\\/span><\\\\/p><p style=\\\\\\\"margin-right: 0px; margin-bottom: 0px; margin-left: 0px; padding: 0px; font-family: &quot;Open Sans&quot;; border-radius: 0px; -webkit-tap-highlight-color: rgba(0, 0, 0, 0); border: 0px; vertical-align: baseline; font-weight: inherit; font-size: inherit; white-space-collapse: preserve-breaks;\\\\\\\">Location:\\\\r\\\\nThe prime location provides residents with access to the very best that this city has to offer. The property is situated close to all the basic amenities. It is close to the main road making it highly accessible.\\\\r\\\\n-Major banks and atms within proximity\\\\r\\\\n-Schools within a close radius\\\\r\\\\n-Easy access to public transport<\\\\/p><p><span class=\\\\\\\"component__hiddenText component__paraFormat\\\\\\\" style=\\\\\\\"margin: 0px; padding: 0px; font-family: &quot;Open Sans&quot;, Arial, Helvetica, sans-serif; border-radius: 0px; border: 0px; vertical-align: baseline; -webkit-tap-highlight-color: rgba(0, 0, 0, 0); outline: 0px; background: transparent; line-height: normal; color: rgb(102, 102, 102);\\\\\\\"><br style=\\\\\\\"margin: 0px; padding: 0px; font-family: &quot;Open Sans&quot;; border-radius: 0px; -webkit-tap-highlight-color: rgba(0, 0, 0, 0);\\\\\\\"><\\\\/span><\\\\/p><p style=\\\\\\\"margin-right: 0px; margin-bottom: 0px; margin-left: 0px; padding: 0px; font-family: &quot;Open Sans&quot;; border-radius: 0px; -webkit-tap-highlight-color: rgba(0, 0, 0, 0); border: 0px; vertical-align: baseline; font-weight: inherit; font-size: inherit; white-space-collapse: preserve-breaks;\\\\\\\">Wait no more and schedule a tour today.\\\\r\\\\nFor more details, kindly contact the owner.\\\\r\\\\nAdditional details :<\\\\/p><p><span class=\\\\\\\"component__hiddenText component__paraFormat\\\\\\\" style=\\\\\\\"margin: 0px; padding: 0px; font-family: &quot;Open Sans&quot;, Arial, Helvetica, sans-serif; border-radius: 0px; border: 0px; vertical-align: baseline; -webkit-tap-highlight-color: rgba(0, 0, 0, 0); outline: 0px; background: transparent; line-height: normal; color: rgb(102, 102, 102);\\\\\\\"><br style=\\\\\\\"margin: 0px; padding: 0px; font-family: &quot;Open Sans&quot;; border-radius: 0px; -webkit-tap-highlight-color: rgba(0, 0, 0, 0);\\\\\\\"><\\\\/span><\\\\/p><p style=\\\\\\\"box-sizing: border-box; margin: 0px; padding: 0px; font-family: &quot;Open Sans&quot;; border-radius: 0px; -webkit-tap-highlight-color: rgba(0, 0, 0, 0); border: 0px; vertical-align: baseline; font-weight: inherit; font-size: inherit; white-space: pre-line;\\\\\\\">Piped gas facility is available in the property.\\\\r\\\\nThe apartment has borings water supply.\\\\r\\\\nFull power backup is available.\\\\r\\\\nThere is also a separate washroom for domestic help.\\\\r\\\\nThe society has dedicated security guards for every tower.<\\\\/p>\\\",\\\"amenitie\\\":\\\"[\\\\\\\"3\\\\\\\", \\\\\\\"1\\\\\\\", \\\\\\\"2\\\\\\\"]\\\"}\"',	'\"{\\\"description\\\":\\\"<div class=\\\\\\\"component__pdDescAdd\\\\\\\" style=\\\\\\\"margin: 0px 0px 8px; padding: 0px; font-family: &quot;Open Sans&quot;, Arial, Helvetica, sans-serif; border-radius: 0px; border: 0px; vertical-align: baseline; -webkit-tap-highlight-color: rgba(0, 0, 0, 0); outline: 0px; background: transparent; line-height: normal; color: rgb(102, 102, 102);\\\\\\\"><span style=\\\\\\\"margin: 0px; padding: 0px; font-family: &quot;Open Sans&quot;; border-radius: 0px; border: 0px; vertical-align: baseline; font-weight: 600; font-size: inherit; -webkit-tap-highlight-color: rgba(0, 0, 0, 0); outline: 0px; background: transparent; line-height: normal;\\\\\\\">Address<\\\\/span>:&nbsp;<span id=\\\\\\\"address\\\\\\\" style=\\\\\\\"margin: 0px; padding: 0px; font-family: &quot;Open Sans&quot;; border-radius: 0px; border: 0px; vertical-align: baseline; font-weight: inherit; font-size: inherit; -webkit-tap-highlight-color: rgba(0, 0, 0, 0); display: inline-block; background: transparent; line-height: normal; outline: 0px;\\\\\\\">Sector 2 Dwarka, Delhi<\\\\/span><\\\\/div><p style=\\\\\\\"margin-right: 0px; margin-bottom: 0px; margin-left: 0px; padding: 0px; font-family: &quot;Open Sans&quot;; border-radius: 0px; -webkit-tap-highlight-color: rgba(0, 0, 0, 0); border: 0px; vertical-align: baseline; font-weight: inherit; font-size: inherit; white-space-collapse: preserve-breaks;\\\\\\\"><span style=\\\\\\\"font-size: inherit; font-weight: inherit;\\\\\\\">Furnishings and amenities:<\\\\/span><\\\\/p><p style=\\\\\\\"margin-right: 0px; margin-bottom: 0px; margin-left: 0px; padding: 0px; font-family: &quot;Open Sans&quot;; border-radius: 0px; -webkit-tap-highlight-color: rgba(0, 0, 0, 0); border: 0px; vertical-align: baseline; font-weight: inherit; font-size: inherit; white-space-collapse: preserve-breaks;\\\\\\\">This impeccable house is spread across an area of 2600 sq.Ft. And is an semifurnished unit.\\\\r\\\\nThe amenities are designed to make your life easy, exciting and luxurious. The society boasts of manicured landscaping and includes lifts, intercom facility, security\\\\/fire alarm, maintenance staff, security personnel, visitor parking, swimming pool, gym, clubhouse, rainwater harvesting, piped gas, water storage, waste disposal and park.\\\\r\\\\nThe property is a quality construction.<\\\\/p><p><span class=\\\\\\\"component__hiddenText component__paraFormat\\\\\\\" style=\\\\\\\"margin: 0px; padding: 0px; font-family: &quot;Open Sans&quot;, Arial, Helvetica, sans-serif; border-radius: 0px; border: 0px; vertical-align: baseline; -webkit-tap-highlight-color: rgba(0, 0, 0, 0); outline: 0px; background: transparent; line-height: normal; color: rgb(102, 102, 102);\\\\\\\"><br style=\\\\\\\"margin: 0px; padding: 0px; font-family: &quot;Open Sans&quot;; border-radius: 0px; -webkit-tap-highlight-color: rgba(0, 0, 0, 0);\\\\\\\"><\\\\/span><\\\\/p><p style=\\\\\\\"margin-right: 0px; margin-bottom: 0px; margin-left: 0px; padding: 0px; font-family: &quot;Open Sans&quot;; border-radius: 0px; -webkit-tap-highlight-color: rgba(0, 0, 0, 0); border: 0px; vertical-align: baseline; font-weight: inherit; font-size: inherit; white-space-collapse: preserve-breaks;\\\\\\\"><br><\\\\/p>\\\",\\\"amenitie\\\":\\\"[\\\\\\\"3\\\\\\\",\\\\\\\"1\\\\\\\",\\\\\\\"2\\\\\\\"]\\\"}\"',	'admin@gmail.com',	'2025-03-18 00:15:38',	'2025-03-18 00:15:38'),
(163,	'properties',	'update',	2,	'\"{\\\"description\\\":\\\"<div class=\\\\\\\"component__pdDescAdd\\\\\\\" style=\\\\\\\"margin: 0px 0px 8px; padding: 0px; font-family: &quot;Open Sans&quot;, Arial, Helvetica, sans-serif; border-radius: 0px; border: 0px; vertical-align: baseline; -webkit-tap-highlight-color: rgba(0, 0, 0, 0); outline: 0px; background: transparent; line-height: normal; color: rgb(102, 102, 102);\\\\\\\"><span style=\\\\\\\"margin: 0px; padding: 0px; font-family: &quot;Open Sans&quot;; border-radius: 0px; border: 0px; vertical-align: baseline; font-weight: 600; font-size: inherit; -webkit-tap-highlight-color: rgba(0, 0, 0, 0); outline: 0px; background: transparent; line-height: normal;\\\\\\\">Address<\\\\/span>:&nbsp;<span id=\\\\\\\"address\\\\\\\" style=\\\\\\\"margin: 0px; padding: 0px; font-family: &quot;Open Sans&quot;; border-radius: 0px; border: 0px; vertical-align: baseline; font-weight: inherit; font-size: inherit; -webkit-tap-highlight-color: rgba(0, 0, 0, 0); display: inline-block; background: transparent; line-height: normal; outline: 0px;\\\\\\\">Sector 2 Dwarka, Delhi<\\\\/span><\\\\/div><p style=\\\\\\\"margin-right: 0px; margin-bottom: 0px; margin-left: 0px; padding: 0px; font-family: &quot;Open Sans&quot;; border-radius: 0px; -webkit-tap-highlight-color: rgba(0, 0, 0, 0); border: 0px; vertical-align: baseline; font-weight: inherit; font-size: inherit; white-space-collapse: preserve-breaks;\\\\\\\">This is your chance to a 4 bhk apartment \\\\/ flat for sale in cghs mandakini apartments sector 2 dwarka delhi . Where luxury comes with affordability.<\\\\/p><p><span id=\\\\\\\"description\\\\\\\" class=\\\\\\\"component__hiddenText component__paraFormat\\\\\\\" style=\\\\\\\"margin: 0px; padding: 0px; font-family: &quot;Open Sans&quot;, Arial, Helvetica, sans-serif; border-radius: 0px; border: 0px; vertical-align: baseline; -webkit-tap-highlight-color: rgba(0, 0, 0, 0); outline: 0px; background: transparent; line-height: normal; color: rgb(102, 102, 102);\\\\\\\"><br style=\\\\\\\"margin: 0px; padding: 0px; font-family: &quot;Open Sans&quot;; border-radius: 0px; -webkit-tap-highlight-color: rgba(0, 0, 0, 0);\\\\\\\"><\\\\/span><\\\\/p><p style=\\\\\\\"margin-right: 0px; margin-bottom: 0px; margin-left: 0px; padding: 0px; font-family: &quot;Open Sans&quot;; border-radius: 0px; -webkit-tap-highlight-color: rgba(0, 0, 0, 0); border: 0px; vertical-align: baseline; font-weight: inherit; font-size: inherit; white-space-collapse: preserve-breaks;\\\\\\\">Basic details:\\\\r\\\\nYou will love this bright and spacious 4 bedroom apartment with 3 bathrooms, modular kitchen, spacious hall and 4 balconies.The balcony offers a great view and is a place to enjoy at any time. This house provides ample natural light and has good ventilation that invites comfort.<\\\\/p><p><span class=\\\\\\\"component__hiddenText component__paraFormat\\\\\\\" style=\\\\\\\"margin: 0px; padding: 0px; font-family: &quot;Open Sans&quot;, Arial, Helvetica, sans-serif; border-radius: 0px; border: 0px; vertical-align: baseline; -webkit-tap-highlight-color: rgba(0, 0, 0, 0); outline: 0px; background: transparent; line-height: normal; color: rgb(102, 102, 102);\\\\\\\"><br style=\\\\\\\"margin: 0px; padding: 0px; font-family: &quot;Open Sans&quot;; border-radius: 0px; -webkit-tap-highlight-color: rgba(0, 0, 0, 0);\\\\\\\"><\\\\/span><\\\\/p><p style=\\\\\\\"margin-right: 0px; margin-bottom: 0px; margin-left: 0px; padding: 0px; font-family: &quot;Open Sans&quot;; border-radius: 0px; -webkit-tap-highlight-color: rgba(0, 0, 0, 0); border: 0px; vertical-align: baseline; font-weight: inherit; font-size: inherit; white-space-collapse: preserve-breaks;\\\\\\\">Furnishings and amenities:\\\\r\\\\nThis impeccable house is spread across an area of 2600 sq.Ft. And is an semifurnished unit.\\\\r\\\\nThe amenities are designed to make your life easy, exciting and luxurious. The society boasts of manicured landscaping and includes lifts, intercom facility, security\\\\/fire alarm, maintenance staff, security personnel, visitor parking, swimming pool, gym, clubhouse, rainwater harvesting, piped gas, water storage, waste disposal and park.\\\\r\\\\nThe property is a quality construction.<\\\\/p><p><span class=\\\\\\\"component__hiddenText component__paraFormat\\\\\\\" style=\\\\\\\"margin: 0px; padding: 0px; font-family: &quot;Open Sans&quot;, Arial, Helvetica, sans-serif; border-radius: 0px; border: 0px; vertical-align: baseline; -webkit-tap-highlight-color: rgba(0, 0, 0, 0); outline: 0px; background: transparent; line-height: normal; color: rgb(102, 102, 102);\\\\\\\"><br style=\\\\\\\"margin: 0px; padding: 0px; font-family: &quot;Open Sans&quot;; border-radius: 0px; -webkit-tap-highlight-color: rgba(0, 0, 0, 0);\\\\\\\"><\\\\/span><\\\\/p><p style=\\\\\\\"margin-right: 0px; margin-bottom: 0px; margin-left: 0px; padding: 0px; font-family: &quot;Open Sans&quot;; border-radius: 0px; -webkit-tap-highlight-color: rgba(0, 0, 0, 0); border: 0px; vertical-align: baseline; font-weight: inherit; font-size: inherit; white-space-collapse: preserve-breaks;\\\\\\\">Location:\\\\r\\\\nThe prime location provides residents with access to the very best that this city has to offer. The property is situated close to all the basic amenities. It is close to the main road making it highly accessible.\\\\r\\\\n-Major banks and atms within proximity\\\\r\\\\n-Schools within a close radius\\\\r\\\\n-Easy access to public transport<\\\\/p><p><span class=\\\\\\\"component__hiddenText component__paraFormat\\\\\\\" style=\\\\\\\"margin: 0px; padding: 0px; font-family: &quot;Open Sans&quot;, Arial, Helvetica, sans-serif; border-radius: 0px; border: 0px; vertical-align: baseline; -webkit-tap-highlight-color: rgba(0, 0, 0, 0); outline: 0px; background: transparent; line-height: normal; color: rgb(102, 102, 102);\\\\\\\"><br style=\\\\\\\"margin: 0px; padding: 0px; font-family: &quot;Open Sans&quot;; border-radius: 0px; -webkit-tap-highlight-color: rgba(0, 0, 0, 0);\\\\\\\"><\\\\/span><\\\\/p><p style=\\\\\\\"margin-right: 0px; margin-bottom: 0px; margin-left: 0px; padding: 0px; font-family: &quot;Open Sans&quot;; border-radius: 0px; -webkit-tap-highlight-color: rgba(0, 0, 0, 0); border: 0px; vertical-align: baseline; font-weight: inherit; font-size: inherit; white-space-collapse: preserve-breaks;\\\\\\\">Wait no more and schedule a tour today.\\\\r\\\\nFor more details, kindly contact the owner.\\\\r\\\\nAdditional details :<\\\\/p><p><span class=\\\\\\\"component__hiddenText component__paraFormat\\\\\\\" style=\\\\\\\"margin: 0px; padding: 0px; font-family: &quot;Open Sans&quot;, Arial, Helvetica, sans-serif; border-radius: 0px; border: 0px; vertical-align: baseline; -webkit-tap-highlight-color: rgba(0, 0, 0, 0); outline: 0px; background: transparent; line-height: normal; color: rgb(102, 102, 102);\\\\\\\"><br style=\\\\\\\"margin: 0px; padding: 0px; font-family: &quot;Open Sans&quot;; border-radius: 0px; -webkit-tap-highlight-color: rgba(0, 0, 0, 0);\\\\\\\"><\\\\/span><\\\\/p><p style=\\\\\\\"box-sizing: border-box; margin: 0px; padding: 0px; font-family: &quot;Open Sans&quot;; border-radius: 0px; -webkit-tap-highlight-color: rgba(0, 0, 0, 0); border: 0px; vertical-align: baseline; font-weight: inherit; font-size: inherit; white-space: pre-line;\\\\\\\">Piped gas facility is available in the property.\\\\r\\\\nThe apartment has borings water supply.\\\\r\\\\nFull power backup is available.\\\\r\\\\nThere is also a separate washroom for domestic help.\\\\r\\\\nThe society has dedicated security guards for every tower.<\\\\/p>\\\",\\\"commision\\\":\\\"0.00\\\",\\\"amenitie\\\":\\\"[\\\\\\\"1\\\\\\\", \\\\\\\"2\\\\\\\"]\\\"}\"',	'\"{\\\"description\\\":\\\"<div class=\\\\\\\"component__pdDescAdd\\\\\\\" style=\\\\\\\"margin: 0px 0px 8px; padding: 0px; font-family: &quot;Open Sans&quot;, Arial, Helvetica, sans-serif; border-radius: 0px; border: 0px; vertical-align: baseline; -webkit-tap-highlight-color: rgba(0, 0, 0, 0); outline: 0px; background: transparent; line-height: normal; color: rgb(102, 102, 102);\\\\\\\"><span style=\\\\\\\"margin: 0px; padding: 0px; font-family: &quot;Open Sans&quot;; border-radius: 0px; border: 0px; vertical-align: baseline; font-weight: 600; font-size: inherit; -webkit-tap-highlight-color: rgba(0, 0, 0, 0); outline: 0px; background: transparent; line-height: normal;\\\\\\\">Address<\\\\/span>:&nbsp;<span id=\\\\\\\"address\\\\\\\" style=\\\\\\\"margin: 0px; padding: 0px; font-family: &quot;Open Sans&quot;; border-radius: 0px; border: 0px; vertical-align: baseline; font-weight: inherit; font-size: inherit; -webkit-tap-highlight-color: rgba(0, 0, 0, 0); display: inline-block; background: transparent; line-height: normal; outline: 0px;\\\\\\\">Sector 2 Dwarka, Delhi<\\\\/span><\\\\/div><p style=\\\\\\\"margin-right: 0px; margin-bottom: 0px; margin-left: 0px; padding: 0px; font-family: &quot;Open Sans&quot;; border-radius: 0px; -webkit-tap-highlight-color: rgba(0, 0, 0, 0); border: 0px; vertical-align: baseline; font-weight: inherit; font-size: inherit; white-space-collapse: preserve-breaks;\\\\\\\">This is your chance to a 4 bhk apartment \\\\/ flat for sale in cghs mandakini apartments sector 2 dwarka delhi . Where luxury comes with affordability.<span style=\\\\\\\"font-size: inherit; font-weight: inherit;\\\\\\\">Furnishings and amenities:<\\\\/span><\\\\/p><p style=\\\\\\\"margin-right: 0px; margin-bottom: 0px; margin-left: 0px; padding: 0px; font-family: &quot;Open Sans&quot;; border-radius: 0px; -webkit-tap-highlight-color: rgba(0, 0, 0, 0); border: 0px; vertical-align: baseline; font-weight: inherit; font-size: inherit; white-space-collapse: preserve-breaks;\\\\\\\">This impeccable house is spread across an area of 2600 sq.Ft. And is an semifurnished unit.\\\\r\\\\nThe amenities are designed to make your life easy, exciting and luxurious. The society boasts of manicured landscaping and includes lifts, intercom facility, security\\\\/fire alarm, maintenance staff, security personnel, visitor parking, swimming pool, gym, clubhouse, rainwater harvesting, piped gas, water storage, waste disposal and park.\\\\r\\\\nThe property is a quality construction.<\\\\/p><p><br><\\\\/p>\\\",\\\"commision\\\":\\\"10\\\",\\\"amenitie\\\":\\\"[\\\\\\\"1\\\\\\\",\\\\\\\"2\\\\\\\"]\\\"}\"',	'admin@gmail.com',	'2025-03-18 00:16:05',	'2025-03-18 00:16:05'),
(164,	'properties',	'update',	3,	'\"{\\\"slug\\\":\\\"cghs-mandakini-apartments2\\\",\\\"description\\\":\\\"<div class=\\\\\\\"component__pdDescAdd\\\\\\\" style=\\\\\\\"margin: 0px 0px 8px; padding: 0px; font-family: &quot;Open Sans&quot;, Arial, Helvetica, sans-serif; border-radius: 0px; border: 0px; vertical-align: baseline; -webkit-tap-highlight-color: rgba(0, 0, 0, 0); outline: 0px; background: transparent; line-height: normal; color: rgb(102, 102, 102);\\\\\\\"><span style=\\\\\\\"margin: 0px; padding: 0px; font-family: &quot;Open Sans&quot;; border-radius: 0px; border: 0px; vertical-align: baseline; font-weight: 600; font-size: inherit; -webkit-tap-highlight-color: rgba(0, 0, 0, 0); outline: 0px; background: transparent; line-height: normal;\\\\\\\">Address<\\\\/span>:&nbsp;<span id=\\\\\\\"address\\\\\\\" style=\\\\\\\"margin: 0px; padding: 0px; font-family: &quot;Open Sans&quot;; border-radius: 0px; border: 0px; vertical-align: baseline; font-weight: inherit; font-size: inherit; -webkit-tap-highlight-color: rgba(0, 0, 0, 0); display: inline-block; background: transparent; line-height: normal; outline: 0px;\\\\\\\">Sector 2 Dwarka, Delhi<\\\\/span><\\\\/div><p style=\\\\\\\"margin-right: 0px; margin-bottom: 0px; margin-left: 0px; padding: 0px; font-family: &quot;Open Sans&quot;; border-radius: 0px; -webkit-tap-highlight-color: rgba(0, 0, 0, 0); border: 0px; vertical-align: baseline; font-weight: inherit; font-size: inherit; white-space-collapse: preserve-breaks;\\\\\\\">This is your chance to a 4 bhk apartment \\\\/ flat for sale in cghs mandakini apartments sector 2 dwarka delhi . Where luxury comes with affordability.<\\\\/p><p><span id=\\\\\\\"description\\\\\\\" class=\\\\\\\"component__hiddenText component__paraFormat\\\\\\\" style=\\\\\\\"margin: 0px; padding: 0px; font-family: &quot;Open Sans&quot;, Arial, Helvetica, sans-serif; border-radius: 0px; border: 0px; vertical-align: baseline; -webkit-tap-highlight-color: rgba(0, 0, 0, 0); outline: 0px; background: transparent; line-height: normal; color: rgb(102, 102, 102);\\\\\\\"><br style=\\\\\\\"margin: 0px; padding: 0px; font-family: &quot;Open Sans&quot;; border-radius: 0px; -webkit-tap-highlight-color: rgba(0, 0, 0, 0);\\\\\\\"><\\\\/span><\\\\/p><p style=\\\\\\\"margin-right: 0px; margin-bottom: 0px; margin-left: 0px; padding: 0px; font-family: &quot;Open Sans&quot;; border-radius: 0px; -webkit-tap-highlight-color: rgba(0, 0, 0, 0); border: 0px; vertical-align: baseline; font-weight: inherit; font-size: inherit; white-space-collapse: preserve-breaks;\\\\\\\">Basic details:\\\\r\\\\nYou will love this bright and spacious 4 bedroom apartment with 3 bathrooms, modular kitchen, spacious hall and 4 balconies.The balcony offers a great view and is a place to enjoy at any time. This house provides ample natural light and has good ventilation that invites comfort.<\\\\/p><p><span class=\\\\\\\"component__hiddenText component__paraFormat\\\\\\\" style=\\\\\\\"margin: 0px; padding: 0px; font-family: &quot;Open Sans&quot;, Arial, Helvetica, sans-serif; border-radius: 0px; border: 0px; vertical-align: baseline; -webkit-tap-highlight-color: rgba(0, 0, 0, 0); outline: 0px; background: transparent; line-height: normal; color: rgb(102, 102, 102);\\\\\\\"><br style=\\\\\\\"margin: 0px; padding: 0px; font-family: &quot;Open Sans&quot;; border-radius: 0px; -webkit-tap-highlight-color: rgba(0, 0, 0, 0);\\\\\\\"><\\\\/span><\\\\/p><p style=\\\\\\\"margin-right: 0px; margin-bottom: 0px; margin-left: 0px; padding: 0px; font-family: &quot;Open Sans&quot;; border-radius: 0px; -webkit-tap-highlight-color: rgba(0, 0, 0, 0); border: 0px; vertical-align: baseline; font-weight: inherit; font-size: inherit; white-space-collapse: preserve-breaks;\\\\\\\">Furnishings and amenities:\\\\r\\\\nThis impeccable house is spread across an area of 2600 sq.Ft. And is an semifurnished unit.\\\\r\\\\nThe amenities are designed to make your life easy, exciting and luxurious. The society boasts of manicured landscaping and includes lifts, intercom facility, security\\\\/fire alarm, maintenance staff, security personnel, visitor parking, swimming pool, gym, clubhouse, rainwater harvesting, piped gas, water storage, waste disposal and park.\\\\r\\\\nThe property is a quality construction.<\\\\/p><p><span class=\\\\\\\"component__hiddenText component__paraFormat\\\\\\\" style=\\\\\\\"margin: 0px; padding: 0px; font-family: &quot;Open Sans&quot;, Arial, Helvetica, sans-serif; border-radius: 0px; border: 0px; vertical-align: baseline; -webkit-tap-highlight-color: rgba(0, 0, 0, 0); outline: 0px; background: transparent; line-height: normal; color: rgb(102, 102, 102);\\\\\\\"><br style=\\\\\\\"margin: 0px; padding: 0px; font-family: &quot;Open Sans&quot;; border-radius: 0px; -webkit-tap-highlight-color: rgba(0, 0, 0, 0);\\\\\\\"><\\\\/span><\\\\/p><p style=\\\\\\\"margin-right: 0px; margin-bottom: 0px; margin-left: 0px; padding: 0px; font-family: &quot;Open Sans&quot;; border-radius: 0px; -webkit-tap-highlight-color: rgba(0, 0, 0, 0); border: 0px; vertical-align: baseline; font-weight: inherit; font-size: inherit; white-space-collapse: preserve-breaks;\\\\\\\">Location:\\\\r\\\\nThe prime location provides residents with access to the very best that this city has to offer. The property is situated close to all the basic amenities. It is close to the main road making it highly accessible.\\\\r\\\\n-Major banks and atms within proximity\\\\r\\\\n-Schools within a close radius\\\\r\\\\n-Easy access to public transport<\\\\/p><p><span class=\\\\\\\"component__hiddenText component__paraFormat\\\\\\\" style=\\\\\\\"margin: 0px; padding: 0px; font-family: &quot;Open Sans&quot;, Arial, Helvetica, sans-serif; border-radius: 0px; border: 0px; vertical-align: baseline; -webkit-tap-highlight-color: rgba(0, 0, 0, 0); outline: 0px; background: transparent; line-height: normal; color: rgb(102, 102, 102);\\\\\\\"><br style=\\\\\\\"margin: 0px; padding: 0px; font-family: &quot;Open Sans&quot;; border-radius: 0px; -webkit-tap-highlight-color: rgba(0, 0, 0, 0);\\\\\\\"><\\\\/span><\\\\/p><p style=\\\\\\\"margin-right: 0px; margin-bottom: 0px; margin-left: 0px; padding: 0px; font-family: &quot;Open Sans&quot;; border-radius: 0px; -webkit-tap-highlight-color: rgba(0, 0, 0, 0); border: 0px; vertical-align: baseline; font-weight: inherit; font-size: inherit; white-space-collapse: preserve-breaks;\\\\\\\">Wait no more and schedule a tour today.\\\\r\\\\nFor more details, kindly contact the owner.\\\\r\\\\nAdditional details :<\\\\/p><p><span class=\\\\\\\"component__hiddenText component__paraFormat\\\\\\\" style=\\\\\\\"margin: 0px; padding: 0px; font-family: &quot;Open Sans&quot;, Arial, Helvetica, sans-serif; border-radius: 0px; border: 0px; vertical-align: baseline; -webkit-tap-highlight-color: rgba(0, 0, 0, 0); outline: 0px; background: transparent; line-height: normal; color: rgb(102, 102, 102);\\\\\\\"><br style=\\\\\\\"margin: 0px; padding: 0px; font-family: &quot;Open Sans&quot;; border-radius: 0px; -webkit-tap-highlight-color: rgba(0, 0, 0, 0);\\\\\\\"><\\\\/span><\\\\/p><p style=\\\\\\\"box-sizing: border-box; margin: 0px; padding: 0px; font-family: &quot;Open Sans&quot;; border-radius: 0px; -webkit-tap-highlight-color: rgba(0, 0, 0, 0); border: 0px; vertical-align: baseline; font-weight: inherit; font-size: inherit; white-space: pre-line;\\\\\\\">Piped gas facility is available in the property.\\\\r\\\\nThe apartment has borings water supply.\\\\r\\\\nFull power backup is available.\\\\r\\\\nThere is also a separate washroom for domestic help.\\\\r\\\\nThe society has dedicated security guards for every tower.<\\\\/p>\\\",\\\"commision\\\":\\\"0.00\\\",\\\"amenitie\\\":\\\"[\\\\\\\"1\\\\\\\", \\\\\\\"2\\\\\\\"]\\\"}\"',	'\"{\\\"slug\\\":\\\"cghs-mandakini-apartments\\\",\\\"description\\\":\\\"<div class=\\\\\\\"component__pdDescAdd\\\\\\\" style=\\\\\\\"margin: 0px 0px 8px; padding: 0px; font-family: &quot;Open Sans&quot;, Arial, Helvetica, sans-serif; border-radius: 0px; border: 0px; vertical-align: baseline; -webkit-tap-highlight-color: rgba(0, 0, 0, 0); outline: 0px; background: transparent; line-height: normal; color: rgb(102, 102, 102);\\\\\\\"><span style=\\\\\\\"margin: 0px; padding: 0px; font-family: &quot;Open Sans&quot;; border-radius: 0px; border: 0px; vertical-align: baseline; font-weight: 600; font-size: inherit; -webkit-tap-highlight-color: rgba(0, 0, 0, 0); outline: 0px; background: transparent; line-height: normal;\\\\\\\">Address<\\\\/span>:&nbsp;<span id=\\\\\\\"address\\\\\\\" style=\\\\\\\"margin: 0px; padding: 0px; font-family: &quot;Open Sans&quot;; border-radius: 0px; border: 0px; vertical-align: baseline; font-weight: inherit; font-size: inherit; -webkit-tap-highlight-color: rgba(0, 0, 0, 0); display: inline-block; background: transparent; line-height: normal; outline: 0px;\\\\\\\">Sector 2 Dwarka, Delhi<\\\\/span><\\\\/div><p style=\\\\\\\"margin-right: 0px; margin-bottom: 0px; margin-left: 0px; padding: 0px; font-family: &quot;Open Sans&quot;; border-radius: 0px; -webkit-tap-highlight-color: rgba(0, 0, 0, 0); border: 0px; vertical-align: baseline; font-weight: inherit; font-size: inherit; white-space-collapse: preserve-breaks;\\\\\\\">This is your chance to a 4 bhk apartment \\\\/ flat for sale in cghs mandakini apartments sector 2 dwarka delhi . Where luxury comes with affordability.<\\\\/p><p><span style=\\\\\\\"font-family: &quot;Open Sans&quot;; font-size: inherit; font-weight: inherit; white-space-collapse: preserve-breaks;\\\\\\\">You will love this bright and spacious 4 bedroom apartment with 3 bathrooms, modular kitchen, spacious hall and 4 balconies.The balcony offers a great view and is a place to enjoy at any time. This house provides ample natural light and has good ventilation that invites comfort.<\\\\/span><\\\\/p><p><br><\\\\/p><p><br><\\\\/p>\\\",\\\"commision\\\":\\\"10\\\",\\\"amenitie\\\":\\\"[\\\\\\\"1\\\\\\\",\\\\\\\"2\\\\\\\"]\\\"}\"',	'admin@gmail.com',	'2025-03-18 00:17:22',	'2025-03-18 00:17:22'),
(165,	'properties',	'update',	1,	'\"{\\\"amenitie\\\":\\\"[\\\\\\\"3\\\\\\\", \\\\\\\"1\\\\\\\", \\\\\\\"2\\\\\\\"]\\\"}\"',	'\"{\\\"amenitie\\\":\\\"[\\\\\\\"3\\\\\\\",\\\\\\\"1\\\\\\\",\\\\\\\"2\\\\\\\"]\\\"}\"',	'admin@gmail.com',	'2025-03-18 00:17:38',	'2025-03-18 00:17:38'),
(166,	'properties',	'update',	3,	'\"{\\\"amenitie\\\":\\\"[\\\\\\\"1\\\\\\\", \\\\\\\"2\\\\\\\"]\\\"}\"',	'\"{\\\"amenitie\\\":\\\"[\\\\\\\"1\\\\\\\",\\\\\\\"2\\\\\\\"]\\\"}\"',	'admin@gmail.com',	'2025-03-18 00:17:51',	'2025-03-18 00:17:51'),
(167,	'properties',	'update',	4,	'\"{\\\"slug\\\":\\\"cghs-mandakini-apartments3\\\",\\\"description\\\":\\\"<div class=\\\\\\\"component__pdDescAdd\\\\\\\" style=\\\\\\\"margin: 0px 0px 8px; padding: 0px; font-family: &quot;Open Sans&quot;, Arial, Helvetica, sans-serif; border-radius: 0px; border: 0px; vertical-align: baseline; -webkit-tap-highlight-color: rgba(0, 0, 0, 0); outline: 0px; background: transparent; line-height: normal; color: rgb(102, 102, 102);\\\\\\\"><span style=\\\\\\\"margin: 0px; padding: 0px; font-family: &quot;Open Sans&quot;; border-radius: 0px; border: 0px; vertical-align: baseline; font-weight: 600; font-size: inherit; -webkit-tap-highlight-color: rgba(0, 0, 0, 0); outline: 0px; background: transparent; line-height: normal;\\\\\\\">Address<\\\\/span>:&nbsp;<span id=\\\\\\\"address\\\\\\\" style=\\\\\\\"margin: 0px; padding: 0px; font-family: &quot;Open Sans&quot;; border-radius: 0px; border: 0px; vertical-align: baseline; font-weight: inherit; font-size: inherit; -webkit-tap-highlight-color: rgba(0, 0, 0, 0); display: inline-block; background: transparent; line-height: normal; outline: 0px;\\\\\\\">Sector 2 Dwarka, Delhi<\\\\/span><\\\\/div><p style=\\\\\\\"margin-right: 0px; margin-bottom: 0px; margin-left: 0px; padding: 0px; font-family: &quot;Open Sans&quot;; border-radius: 0px; -webkit-tap-highlight-color: rgba(0, 0, 0, 0); border: 0px; vertical-align: baseline; font-weight: inherit; font-size: inherit; white-space-collapse: preserve-breaks;\\\\\\\">This is your chance to a 4 bhk apartment \\\\/ flat for sale in cghs mandakini apartments sector 2 dwarka delhi . Where luxury comes with affordability.<\\\\/p><p><span id=\\\\\\\"description\\\\\\\" class=\\\\\\\"component__hiddenText component__paraFormat\\\\\\\" style=\\\\\\\"margin: 0px; padding: 0px; font-family: &quot;Open Sans&quot;, Arial, Helvetica, sans-serif; border-radius: 0px; border: 0px; vertical-align: baseline; -webkit-tap-highlight-color: rgba(0, 0, 0, 0); outline: 0px; background: transparent; line-height: normal; color: rgb(102, 102, 102);\\\\\\\"><br style=\\\\\\\"margin: 0px; padding: 0px; font-family: &quot;Open Sans&quot;; border-radius: 0px; -webkit-tap-highlight-color: rgba(0, 0, 0, 0);\\\\\\\"><\\\\/span><\\\\/p><p style=\\\\\\\"margin-right: 0px; margin-bottom: 0px; margin-left: 0px; padding: 0px; font-family: &quot;Open Sans&quot;; border-radius: 0px; -webkit-tap-highlight-color: rgba(0, 0, 0, 0); border: 0px; vertical-align: baseline; font-weight: inherit; font-size: inherit; white-space-collapse: preserve-breaks;\\\\\\\">Basic details:\\\\r\\\\nYou will love this bright and spacious 4 bedroom apartment with 3 bathrooms, modular kitchen, spacious hall and 4 balconies.The balcony offers a great view and is a place to enjoy at any time. This house provides ample natural light and has good ventilation that invites comfort.<\\\\/p><p><span class=\\\\\\\"component__hiddenText component__paraFormat\\\\\\\" style=\\\\\\\"margin: 0px; padding: 0px; font-family: &quot;Open Sans&quot;, Arial, Helvetica, sans-serif; border-radius: 0px; border: 0px; vertical-align: baseline; -webkit-tap-highlight-color: rgba(0, 0, 0, 0); outline: 0px; background: transparent; line-height: normal; color: rgb(102, 102, 102);\\\\\\\"><br style=\\\\\\\"margin: 0px; padding: 0px; font-family: &quot;Open Sans&quot;; border-radius: 0px; -webkit-tap-highlight-color: rgba(0, 0, 0, 0);\\\\\\\"><\\\\/span><\\\\/p><p style=\\\\\\\"margin-right: 0px; margin-bottom: 0px; margin-left: 0px; padding: 0px; font-family: &quot;Open Sans&quot;; border-radius: 0px; -webkit-tap-highlight-color: rgba(0, 0, 0, 0); border: 0px; vertical-align: baseline; font-weight: inherit; font-size: inherit; white-space-collapse: preserve-breaks;\\\\\\\">Furnishings and amenities:\\\\r\\\\nThis impeccable house is spread across an area of 2600 sq.Ft. And is an semifurnished unit.\\\\r\\\\nThe amenities are designed to make your life easy, exciting and luxurious. The society boasts of manicured landscaping and includes lifts, intercom facility, security\\\\/fire alarm, maintenance staff, security personnel, visitor parking, swimming pool, gym, clubhouse, rainwater harvesting, piped gas, water storage, waste disposal and park.\\\\r\\\\nThe property is a quality construction.<\\\\/p><p><span class=\\\\\\\"component__hiddenText component__paraFormat\\\\\\\" style=\\\\\\\"margin: 0px; padding: 0px; font-family: &quot;Open Sans&quot;, Arial, Helvetica, sans-serif; border-radius: 0px; border: 0px; vertical-align: baseline; -webkit-tap-highlight-color: rgba(0, 0, 0, 0); outline: 0px; background: transparent; line-height: normal; color: rgb(102, 102, 102);\\\\\\\"><br style=\\\\\\\"margin: 0px; padding: 0px; font-family: &quot;Open Sans&quot;; border-radius: 0px; -webkit-tap-highlight-color: rgba(0, 0, 0, 0);\\\\\\\"><\\\\/span><\\\\/p><p style=\\\\\\\"margin-right: 0px; margin-bottom: 0px; margin-left: 0px; padding: 0px; font-family: &quot;Open Sans&quot;; border-radius: 0px; -webkit-tap-highlight-color: rgba(0, 0, 0, 0); border: 0px; vertical-align: baseline; font-weight: inherit; font-size: inherit; white-space-collapse: preserve-breaks;\\\\\\\">Location:\\\\r\\\\nThe prime location provides residents with access to the very best that this city has to offer. The property is situated close to all the basic amenities. It is close to the main road making it highly accessible.\\\\r\\\\n-Major banks and atms within proximity\\\\r\\\\n-Schools within a close radius\\\\r\\\\n-Easy access to public transport<\\\\/p><p><span class=\\\\\\\"component__hiddenText component__paraFormat\\\\\\\" style=\\\\\\\"margin: 0px; padding: 0px; font-family: &quot;Open Sans&quot;, Arial, Helvetica, sans-serif; border-radius: 0px; border: 0px; vertical-align: baseline; -webkit-tap-highlight-color: rgba(0, 0, 0, 0); outline: 0px; background: transparent; line-height: normal; color: rgb(102, 102, 102);\\\\\\\"><br style=\\\\\\\"margin: 0px; padding: 0px; font-family: &quot;Open Sans&quot;; border-radius: 0px; -webkit-tap-highlight-color: rgba(0, 0, 0, 0);\\\\\\\"><\\\\/span><\\\\/p><p style=\\\\\\\"margin-right: 0px; margin-bottom: 0px; margin-left: 0px; padding: 0px; font-family: &quot;Open Sans&quot;; border-radius: 0px; -webkit-tap-highlight-color: rgba(0, 0, 0, 0); border: 0px; vertical-align: baseline; font-weight: inherit; font-size: inherit; white-space-collapse: preserve-breaks;\\\\\\\">Wait no more and schedule a tour today.\\\\r\\\\nFor more details, kindly contact the owner.\\\\r\\\\nAdditional details :<\\\\/p><p><span class=\\\\\\\"component__hiddenText component__paraFormat\\\\\\\" style=\\\\\\\"margin: 0px; padding: 0px; font-family: &quot;Open Sans&quot;, Arial, Helvetica, sans-serif; border-radius: 0px; border: 0px; vertical-align: baseline; -webkit-tap-highlight-color: rgba(0, 0, 0, 0); outline: 0px; background: transparent; line-height: normal; color: rgb(102, 102, 102);\\\\\\\"><br style=\\\\\\\"margin: 0px; padding: 0px; font-family: &quot;Open Sans&quot;; border-radius: 0px; -webkit-tap-highlight-color: rgba(0, 0, 0, 0);\\\\\\\"><\\\\/span><\\\\/p><p style=\\\\\\\"box-sizing: border-box; margin: 0px; padding: 0px; font-family: &quot;Open Sans&quot;; border-radius: 0px; -webkit-tap-highlight-color: rgba(0, 0, 0, 0); border: 0px; vertical-align: baseline; font-weight: inherit; font-size: inherit; white-space: pre-line;\\\\\\\">Piped gas facility is available in the property.\\\\r\\\\nThe apartment has borings water supply.\\\\r\\\\nFull power backup is available.\\\\r\\\\nThere is also a separate washroom for domestic help.\\\\r\\\\nThe society has dedicated security guards for every tower.<\\\\/p>\\\",\\\"commision\\\":\\\"0.00\\\",\\\"amenitie\\\":\\\"[\\\\\\\"1\\\\\\\", \\\\\\\"2\\\\\\\"]\\\"}\"',	'\"{\\\"slug\\\":\\\"cghs-mandakini-apartments\\\",\\\"description\\\":\\\"<div class=\\\\\\\"component__pdDescAdd\\\\\\\" style=\\\\\\\"margin: 0px 0px 8px; padding: 0px; font-family: &quot;Open Sans&quot;, Arial, Helvetica, sans-serif; border-radius: 0px; border: 0px; vertical-align: baseline; -webkit-tap-highlight-color: rgba(0, 0, 0, 0); outline: 0px; background: transparent; line-height: normal; color: rgb(102, 102, 102);\\\\\\\"><span style=\\\\\\\"margin: 0px; padding: 0px; font-family: &quot;Open Sans&quot;; border-radius: 0px; border: 0px; vertical-align: baseline; font-weight: 600; font-size: inherit; -webkit-tap-highlight-color: rgba(0, 0, 0, 0); outline: 0px; background: transparent; line-height: normal;\\\\\\\">Address<\\\\/span>:&nbsp;<span id=\\\\\\\"address\\\\\\\" style=\\\\\\\"margin: 0px; padding: 0px; font-family: &quot;Open Sans&quot;; border-radius: 0px; border: 0px; vertical-align: baseline; font-weight: inherit; font-size: inherit; -webkit-tap-highlight-color: rgba(0, 0, 0, 0); display: inline-block; background: transparent; line-height: normal; outline: 0px;\\\\\\\">Sector 2 Dwarka, Delhi<\\\\/span><\\\\/div><p style=\\\\\\\"margin-right: 0px; margin-bottom: 0px; margin-left: 0px; padding: 0px; font-family: &quot;Open Sans&quot;; border-radius: 0px; -webkit-tap-highlight-color: rgba(0, 0, 0, 0); border: 0px; vertical-align: baseline; font-weight: inherit; font-size: inherit; white-space-collapse: preserve-breaks;\\\\\\\">This impeccable house is spread across an area of 2600 sq.Ft. And is an semifurnished unit.\\\\r\\\\nThe amenities are designed to make your life easy, exciting and luxurious. The society boasts of manicured landscaping and includes lifts, intercom facility, security\\\\/fire alarm, maintenance staff, security personnel, visitor parking, swimming pool, gym, clubhouse, rainwater harvesting, piped gas, water storage, waste disposal and park.\\\\r\\\\nThe property is a quality construction.<\\\\/p><p><br><\\\\/p>\\\",\\\"commision\\\":\\\"20\\\",\\\"amenitie\\\":\\\"[\\\\\\\"1\\\\\\\",\\\\\\\"2\\\\\\\"]\\\"}\"',	'admin@gmail.com',	'2025-03-18 00:18:27',	'2025-03-18 00:18:27'),
(168,	'properties',	'update',	5,	'\"{\\\"slug\\\":\\\"cghs-mandakini-apartments4\\\",\\\"description\\\":\\\"<div class=\\\\\\\"component__pdDescAdd\\\\\\\" style=\\\\\\\"margin: 0px 0px 8px; padding: 0px; font-family: &quot;Open Sans&quot;, Arial, Helvetica, sans-serif; border-radius: 0px; border: 0px; vertical-align: baseline; -webkit-tap-highlight-color: rgba(0, 0, 0, 0); outline: 0px; background: transparent; line-height: normal; color: rgb(102, 102, 102);\\\\\\\"><span style=\\\\\\\"margin: 0px; padding: 0px; font-family: &quot;Open Sans&quot;; border-radius: 0px; border: 0px; vertical-align: baseline; font-weight: 600; font-size: inherit; -webkit-tap-highlight-color: rgba(0, 0, 0, 0); outline: 0px; background: transparent; line-height: normal;\\\\\\\">Address<\\\\/span>:&nbsp;<span id=\\\\\\\"address\\\\\\\" style=\\\\\\\"margin: 0px; padding: 0px; font-family: &quot;Open Sans&quot;; border-radius: 0px; border: 0px; vertical-align: baseline; font-weight: inherit; font-size: inherit; -webkit-tap-highlight-color: rgba(0, 0, 0, 0); display: inline-block; background: transparent; line-height: normal; outline: 0px;\\\\\\\">Sector 2 Dwarka, Delhi<\\\\/span><\\\\/div><p style=\\\\\\\"margin-right: 0px; margin-bottom: 0px; margin-left: 0px; padding: 0px; font-family: &quot;Open Sans&quot;; border-radius: 0px; -webkit-tap-highlight-color: rgba(0, 0, 0, 0); border: 0px; vertical-align: baseline; font-weight: inherit; font-size: inherit; white-space-collapse: preserve-breaks;\\\\\\\">This is your chance to a 4 bhk apartment \\\\/ flat for sale in cghs mandakini apartments sector 2 dwarka delhi . Where luxury comes with affordability.<\\\\/p><p><span id=\\\\\\\"description\\\\\\\" class=\\\\\\\"component__hiddenText component__paraFormat\\\\\\\" style=\\\\\\\"margin: 0px; padding: 0px; font-family: &quot;Open Sans&quot;, Arial, Helvetica, sans-serif; border-radius: 0px; border: 0px; vertical-align: baseline; -webkit-tap-highlight-color: rgba(0, 0, 0, 0); outline: 0px; background: transparent; line-height: normal; color: rgb(102, 102, 102);\\\\\\\"><br style=\\\\\\\"margin: 0px; padding: 0px; font-family: &quot;Open Sans&quot;; border-radius: 0px; -webkit-tap-highlight-color: rgba(0, 0, 0, 0);\\\\\\\"><\\\\/span><\\\\/p><p style=\\\\\\\"margin-right: 0px; margin-bottom: 0px; margin-left: 0px; padding: 0px; font-family: &quot;Open Sans&quot;; border-radius: 0px; -webkit-tap-highlight-color: rgba(0, 0, 0, 0); border: 0px; vertical-align: baseline; font-weight: inherit; font-size: inherit; white-space-collapse: preserve-breaks;\\\\\\\">Basic details:\\\\r\\\\nYou will love this bright and spacious 4 bedroom apartment with 3 bathrooms, modular kitchen, spacious hall and 4 balconies.The balcony offers a great view and is a place to enjoy at any time. This house provides ample natural light and has good ventilation that invites comfort.<\\\\/p><p><span class=\\\\\\\"component__hiddenText component__paraFormat\\\\\\\" style=\\\\\\\"margin: 0px; padding: 0px; font-family: &quot;Open Sans&quot;, Arial, Helvetica, sans-serif; border-radius: 0px; border: 0px; vertical-align: baseline; -webkit-tap-highlight-color: rgba(0, 0, 0, 0); outline: 0px; background: transparent; line-height: normal; color: rgb(102, 102, 102);\\\\\\\"><br style=\\\\\\\"margin: 0px; padding: 0px; font-family: &quot;Open Sans&quot;; border-radius: 0px; -webkit-tap-highlight-color: rgba(0, 0, 0, 0);\\\\\\\"><\\\\/span><\\\\/p><p style=\\\\\\\"margin-right: 0px; margin-bottom: 0px; margin-left: 0px; padding: 0px; font-family: &quot;Open Sans&quot;; border-radius: 0px; -webkit-tap-highlight-color: rgba(0, 0, 0, 0); border: 0px; vertical-align: baseline; font-weight: inherit; font-size: inherit; white-space-collapse: preserve-breaks;\\\\\\\">Furnishings and amenities:\\\\r\\\\nThis impeccable house is spread across an area of 2600 sq.Ft. And is an semifurnished unit.\\\\r\\\\nThe amenities are designed to make your life easy, exciting and luxurious. The society boasts of manicured landscaping and includes lifts, intercom facility, security\\\\/fire alarm, maintenance staff, security personnel, visitor parking, swimming pool, gym, clubhouse, rainwater harvesting, piped gas, water storage, waste disposal and park.\\\\r\\\\nThe property is a quality construction.<\\\\/p><p><span class=\\\\\\\"component__hiddenText component__paraFormat\\\\\\\" style=\\\\\\\"margin: 0px; padding: 0px; font-family: &quot;Open Sans&quot;, Arial, Helvetica, sans-serif; border-radius: 0px; border: 0px; vertical-align: baseline; -webkit-tap-highlight-color: rgba(0, 0, 0, 0); outline: 0px; background: transparent; line-height: normal; color: rgb(102, 102, 102);\\\\\\\"><br style=\\\\\\\"margin: 0px; padding: 0px; font-family: &quot;Open Sans&quot;; border-radius: 0px; -webkit-tap-highlight-color: rgba(0, 0, 0, 0);\\\\\\\"><\\\\/span><\\\\/p><p style=\\\\\\\"margin-right: 0px; margin-bottom: 0px; margin-left: 0px; padding: 0px; font-family: &quot;Open Sans&quot;; border-radius: 0px; -webkit-tap-highlight-color: rgba(0, 0, 0, 0); border: 0px; vertical-align: baseline; font-weight: inherit; font-size: inherit; white-space-collapse: preserve-breaks;\\\\\\\">Location:\\\\r\\\\nThe prime location provides residents with access to the very best that this city has to offer. The property is situated close to all the basic amenities. It is close to the main road making it highly accessible.\\\\r\\\\n-Major banks and atms within proximity\\\\r\\\\n-Schools within a close radius\\\\r\\\\n-Easy access to public transport<\\\\/p><p><span class=\\\\\\\"component__hiddenText component__paraFormat\\\\\\\" style=\\\\\\\"margin: 0px; padding: 0px; font-family: &quot;Open Sans&quot;, Arial, Helvetica, sans-serif; border-radius: 0px; border: 0px; vertical-align: baseline; -webkit-tap-highlight-color: rgba(0, 0, 0, 0); outline: 0px; background: transparent; line-height: normal; color: rgb(102, 102, 102);\\\\\\\"><br style=\\\\\\\"margin: 0px; padding: 0px; font-family: &quot;Open Sans&quot;; border-radius: 0px; -webkit-tap-highlight-color: rgba(0, 0, 0, 0);\\\\\\\"><\\\\/span><\\\\/p><p style=\\\\\\\"margin-right: 0px; margin-bottom: 0px; margin-left: 0px; padding: 0px; font-family: &quot;Open Sans&quot;; border-radius: 0px; -webkit-tap-highlight-color: rgba(0, 0, 0, 0); border: 0px; vertical-align: baseline; font-weight: inherit; font-size: inherit; white-space-collapse: preserve-breaks;\\\\\\\">Wait no more and schedule a tour today.\\\\r\\\\nFor more details, kindly contact the owner.\\\\r\\\\nAdditional details :<\\\\/p><p><span class=\\\\\\\"component__hiddenText component__paraFormat\\\\\\\" style=\\\\\\\"margin: 0px; padding: 0px; font-family: &quot;Open Sans&quot;, Arial, Helvetica, sans-serif; border-radius: 0px; border: 0px; vertical-align: baseline; -webkit-tap-highlight-color: rgba(0, 0, 0, 0); outline: 0px; background: transparent; line-height: normal; color: rgb(102, 102, 102);\\\\\\\"><br style=\\\\\\\"margin: 0px; padding: 0px; font-family: &quot;Open Sans&quot;; border-radius: 0px; -webkit-tap-highlight-color: rgba(0, 0, 0, 0);\\\\\\\"><\\\\/span><\\\\/p><p style=\\\\\\\"box-sizing: border-box; margin: 0px; padding: 0px; font-family: &quot;Open Sans&quot;; border-radius: 0px; -webkit-tap-highlight-color: rgba(0, 0, 0, 0); border: 0px; vertical-align: baseline; font-weight: inherit; font-size: inherit; white-space: pre-line;\\\\\\\">Piped gas facility is available in the property.\\\\r\\\\nThe apartment has borings water supply.\\\\r\\\\nFull power backup is available.\\\\r\\\\nThere is also a separate washroom for domestic help.\\\\r\\\\nThe society has dedicated security guards for every tower.<\\\\/p>\\\",\\\"commision\\\":\\\"0.00\\\",\\\"amenitie\\\":\\\"[\\\\\\\"1\\\\\\\", \\\\\\\"2\\\\\\\"]\\\"}\"',	'\"{\\\"slug\\\":\\\"cghs-mandakini-apartments\\\",\\\"description\\\":\\\"<div class=\\\\\\\"component__pdDescAdd\\\\\\\" style=\\\\\\\"margin: 0px 0px 8px; padding: 0px; font-family: &quot;Open Sans&quot;, Arial, Helvetica, sans-serif; border-radius: 0px; border: 0px; vertical-align: baseline; -webkit-tap-highlight-color: rgba(0, 0, 0, 0); outline: 0px; background: transparent; line-height: normal; color: rgb(102, 102, 102);\\\\\\\"><span style=\\\\\\\"margin: 0px; padding: 0px; font-family: &quot;Open Sans&quot;; border-radius: 0px; border: 0px; vertical-align: baseline; font-weight: 600; font-size: inherit; -webkit-tap-highlight-color: rgba(0, 0, 0, 0); outline: 0px; background: transparent; line-height: normal;\\\\\\\">Address<\\\\/span>:&nbsp;<span id=\\\\\\\"address\\\\\\\" style=\\\\\\\"margin: 0px; padding: 0px; font-family: &quot;Open Sans&quot;; border-radius: 0px; border: 0px; vertical-align: baseline; font-weight: inherit; font-size: inherit; -webkit-tap-highlight-color: rgba(0, 0, 0, 0); display: inline-block; background: transparent; line-height: normal; outline: 0px;\\\\\\\">Sector 2 Dwarka, Delhi<\\\\/span><\\\\/div><p style=\\\\\\\"margin-right: 0px; margin-bottom: 0px; margin-left: 0px; padding: 0px; font-family: &quot;Open Sans&quot;; border-radius: 0px; -webkit-tap-highlight-color: rgba(0, 0, 0, 0); border: 0px; vertical-align: baseline; font-weight: inherit; font-size: inherit; white-space-collapse: preserve-breaks;\\\\\\\">This is your chance to a 4 bhk apartment \\\\/ flat for sale in cghs mandakini apartments sector 2 dwarka delhi . Where luxury comes with affordability.<\\\\/p><p><span style=\\\\\\\"font-family: &quot;Open Sans&quot;; font-size: inherit; font-weight: inherit; white-space-collapse: preserve-breaks;\\\\\\\">Basic details:<\\\\/span><\\\\/p><p style=\\\\\\\"margin-right: 0px; margin-bottom: 0px; margin-left: 0px; padding: 0px; font-family: &quot;Open Sans&quot;; border-radius: 0px; -webkit-tap-highlight-color: rgba(0, 0, 0, 0); border: 0px; vertical-align: baseline; font-weight: inherit; font-size: inherit; white-space-collapse: preserve-breaks;\\\\\\\">You will love this bright and spacious 4 bedroom apartment with 3 bathrooms, modular kitchen, spacious hall and 4 balconies.The balcony offers a great view and is a place to enjoy at any time. This house provides ample natural light and has good ventilation that invites comfort.<\\\\/p><p><br><\\\\/p><p><br><\\\\/p>\\\",\\\"commision\\\":\\\"20\\\",\\\"amenitie\\\":\\\"[\\\\\\\"1\\\\\\\",\\\\\\\"2\\\\\\\"]\\\"}\"',	'admin@gmail.com',	'2025-03-18 00:19:00',	'2025-03-18 00:19:00'),
(169,	'properties',	'update',	7,	'\"{\\\"slug\\\":\\\"cghs-mandakini-apartments6\\\",\\\"description\\\":\\\"<div class=\\\\\\\"component__pdDescAdd\\\\\\\" style=\\\\\\\"margin: 0px 0px 8px; padding: 0px; font-family: &quot;Open Sans&quot;, Arial, Helvetica, sans-serif; border-radius: 0px; border: 0px; vertical-align: baseline; -webkit-tap-highlight-color: rgba(0, 0, 0, 0); outline: 0px; background: transparent; line-height: normal; color: rgb(102, 102, 102);\\\\\\\"><span style=\\\\\\\"margin: 0px; padding: 0px; font-family: &quot;Open Sans&quot;; border-radius: 0px; border: 0px; vertical-align: baseline; font-weight: 600; font-size: inherit; -webkit-tap-highlight-color: rgba(0, 0, 0, 0); outline: 0px; background: transparent; line-height: normal;\\\\\\\">Address<\\\\/span>:&nbsp;<span id=\\\\\\\"address\\\\\\\" style=\\\\\\\"margin: 0px; padding: 0px; font-family: &quot;Open Sans&quot;; border-radius: 0px; border: 0px; vertical-align: baseline; font-weight: inherit; font-size: inherit; -webkit-tap-highlight-color: rgba(0, 0, 0, 0); display: inline-block; background: transparent; line-height: normal; outline: 0px;\\\\\\\">Sector 2 Dwarka, Delhi<\\\\/span><\\\\/div><p style=\\\\\\\"margin-right: 0px; margin-bottom: 0px; margin-left: 0px; padding: 0px; font-family: &quot;Open Sans&quot;; border-radius: 0px; -webkit-tap-highlight-color: rgba(0, 0, 0, 0); border: 0px; vertical-align: baseline; font-weight: inherit; font-size: inherit; white-space-collapse: preserve-breaks;\\\\\\\">This is your chance to a 4 bhk apartment \\\\/ flat for sale in cghs mandakini apartments sector 2 dwarka delhi . Where luxury comes with affordability.<\\\\/p><p><span id=\\\\\\\"description\\\\\\\" class=\\\\\\\"component__hiddenText component__paraFormat\\\\\\\" style=\\\\\\\"margin: 0px; padding: 0px; font-family: &quot;Open Sans&quot;, Arial, Helvetica, sans-serif; border-radius: 0px; border: 0px; vertical-align: baseline; -webkit-tap-highlight-color: rgba(0, 0, 0, 0); outline: 0px; background: transparent; line-height: normal; color: rgb(102, 102, 102);\\\\\\\"><br style=\\\\\\\"margin: 0px; padding: 0px; font-family: &quot;Open Sans&quot;; border-radius: 0px; -webkit-tap-highlight-color: rgba(0, 0, 0, 0);\\\\\\\"><\\\\/span><\\\\/p><p style=\\\\\\\"margin-right: 0px; margin-bottom: 0px; margin-left: 0px; padding: 0px; font-family: &quot;Open Sans&quot;; border-radius: 0px; -webkit-tap-highlight-color: rgba(0, 0, 0, 0); border: 0px; vertical-align: baseline; font-weight: inherit; font-size: inherit; white-space-collapse: preserve-breaks;\\\\\\\">Basic details:\\\\r\\\\nYou will love this bright and spacious 4 bedroom apartment with 3 bathrooms, modular kitchen, spacious hall and 4 balconies.The balcony offers a great view and is a place to enjoy at any time. This house provides ample natural light and has good ventilation that invites comfort.<\\\\/p><p><span class=\\\\\\\"component__hiddenText component__paraFormat\\\\\\\" style=\\\\\\\"margin: 0px; padding: 0px; font-family: &quot;Open Sans&quot;, Arial, Helvetica, sans-serif; border-radius: 0px; border: 0px; vertical-align: baseline; -webkit-tap-highlight-color: rgba(0, 0, 0, 0); outline: 0px; background: transparent; line-height: normal; color: rgb(102, 102, 102);\\\\\\\"><br style=\\\\\\\"margin: 0px; padding: 0px; font-family: &quot;Open Sans&quot;; border-radius: 0px; -webkit-tap-highlight-color: rgba(0, 0, 0, 0);\\\\\\\"><\\\\/span><\\\\/p><p style=\\\\\\\"margin-right: 0px; margin-bottom: 0px; margin-left: 0px; padding: 0px; font-family: &quot;Open Sans&quot;; border-radius: 0px; -webkit-tap-highlight-color: rgba(0, 0, 0, 0); border: 0px; vertical-align: baseline; font-weight: inherit; font-size: inherit; white-space-collapse: preserve-breaks;\\\\\\\">Furnishings and amenities:\\\\r\\\\nThis impeccable house is spread across an area of 2600 sq.Ft. And is an semifurnished unit.\\\\r\\\\nThe amenities are designed to make your life easy, exciting and luxurious. The society boasts of manicured landscaping and includes lifts, intercom facility, security\\\\/fire alarm, maintenance staff, security personnel, visitor parking, swimming pool, gym, clubhouse, rainwater harvesting, piped gas, water storage, waste disposal and park.\\\\r\\\\nThe property is a quality construction.<\\\\/p><p><span class=\\\\\\\"component__hiddenText component__paraFormat\\\\\\\" style=\\\\\\\"margin: 0px; padding: 0px; font-family: &quot;Open Sans&quot;, Arial, Helvetica, sans-serif; border-radius: 0px; border: 0px; vertical-align: baseline; -webkit-tap-highlight-color: rgba(0, 0, 0, 0); outline: 0px; background: transparent; line-height: normal; color: rgb(102, 102, 102);\\\\\\\"><br style=\\\\\\\"margin: 0px; padding: 0px; font-family: &quot;Open Sans&quot;; border-radius: 0px; -webkit-tap-highlight-color: rgba(0, 0, 0, 0);\\\\\\\"><\\\\/span><\\\\/p><p style=\\\\\\\"margin-right: 0px; margin-bottom: 0px; margin-left: 0px; padding: 0px; font-family: &quot;Open Sans&quot;; border-radius: 0px; -webkit-tap-highlight-color: rgba(0, 0, 0, 0); border: 0px; vertical-align: baseline; font-weight: inherit; font-size: inherit; white-space-collapse: preserve-breaks;\\\\\\\">Location:\\\\r\\\\nThe prime location provides residents with access to the very best that this city has to offer. The property is situated close to all the basic amenities. It is close to the main road making it highly accessible.\\\\r\\\\n-Major banks and atms within proximity\\\\r\\\\n-Schools within a close radius\\\\r\\\\n-Easy access to public transport<\\\\/p><p><span class=\\\\\\\"component__hiddenText component__paraFormat\\\\\\\" style=\\\\\\\"margin: 0px; padding: 0px; font-family: &quot;Open Sans&quot;, Arial, Helvetica, sans-serif; border-radius: 0px; border: 0px; vertical-align: baseline; -webkit-tap-highlight-color: rgba(0, 0, 0, 0); outline: 0px; background: transparent; line-height: normal; color: rgb(102, 102, 102);\\\\\\\"><br style=\\\\\\\"margin: 0px; padding: 0px; font-family: &quot;Open Sans&quot;; border-radius: 0px; -webkit-tap-highlight-color: rgba(0, 0, 0, 0);\\\\\\\"><\\\\/span><\\\\/p><p style=\\\\\\\"margin-right: 0px; margin-bottom: 0px; margin-left: 0px; padding: 0px; font-family: &quot;Open Sans&quot;; border-radius: 0px; -webkit-tap-highlight-color: rgba(0, 0, 0, 0); border: 0px; vertical-align: baseline; font-weight: inherit; font-size: inherit; white-space-collapse: preserve-breaks;\\\\\\\">Wait no more and schedule a tour today.\\\\r\\\\nFor more details, kindly contact the owner.\\\\r\\\\nAdditional details :<\\\\/p><p><span class=\\\\\\\"component__hiddenText component__paraFormat\\\\\\\" style=\\\\\\\"margin: 0px; padding: 0px; font-family: &quot;Open Sans&quot;, Arial, Helvetica, sans-serif; border-radius: 0px; border: 0px; vertical-align: baseline; -webkit-tap-highlight-color: rgba(0, 0, 0, 0); outline: 0px; background: transparent; line-height: normal; color: rgb(102, 102, 102);\\\\\\\"><br style=\\\\\\\"margin: 0px; padding: 0px; font-family: &quot;Open Sans&quot;; border-radius: 0px; -webkit-tap-highlight-color: rgba(0, 0, 0, 0);\\\\\\\"><\\\\/span><\\\\/p><p style=\\\\\\\"box-sizing: border-box; margin: 0px; padding: 0px; font-family: &quot;Open Sans&quot;; border-radius: 0px; -webkit-tap-highlight-color: rgba(0, 0, 0, 0); border: 0px; vertical-align: baseline; font-weight: inherit; font-size: inherit; white-space: pre-line;\\\\\\\">Piped gas facility is available in the property.\\\\r\\\\nThe apartment has borings water supply.\\\\r\\\\nFull power backup is available.\\\\r\\\\nThere is also a separate washroom for domestic help.\\\\r\\\\nThe society has dedicated security guards for every tower.<\\\\/p>\\\",\\\"commision\\\":\\\"0.00\\\",\\\"amenitie\\\":\\\"[\\\\\\\"1\\\\\\\", \\\\\\\"2\\\\\\\"]\\\"}\"',	'\"{\\\"slug\\\":\\\"cghs-mandakini-apartments\\\",\\\"description\\\":\\\"<div class=\\\\\\\"component__pdDescAdd\\\\\\\" style=\\\\\\\"margin: 0px 0px 8px; padding: 0px; font-family: &quot;Open Sans&quot;, Arial, Helvetica, sans-serif; border-radius: 0px; border: 0px; vertical-align: baseline; -webkit-tap-highlight-color: rgba(0, 0, 0, 0); outline: 0px; background: transparent; line-height: normal; color: rgb(102, 102, 102);\\\\\\\"><span style=\\\\\\\"margin: 0px; padding: 0px; font-family: &quot;Open Sans&quot;; border-radius: 0px; border: 0px; vertical-align: baseline; font-weight: 600; font-size: inherit; -webkit-tap-highlight-color: rgba(0, 0, 0, 0); outline: 0px; background: transparent; line-height: normal;\\\\\\\">Address<\\\\/span>:&nbsp;<span id=\\\\\\\"address\\\\\\\" style=\\\\\\\"margin: 0px; padding: 0px; font-family: &quot;Open Sans&quot;; border-radius: 0px; border: 0px; vertical-align: baseline; font-weight: inherit; font-size: inherit; -webkit-tap-highlight-color: rgba(0, 0, 0, 0); display: inline-block; background: transparent; line-height: normal; outline: 0px;\\\\\\\">Sector 2 Dwarka, Delhi<\\\\/span><\\\\/div><p style=\\\\\\\"margin-right: 0px; margin-bottom: 0px; margin-left: 0px; padding: 0px; font-family: &quot;Open Sans&quot;; border-radius: 0px; -webkit-tap-highlight-color: rgba(0, 0, 0, 0); border: 0px; vertical-align: baseline; font-weight: inherit; font-size: inherit; white-space-collapse: preserve-breaks;\\\\\\\">This is your chance to a 4 bhk apartment \\\\/ flat for sale in cghs mandakini apartments sector 2 dwarka delhi . Where luxury comes with affordability.<\\\\/p><p style=\\\\\\\"margin-right: 0px; margin-bottom: 0px; margin-left: 0px; padding: 0px; font-family: &quot;Open Sans&quot;; border-radius: 0px; -webkit-tap-highlight-color: rgba(0, 0, 0, 0); border: 0px; vertical-align: baseline; font-weight: inherit; font-size: inherit; white-space-collapse: preserve-breaks;\\\\\\\">Furnishings and amenities:\\\\r\\\\nThis impeccable house is spread across an area of 2600 sq.Ft. And is an semifurnished unit.\\\\r\\\\nThe amenities are designed to make your life easy, exciting and luxurious. The society boasts of manicured landscaping and includes lifts, intercom facility, security\\\\/fire alarm, maintenance staff, security personnel, visitor parking, swimming pool, gym, clubhouse, rainwater harvesting, piped gas, water storage, waste disposal and park.\\\\r\\\\nThe property is a quality construction.<\\\\/p><p><br><\\\\/p>\\\",\\\"commision\\\":\\\"10\\\",\\\"amenitie\\\":\\\"[\\\\\\\"1\\\\\\\",\\\\\\\"2\\\\\\\"]\\\"}\"',	'admin@gmail.com',	'2025-03-18 00:19:33',	'2025-03-18 00:19:33'),
(170,	'properties',	'update',	8,	'\"{\\\"slug\\\":\\\"cghs-mandakini-apartments7\\\",\\\"description\\\":\\\"<div class=\\\\\\\"component__pdDescAdd\\\\\\\" style=\\\\\\\"margin: 0px 0px 8px; padding: 0px; font-family: &quot;Open Sans&quot;, Arial, Helvetica, sans-serif; border-radius: 0px; border: 0px; vertical-align: baseline; -webkit-tap-highlight-color: rgba(0, 0, 0, 0); outline: 0px; background: transparent; line-height: normal; color: rgb(102, 102, 102);\\\\\\\"><span style=\\\\\\\"margin: 0px; padding: 0px; font-family: &quot;Open Sans&quot;; border-radius: 0px; border: 0px; vertical-align: baseline; font-weight: 600; font-size: inherit; -webkit-tap-highlight-color: rgba(0, 0, 0, 0); outline: 0px; background: transparent; line-height: normal;\\\\\\\">Address<\\\\/span>:&nbsp;<span id=\\\\\\\"address\\\\\\\" style=\\\\\\\"margin: 0px; padding: 0px; font-family: &quot;Open Sans&quot;; border-radius: 0px; border: 0px; vertical-align: baseline; font-weight: inherit; font-size: inherit; -webkit-tap-highlight-color: rgba(0, 0, 0, 0); display: inline-block; background: transparent; line-height: normal; outline: 0px;\\\\\\\">Sector 2 Dwarka, Delhi<\\\\/span><\\\\/div><p style=\\\\\\\"margin-right: 0px; margin-bottom: 0px; margin-left: 0px; padding: 0px; font-family: &quot;Open Sans&quot;; border-radius: 0px; -webkit-tap-highlight-color: rgba(0, 0, 0, 0); border: 0px; vertical-align: baseline; font-weight: inherit; font-size: inherit; white-space-collapse: preserve-breaks;\\\\\\\">This is your chance to a 4 bhk apartment \\\\/ flat for sale in cghs mandakini apartments sector 2 dwarka delhi . Where luxury comes with affordability.<\\\\/p><p><span id=\\\\\\\"description\\\\\\\" class=\\\\\\\"component__hiddenText component__paraFormat\\\\\\\" style=\\\\\\\"margin: 0px; padding: 0px; font-family: &quot;Open Sans&quot;, Arial, Helvetica, sans-serif; border-radius: 0px; border: 0px; vertical-align: baseline; -webkit-tap-highlight-color: rgba(0, 0, 0, 0); outline: 0px; background: transparent; line-height: normal; color: rgb(102, 102, 102);\\\\\\\"><br style=\\\\\\\"margin: 0px; padding: 0px; font-family: &quot;Open Sans&quot;; border-radius: 0px; -webkit-tap-highlight-color: rgba(0, 0, 0, 0);\\\\\\\"><\\\\/span><\\\\/p><p style=\\\\\\\"margin-right: 0px; margin-bottom: 0px; margin-left: 0px; padding: 0px; font-family: &quot;Open Sans&quot;; border-radius: 0px; -webkit-tap-highlight-color: rgba(0, 0, 0, 0); border: 0px; vertical-align: baseline; font-weight: inherit; font-size: inherit; white-space-collapse: preserve-breaks;\\\\\\\">Basic details:\\\\r\\\\nYou will love this bright and spacious 4 bedroom apartment with 3 bathrooms, modular kitchen, spacious hall and 4 balconies.The balcony offers a great view and is a place to enjoy at any time. This house provides ample natural light and has good ventilation that invites comfort.<\\\\/p><p><span class=\\\\\\\"component__hiddenText component__paraFormat\\\\\\\" style=\\\\\\\"margin: 0px; padding: 0px; font-family: &quot;Open Sans&quot;, Arial, Helvetica, sans-serif; border-radius: 0px; border: 0px; vertical-align: baseline; -webkit-tap-highlight-color: rgba(0, 0, 0, 0); outline: 0px; background: transparent; line-height: normal; color: rgb(102, 102, 102);\\\\\\\"><br style=\\\\\\\"margin: 0px; padding: 0px; font-family: &quot;Open Sans&quot;; border-radius: 0px; -webkit-tap-highlight-color: rgba(0, 0, 0, 0);\\\\\\\"><\\\\/span><\\\\/p><p style=\\\\\\\"margin-right: 0px; margin-bottom: 0px; margin-left: 0px; padding: 0px; font-family: &quot;Open Sans&quot;; border-radius: 0px; -webkit-tap-highlight-color: rgba(0, 0, 0, 0); border: 0px; vertical-align: baseline; font-weight: inherit; font-size: inherit; white-space-collapse: preserve-breaks;\\\\\\\">Furnishings and amenities:\\\\r\\\\nThis impeccable house is spread across an area of 2600 sq.Ft. And is an semifurnished unit.\\\\r\\\\nThe amenities are designed to make your life easy, exciting and luxurious. The society boasts of manicured landscaping and includes lifts, intercom facility, security\\\\/fire alarm, maintenance staff, security personnel, visitor parking, swimming pool, gym, clubhouse, rainwater harvesting, piped gas, water storage, waste disposal and park.\\\\r\\\\nThe property is a quality construction.<\\\\/p><p><span class=\\\\\\\"component__hiddenText component__paraFormat\\\\\\\" style=\\\\\\\"margin: 0px; padding: 0px; font-family: &quot;Open Sans&quot;, Arial, Helvetica, sans-serif; border-radius: 0px; border: 0px; vertical-align: baseline; -webkit-tap-highlight-color: rgba(0, 0, 0, 0); outline: 0px; background: transparent; line-height: normal; color: rgb(102, 102, 102);\\\\\\\"><br style=\\\\\\\"margin: 0px; padding: 0px; font-family: &quot;Open Sans&quot;; border-radius: 0px; -webkit-tap-highlight-color: rgba(0, 0, 0, 0);\\\\\\\"><\\\\/span><\\\\/p><p style=\\\\\\\"margin-right: 0px; margin-bottom: 0px; margin-left: 0px; padding: 0px; font-family: &quot;Open Sans&quot;; border-radius: 0px; -webkit-tap-highlight-color: rgba(0, 0, 0, 0); border: 0px; vertical-align: baseline; font-weight: inherit; font-size: inherit; white-space-collapse: preserve-breaks;\\\\\\\">Location:\\\\r\\\\nThe prime location provides residents with access to the very best that this city has to offer. The property is situated close to all the basic amenities. It is close to the main road making it highly accessible.\\\\r\\\\n-Major banks and atms within proximity\\\\r\\\\n-Schools within a close radius\\\\r\\\\n-Easy access to public transport<\\\\/p><p><span class=\\\\\\\"component__hiddenText component__paraFormat\\\\\\\" style=\\\\\\\"margin: 0px; padding: 0px; font-family: &quot;Open Sans&quot;, Arial, Helvetica, sans-serif; border-radius: 0px; border: 0px; vertical-align: baseline; -webkit-tap-highlight-color: rgba(0, 0, 0, 0); outline: 0px; background: transparent; line-height: normal; color: rgb(102, 102, 102);\\\\\\\"><br style=\\\\\\\"margin: 0px; padding: 0px; font-family: &quot;Open Sans&quot;; border-radius: 0px; -webkit-tap-highlight-color: rgba(0, 0, 0, 0);\\\\\\\"><\\\\/span><\\\\/p><p style=\\\\\\\"margin-right: 0px; margin-bottom: 0px; margin-left: 0px; padding: 0px; font-family: &quot;Open Sans&quot;; border-radius: 0px; -webkit-tap-highlight-color: rgba(0, 0, 0, 0); border: 0px; vertical-align: baseline; font-weight: inherit; font-size: inherit; white-space-collapse: preserve-breaks;\\\\\\\">Wait no more and schedule a tour today.\\\\r\\\\nFor more details, kindly contact the owner.\\\\r\\\\nAdditional details :<\\\\/p><p><span class=\\\\\\\"component__hiddenText component__paraFormat\\\\\\\" style=\\\\\\\"margin: 0px; padding: 0px; font-family: &quot;Open Sans&quot;, Arial, Helvetica, sans-serif; border-radius: 0px; border: 0px; vertical-align: baseline; -webkit-tap-highlight-color: rgba(0, 0, 0, 0); outline: 0px; background: transparent; line-height: normal; color: rgb(102, 102, 102);\\\\\\\"><br style=\\\\\\\"margin: 0px; padding: 0px; font-family: &quot;Open Sans&quot;; border-radius: 0px; -webkit-tap-highlight-color: rgba(0, 0, 0, 0);\\\\\\\"><\\\\/span><\\\\/p><p style=\\\\\\\"box-sizing: border-box; margin: 0px; padding: 0px; font-family: &quot;Open Sans&quot;; border-radius: 0px; -webkit-tap-highlight-color: rgba(0, 0, 0, 0); border: 0px; vertical-align: baseline; font-weight: inherit; font-size: inherit; white-space: pre-line;\\\\\\\">Piped gas facility is available in the property.\\\\r\\\\nThe apartment has borings water supply.\\\\r\\\\nFull power backup is available.\\\\r\\\\nThere is also a separate washroom for domestic help.\\\\r\\\\nThe society has dedicated security guards for every tower.<\\\\/p>\\\",\\\"amenitie\\\":\\\"[\\\\\\\"1\\\\\\\", \\\\\\\"2\\\\\\\"]\\\"}\"',	'\"{\\\"slug\\\":\\\"cghs-mandakini-apartments\\\",\\\"description\\\":\\\"<div class=\\\\\\\"component__pdDescAdd\\\\\\\" style=\\\\\\\"margin: 0px 0px 8px; padding: 0px; font-family: &quot;Open Sans&quot;, Arial, Helvetica, sans-serif; border-radius: 0px; border: 0px; vertical-align: baseline; -webkit-tap-highlight-color: rgba(0, 0, 0, 0); outline: 0px; background: transparent; line-height: normal; color: rgb(102, 102, 102);\\\\\\\"><span style=\\\\\\\"margin: 0px; padding: 0px; font-family: &quot;Open Sans&quot;; border-radius: 0px; border: 0px; vertical-align: baseline; font-weight: 600; font-size: inherit; -webkit-tap-highlight-color: rgba(0, 0, 0, 0); outline: 0px; background: transparent; line-height: normal;\\\\\\\">Address<\\\\/span>:&nbsp;<span id=\\\\\\\"address\\\\\\\" style=\\\\\\\"margin: 0px; padding: 0px; font-family: &quot;Open Sans&quot;; border-radius: 0px; border: 0px; vertical-align: baseline; font-weight: inherit; font-size: inherit; -webkit-tap-highlight-color: rgba(0, 0, 0, 0); display: inline-block; background: transparent; line-height: normal; outline: 0px;\\\\\\\">Sector 2 Dwarka, Delhi<\\\\/span><\\\\/div><p style=\\\\\\\"margin-right: 0px; margin-bottom: 0px; margin-left: 0px; padding: 0px; font-family: &quot;Open Sans&quot;; border-radius: 0px; -webkit-tap-highlight-color: rgba(0, 0, 0, 0); border: 0px; vertical-align: baseline; font-weight: inherit; font-size: inherit; white-space-collapse: preserve-breaks;\\\\\\\">This is your chance to a 4 bhk apartment \\\\/ flat for sale in cghs mandakini apartments sector 2 dwarka delhi . Where luxury comes with affordability.<\\\\/p><p><span style=\\\\\\\"font-family: &quot;Open Sans&quot;; font-size: inherit; font-weight: inherit; white-space-collapse: preserve-breaks;\\\\\\\">Location:<\\\\/span><\\\\/p><p style=\\\\\\\"margin-right: 0px; margin-bottom: 0px; margin-left: 0px; padding: 0px; font-family: &quot;Open Sans&quot;; border-radius: 0px; -webkit-tap-highlight-color: rgba(0, 0, 0, 0); border: 0px; vertical-align: baseline; font-weight: inherit; font-size: inherit; white-space-collapse: preserve-breaks;\\\\\\\">The prime location provides residents with access to the very best that this city has to offer. The property is situated close to all the basic amenities. It is close to the main road making it highly accessible.\\\\r\\\\n-Major banks and atms within proximity\\\\r\\\\n-Schools within a close radius\\\\r\\\\n-Easy access to public transport<\\\\/p>\\\",\\\"amenitie\\\":\\\"[\\\\\\\"1\\\\\\\",\\\\\\\"2\\\\\\\"]\\\"}\"',	'admin@gmail.com',	'2025-03-18 00:20:04',	'2025-03-18 00:20:04'),
(171,	'properties',	'update',	1,	'\"{\\\"amenitie\\\":\\\"[\\\\\\\"3\\\\\\\", \\\\\\\"1\\\\\\\", \\\\\\\"2\\\\\\\"]\\\"}\"',	'\"{\\\"amenitie\\\":\\\"[\\\\\\\"3\\\\\\\",\\\\\\\"1\\\\\\\",\\\\\\\"2\\\\\\\"]\\\"}\"',	'admin@gmail.com',	'2025-03-21 01:00:38',	'2025-03-21 01:00:38'),
(172,	'properties',	'update',	1,	'\"{\\\"amenitie\\\":\\\"[\\\\\\\"3\\\\\\\", \\\\\\\"1\\\\\\\", \\\\\\\"2\\\\\\\"]\\\"}\"',	'\"{\\\"amenitie\\\":\\\"[\\\\\\\"3\\\\\\\",\\\\\\\"1\\\\\\\",\\\\\\\"2\\\\\\\"]\\\"}\"',	'admin@gmail.com',	'2025-03-21 01:01:50',	'2025-03-21 01:01:50'),
(173,	'carlist',	'update',	1,	'\"{\\\"description\\\":\\\"<div class=\\\\\\\"component__pdDescAdd\\\\\\\" style=\\\\\\\"margin: 0px 0px 8px; padding: 0px; font-family: &quot;Open Sans&quot;, Arial, Helvetica, sans-serif; border-radius: 0px; border: 0px; vertical-align: baseline; -webkit-tap-highlight-color: rgba(0, 0, 0, 0); outline: 0px; background: transparent; line-height: normal; color: rgb(102, 102, 102);\\\\\\\">Cars come in various types, each designed for different needs. <strong data-start=\\\\\\\"63\\\\\\\" data-end=\\\\\\\"73\\\\\\\">Sedans<\\\\/strong> offer a balance of comfort and efficiency, ideal for daily commuting. <strong data-start=\\\\\\\"144\\\\\\\" data-end=\\\\\\\"152\\\\\\\">SUVs<\\\\/strong> provide more space, higher ground clearance, and better off-road capability. <strong data-start=\\\\\\\"230\\\\\\\" data-end=\\\\\\\"244\\\\\\\">Hatchbacks<\\\\/strong> are compact and fuel-efficient, perfect for city driving. <strong data-start=\\\\\\\"303\\\\\\\" data-end=\\\\\\\"313\\\\\\\">Coupes<\\\\/strong> focus on sporty performance with sleek designs, while <strong data-start=\\\\\\\"368\\\\\\\" data-end=\\\\\\\"384\\\\\\\">convertibles<\\\\/strong> add the thrill of open-air driving. <strong data-start=\\\\\\\"421\\\\\\\" data-end=\\\\\\\"448\\\\\\\">Electric vehicles (EVs)<\\\\/strong> are eco-friendly and cost-efficient in the long run. <strong data-start=\\\\\\\"502\\\\\\\" data-end=\\\\\\\"517\\\\\\\">Luxury cars<\\\\/strong> combine advanced technology with premium comfort. Whether you need power, efficiency, or style, there\\\\u2019s a car for every lifestyle and preference.&nbsp;<\\\\/div>\\\"}\"',	'\"{\\\"description\\\":\\\"<div class=\\\\\\\"component__pdDescAdd\\\\\\\" style=\\\\\\\"margin: 0px 0px 8px; padding: 0px; font-family: &quot;Open Sans&quot;, Arial, Helvetica, sans-serif; border-radius: 0px; border: 0px; vertical-align: baseline; -webkit-tap-highlight-color: rgba(0, 0, 0, 0); outline: 0px; background: transparent; line-height: normal; color: rgb(102, 102, 102);\\\\\\\"><div class=\\\\\\\"component__pdDescAdd\\\\\\\" style=\\\\\\\"margin: 0px 0px 8px; padding: 0px; border-radius: 0px; border: 0px; vertical-align: baseline; -webkit-tap-highlight-color: rgba(0, 0, 0, 0); outline: 0px; background: transparent; line-height: normal;\\\\\\\"><span style=\\\\\\\"margin: 0px; padding: 0px; font-family: &quot;Open Sans&quot;; border-radius: 0px; border: 0px; vertical-align: baseline; font-weight: 600; font-size: inherit; -webkit-tap-highlight-color: rgba(0, 0, 0, 0); outline: 0px; background: transparent; line-height: normal;\\\\\\\">Address<\\\\/span>:&nbsp;<span id=\\\\\\\"address\\\\\\\" style=\\\\\\\"margin: 0px; padding: 0px; font-family: &quot;Open Sans&quot;; border-radius: 0px; border: 0px; vertical-align: baseline; font-weight: inherit; font-size: inherit; -webkit-tap-highlight-color: rgba(0, 0, 0, 0); display: inline-block; background: transparent; line-height: normal; outline: 0px;\\\\\\\">Sector 2 Dwarka, Delhi<\\\\/span><\\\\/div><p style=\\\\\\\"margin-right: 0px; margin-bottom: 0px; margin-left: 0px; font-weight: inherit; color: rgb(0, 0, 0); font-size: inherit; white-space-collapse: preserve-breaks; padding: 0px; font-family: &quot;Open Sans&quot;; border-radius: 0px; -webkit-tap-highlight-color: rgba(0, 0, 0, 0); border: 0px; vertical-align: baseline;\\\\\\\"><span style=\\\\\\\"font-size: inherit; font-weight: inherit;\\\\\\\">Furnishings and amenities:<\\\\/span><\\\\/p><p style=\\\\\\\"margin-right: 0px; margin-bottom: 0px; margin-left: 0px; font-weight: inherit; color: rgb(0, 0, 0); font-size: inherit; white-space-collapse: preserve-breaks; padding: 0px; font-family: &quot;Open Sans&quot;; border-radius: 0px; -webkit-tap-highlight-color: rgba(0, 0, 0, 0); border: 0px; vertical-align: baseline;\\\\\\\">This impeccable house is spread across an area of 2600 sq.Ft. And is an semifurnished unit.\\\\r\\\\nThe amenities are designed to make your life easy, exciting and luxurious. The society boasts of manicured landscaping and includes lifts, intercom facility, security\\\\/fire alarm, maintenance staff, security personnel, visitor parking, swimming pool, gym, clubhouse, rainwater harvesting, piped gas, water storage, waste disposal and park.\\\\r\\\\nThe property is a quality construction.<\\\\/p><\\\\/div>\\\"}\"',	'admin@gmail.com',	'2025-03-21 06:52:47',	'2025-03-21 06:52:47'),
(174,	'carlist',	'update',	2,	'\"{\\\"slug\\\":\\\"car-one1\\\",\\\"description\\\":\\\"<div class=\\\\\\\"component__pdDescAdd\\\\\\\" style=\\\\\\\"margin: 0px 0px 8px; padding: 0px; font-family: &quot;Open Sans&quot;, Arial, Helvetica, sans-serif; border-radius: 0px; border: 0px; vertical-align: baseline; -webkit-tap-highlight-color: rgba(0, 0, 0, 0); outline: 0px; background: transparent; line-height: normal; color: rgb(102, 102, 102);\\\\\\\">Cars come in various types, each designed for different needs. <strong data-start=\\\\\\\"63\\\\\\\" data-end=\\\\\\\"73\\\\\\\">Sedans<\\\\/strong> offer a balance of comfort and efficiency, ideal for daily commuting. <strong data-start=\\\\\\\"144\\\\\\\" data-end=\\\\\\\"152\\\\\\\">SUVs<\\\\/strong> provide more space, higher ground clearance, and better off-road capability. <strong data-start=\\\\\\\"230\\\\\\\" data-end=\\\\\\\"244\\\\\\\">Hatchbacks<\\\\/strong> are compact and fuel-efficient, perfect for city driving. <strong data-start=\\\\\\\"303\\\\\\\" data-end=\\\\\\\"313\\\\\\\">Coupes<\\\\/strong> focus on sporty performance with sleek designs, while <strong data-start=\\\\\\\"368\\\\\\\" data-end=\\\\\\\"384\\\\\\\">convertibles<\\\\/strong> add the thrill of open-air driving. <strong data-start=\\\\\\\"421\\\\\\\" data-end=\\\\\\\"448\\\\\\\">Electric vehicles (EVs)<\\\\/strong> are eco-friendly and cost-efficient in the long run. <strong data-start=\\\\\\\"502\\\\\\\" data-end=\\\\\\\"517\\\\\\\">Luxury cars<\\\\/strong> combine advanced technology with premium comfort. Whether you need power, efficiency, or style, there\\\\u2019s a car for every lifestyle and preference.&nbsp;<\\\\/div>\\\"}\"',	'\"{\\\"slug\\\":\\\"car-one\\\",\\\"description\\\":\\\"<div class=\\\\\\\"component__pdDescAdd\\\\\\\" style=\\\\\\\"margin: 0px 0px 8px; padding: 0px; font-family: &quot;Open Sans&quot;, Arial, Helvetica, sans-serif; border-radius: 0px; border: 0px; vertical-align: baseline; -webkit-tap-highlight-color: rgba(0, 0, 0, 0); outline: 0px; background: transparent; line-height: normal; color: rgb(102, 102, 102);\\\\\\\"><div class=\\\\\\\"component__pdDescAdd\\\\\\\" style=\\\\\\\"margin: 0px 0px 8px; padding: 0px; border-radius: 0px; border: 0px; vertical-align: baseline; -webkit-tap-highlight-color: rgba(0, 0, 0, 0); outline: 0px; background: transparent; line-height: normal;\\\\\\\"><span style=\\\\\\\"margin: 0px; padding: 0px; font-family: &quot;Open Sans&quot;; border-radius: 0px; border: 0px; vertical-align: baseline; font-weight: 600; font-size: inherit; -webkit-tap-highlight-color: rgba(0, 0, 0, 0); outline: 0px; background: transparent; line-height: normal;\\\\\\\">Address<\\\\/span>:&nbsp;<span id=\\\\\\\"address\\\\\\\" style=\\\\\\\"margin: 0px; padding: 0px; font-family: &quot;Open Sans&quot;; border-radius: 0px; border: 0px; vertical-align: baseline; font-weight: inherit; font-size: inherit; -webkit-tap-highlight-color: rgba(0, 0, 0, 0); display: inline-block; background: transparent; line-height: normal; outline: 0px;\\\\\\\">Sector 2 Dwarka, Delhi<\\\\/span><\\\\/div><p style=\\\\\\\"margin-right: 0px; margin-bottom: 0px; margin-left: 0px; font-weight: inherit; color: rgb(0, 0, 0); font-size: inherit; white-space-collapse: preserve-breaks; padding: 0px; font-family: &quot;Open Sans&quot;; border-radius: 0px; -webkit-tap-highlight-color: rgba(0, 0, 0, 0); border: 0px; vertical-align: baseline;\\\\\\\"><span style=\\\\\\\"font-size: inherit; font-weight: inherit;\\\\\\\">Furnishings and amenities:<\\\\/span><\\\\/p><p style=\\\\\\\"margin-right: 0px; margin-bottom: 0px; margin-left: 0px; font-weight: inherit; color: rgb(0, 0, 0); font-size: inherit; white-space-collapse: preserve-breaks; padding: 0px; font-family: &quot;Open Sans&quot;; border-radius: 0px; -webkit-tap-highlight-color: rgba(0, 0, 0, 0); border: 0px; vertical-align: baseline;\\\\\\\">This impeccable house is spread across an area of 2600 sq.Ft. And is an semifurnished unit.\\\\r\\\\nThe amenities are designed to make your life easy, exciting and luxurious. The society boasts of manicured landscaping and includes lifts, intercom facility, security\\\\/fire alarm, maintenance staff, security personnel, visitor parking, swimming pool, gym, clubhouse, rainwater harvesting, piped gas, water storage, waste disposal and park.\\\\r\\\\nThe property is a quality construction.<\\\\/p><\\\\/div>\\\"}\"',	'admin@gmail.com',	'2025-03-21 06:53:02',	'2025-03-21 06:53:02'),
(175,	'carlist',	'update',	3,	'\"{\\\"slug\\\":\\\"car-one2\\\",\\\"description\\\":\\\"<p>Cars come in various types, each designed for different needs. <strong data-start=\\\\\\\"63\\\\\\\" data-end=\\\\\\\"73\\\\\\\">Sedans<\\\\/strong> offer a balance of comfort and efficiency, ideal for daily commuting. <strong data-start=\\\\\\\"144\\\\\\\" data-end=\\\\\\\"152\\\\\\\">SUVs<\\\\/strong> provide more space, higher ground clearance, and better off-road capability. <strong data-start=\\\\\\\"230\\\\\\\" data-end=\\\\\\\"244\\\\\\\">Hatchbacks<\\\\/strong> are compact and fuel-efficient, perfect for city driving. <strong data-start=\\\\\\\"303\\\\\\\" data-end=\\\\\\\"313\\\\\\\">Coupes<\\\\/strong> focus on sporty performance with sleek designs, while <strong data-start=\\\\\\\"368\\\\\\\" data-end=\\\\\\\"384\\\\\\\">convertibles<\\\\/strong> add the thrill of open-air driving. <strong data-start=\\\\\\\"421\\\\\\\" data-end=\\\\\\\"448\\\\\\\">Electric vehicles (EVs)<\\\\/strong> are eco-friendly and cost-efficient in the long run. <strong data-start=\\\\\\\"502\\\\\\\" data-end=\\\\\\\"517\\\\\\\">Luxury cars<\\\\/strong> combine advanced technology with premium comfort. Whether you need power, efficiency, or style, there\\\\u2019s a car for every lifestyle and preference.&nbsp;<\\\\/p>\\\"}\"',	'\"{\\\"slug\\\":\\\"car-one\\\",\\\"description\\\":\\\"<div class=\\\\\\\"component__pdDescAdd\\\\\\\" style=\\\\\\\"margin: 0px 0px 8px; padding: 0px; font-family: &quot;Open Sans&quot;, Arial, Helvetica, sans-serif; border-radius: 0px; border: 0px; vertical-align: baseline; -webkit-tap-highlight-color: rgba(0, 0, 0, 0); outline: 0px; background: transparent; line-height: normal; color: rgb(102, 102, 102);\\\\\\\"><span style=\\\\\\\"margin: 0px; padding: 0px; font-family: &quot;Open Sans&quot;; border-radius: 0px; border: 0px; vertical-align: baseline; font-weight: 600; font-size: inherit; -webkit-tap-highlight-color: rgba(0, 0, 0, 0); outline: 0px; background: transparent; line-height: normal;\\\\\\\">Address<\\\\/span>:&nbsp;<span id=\\\\\\\"address\\\\\\\" style=\\\\\\\"margin: 0px; padding: 0px; font-family: &quot;Open Sans&quot;; border-radius: 0px; border: 0px; vertical-align: baseline; font-weight: inherit; font-size: inherit; -webkit-tap-highlight-color: rgba(0, 0, 0, 0); display: inline-block; background: transparent; line-height: normal; outline: 0px;\\\\\\\">Sector 2 Dwarka, Delhi<\\\\/span><\\\\/div><p style=\\\\\\\"margin-right: 0px; margin-bottom: 0px; margin-left: 0px; font-weight: inherit; font-size: inherit; white-space-collapse: preserve-breaks; padding: 0px; font-family: &quot;Open Sans&quot;; border-radius: 0px; -webkit-tap-highlight-color: rgba(0, 0, 0, 0); border: 0px; vertical-align: baseline;\\\\\\\"><span style=\\\\\\\"font-size: inherit; font-weight: inherit;\\\\\\\">Furnishings and amenities:<\\\\/span><\\\\/p><p style=\\\\\\\"margin-right: 0px; margin-bottom: 0px; margin-left: 0px; font-weight: inherit; font-size: inherit; white-space-collapse: preserve-breaks; padding: 0px; font-family: &quot;Open Sans&quot;; border-radius: 0px; -webkit-tap-highlight-color: rgba(0, 0, 0, 0); border: 0px; vertical-align: baseline;\\\\\\\">This impeccable house is spread across an area of 2600 sq.Ft. And is an semifurnished unit.\\\\r\\\\nThe amenities are designed to make your life easy, exciting and luxurious. The society boasts of manicured landscaping and includes lifts, intercom facility, security\\\\/fire alarm, maintenance staff, security personnel, visitor parking, swimming pool, gym, clubhouse, rainwater harvesting, piped gas, water storage, waste disposal and park.\\\\r\\\\nThe property is a quality construction.<\\\\/p>\\\"}\"',	'admin@gmail.com',	'2025-03-21 06:53:12',	'2025-03-21 06:53:12'),
(176,	'carlist',	'update',	6,	'\"{\\\"description\\\":\\\"<p>perfect for city driving.&nbsp;<span data-start=\\\\\\\"303\\\\\\\" data-end=\\\\\\\"313\\\\\\\" style=\\\\\\\"font-weight: bolder;\\\\\\\">Coupes<\\\\/span>&nbsp;focus on sporty performance with sleek designs, while&nbsp;<span data-start=\\\\\\\"368\\\\\\\" data-end=\\\\\\\"384\\\\\\\" style=\\\\\\\"font-weight: bolder;\\\\\\\">convertibles<\\\\/span>&nbsp;add the thrill of open-air driving.&nbsp;<span data-start=\\\\\\\"421\\\\\\\" data-end=\\\\\\\"448\\\\\\\" style=\\\\\\\"font-weight: bolder;\\\\\\\">Electric vehicles (EVs)<\\\\/span>&nbsp;are eco-friendly and cost-efficient in the long run.&nbsp;<span data-start=\\\\\\\"502\\\\\\\" data-end=\\\\\\\"517\\\\\\\" style=\\\\\\\"font-weight: bolder;\\\\\\\">Luxury cars<\\\\/span>&nbsp;combine advanced technology with premium comfort. Whether you need power, efficiency,&nbsp;<\\\\/p>\\\"}\"',	'\"{\\\"description\\\":\\\"<p style=\\\\\\\"margin-right: 0px; margin-bottom: 0px; margin-left: 0px; font-size: inherit; font-weight: inherit; white-space-collapse: preserve-breaks; padding: 0px; font-family: &quot;Open Sans&quot;; border-radius: 0px; -webkit-tap-highlight-color: rgba(0, 0, 0, 0); border: 0px; vertical-align: baseline;\\\\\\\"><span style=\\\\\\\"margin: 0px; padding: 0px; color: rgb(102, 102, 102); font-size: inherit; white-space-collapse: collapse; background: transparent; border-radius: 0px; border: 0px; vertical-align: baseline; font-weight: 600; -webkit-tap-highlight-color: rgba(0, 0, 0, 0); outline: 0px; line-height: normal;\\\\\\\">Address<\\\\/span><span style=\\\\\\\"color: rgb(102, 102, 102); font-family: &quot;Open Sans&quot;, Arial, Helvetica, sans-serif; font-size: 16px; white-space-collapse: collapse;\\\\\\\">:&nbsp;<\\\\/span><span id=\\\\\\\"address\\\\\\\" style=\\\\\\\"margin: 0px; padding: 0px; color: rgb(102, 102, 102); font-size: inherit; font-weight: inherit; white-space-collapse: collapse; background: transparent; border-radius: 0px; border: 0px; vertical-align: baseline; -webkit-tap-highlight-color: rgba(0, 0, 0, 0); display: inline-block; line-height: normal; outline: 0px;\\\\\\\">Sector 2 Dwarka, Delhi<\\\\/span><\\\\/p><p style=\\\\\\\"margin-right: 0px; margin-bottom: 0px; margin-left: 0px; font-size: inherit; font-weight: inherit; white-space-collapse: preserve-breaks; padding: 0px; font-family: &quot;Open Sans&quot;; border-radius: 0px; -webkit-tap-highlight-color: rgba(0, 0, 0, 0); border: 0px; vertical-align: baseline;\\\\\\\">This impeccable house is spread across an area of 2600 sq.Ft. And is an semifurnished unit.\\\\r\\\\nThe amenities are designed to make your life easy, exciting and luxurious. The society boasts of manicured landscaping and includes lifts, intercom facility, security\\\\/fire alarm, maintenance staff, security personnel, visitor parking, swimming pool, gym, clubhouse, rainwater harvesting, piped gas, water storage, waste disposal and park.\\\\r\\\\nThe property is a quality construction.<\\\\/p>\\\"}\"',	'admin@gmail.com',	'2025-03-21 07:40:57',	'2025-03-21 07:40:57'),
(177,	'carlist',	'update',	1,	'\"{\\\"name\\\":\\\"car one\\\",\\\"slug\\\":\\\"car-one\\\"}\"',	'\"{\\\"name\\\":\\\"Toyota Land Cruiser\\\",\\\"slug\\\":\\\"toyota-land-cruiser\\\"}\"',	'admin@gmail.com',	'2025-03-21 08:10:48',	'2025-03-21 08:10:48'),
(178,	'carlist',	'update',	2,	'\"{\\\"name\\\":\\\"car one\\\",\\\"slug\\\":\\\"car-one\\\"}\"',	'\"{\\\"name\\\":\\\"Ford Explorer\\\",\\\"slug\\\":\\\"ford-explorer\\\"}\"',	'admin@gmail.com',	'2025-03-21 08:11:00',	'2025-03-21 08:11:00'),
(179,	'carlist',	'update',	3,	'\"{\\\"name\\\":\\\"car one\\\",\\\"slug\\\":\\\"car-one\\\"}\"',	'\"{\\\"name\\\":\\\"Lucid Air\\\",\\\"slug\\\":\\\"lucid-air\\\"}\"',	'admin@gmail.com',	'2025-03-21 08:11:11',	'2025-03-21 08:11:11'),
(180,	'carlist',	'update',	4,	'\"{\\\"name\\\":\\\"car four\\\",\\\"slug\\\":\\\"car-four\\\"}\"',	'\"{\\\"name\\\":\\\"Audi A8\\\",\\\"slug\\\":\\\"audi-a8\\\"}\"',	'admin@gmail.com',	'2025-03-21 08:11:23',	'2025-03-21 08:11:23'),
(181,	'carlist',	'update',	5,	'\"{\\\"name\\\":\\\"car five\\\",\\\"slug\\\":\\\"car-five\\\"}\"',	'\"{\\\"name\\\":\\\"Chevrolet Corvette\\\",\\\"slug\\\":\\\"chevrolet-corvette\\\"}\"',	'admin@gmail.com',	'2025-03-21 08:11:34',	'2025-03-21 08:11:34'),
(182,	'carlist',	'update',	6,	'\"{\\\"name\\\":\\\"car six\\\",\\\"slug\\\":\\\"car-six\\\"}\"',	'\"{\\\"name\\\":\\\"Lexus LS\\\",\\\"slug\\\":\\\"lexus-ls\\\"}\"',	'admin@gmail.com',	'2025-03-21 08:11:44',	'2025-03-21 08:11:44'),
(183,	'carlist',	'update',	7,	'\"{\\\"name\\\":\\\"car seven\\\",\\\"slug\\\":\\\"car-seven1\\\"}\"',	'\"{\\\"name\\\":\\\"Porsche Taycan\\\",\\\"slug\\\":\\\"porsche-taycan\\\"}\"',	'admin@gmail.com',	'2025-03-21 08:11:54',	'2025-03-21 08:11:54'),
(184,	'carlist',	'update',	8,	'\"{\\\"name\\\":\\\"car seven\\\",\\\"slug\\\":\\\"car-seven\\\"}\"',	'\"{\\\"name\\\":\\\"Nissan Leaf\\\",\\\"slug\\\":\\\"nissan-leaf\\\"}\"',	'admin@gmail.com',	'2025-03-21 08:12:03',	'2025-03-21 08:12:03'),
(185,	'properties',	'update',	1,	'\"{\\\"name\\\":\\\"CGHS Mandakini Apartments1\\\",\\\"slug\\\":\\\"cghs-mandakini-apartments1\\\",\\\"amenitie\\\":\\\"[\\\\\\\"3\\\\\\\", \\\\\\\"1\\\\\\\", \\\\\\\"2\\\\\\\"]\\\"}\"',	'\"{\\\"name\\\":\\\"Oceanview Manor\\\",\\\"slug\\\":\\\"oceanview-manor\\\",\\\"amenitie\\\":\\\"[\\\\\\\"3\\\\\\\",\\\\\\\"1\\\\\\\",\\\\\\\"2\\\\\\\"]\\\"}\"',	'admin@gmail.com',	'2025-03-21 08:12:48',	'2025-03-21 08:12:48'),
(186,	'properties',	'update',	2,	'\"{\\\"name\\\":\\\"CGHS Mandakini Apartments2\\\",\\\"slug\\\":\\\"cghs-mandakini-apartments2\\\",\\\"amenitie\\\":\\\"[\\\\\\\"1\\\\\\\", \\\\\\\"2\\\\\\\"]\\\"}\"',	'\"{\\\"name\\\":\\\"Sunset Paradise\\\",\\\"slug\\\":\\\"sunset-paradise\\\",\\\"amenitie\\\":\\\"[\\\\\\\"1\\\\\\\",\\\\\\\"2\\\\\\\"]\\\"}\"',	'admin@gmail.com',	'2025-03-21 08:12:57',	'2025-03-21 08:12:57'),
(187,	'properties',	'update',	3,	'\"{\\\"name\\\":\\\"CGHS Mandakini Apartments\\\",\\\"slug\\\":\\\"cghs-mandakini-apartments\\\",\\\"amenitie\\\":\\\"[\\\\\\\"1\\\\\\\", \\\\\\\"2\\\\\\\"]\\\"}\"',	'\"{\\\"name\\\":\\\"Oceanview Manor\\\",\\\"slug\\\":\\\"oceanview-manor\\\",\\\"amenitie\\\":\\\"[\\\\\\\"1\\\\\\\",\\\\\\\"2\\\\\\\"]\\\"}\"',	'admin@gmail.com',	'2025-03-21 08:13:07',	'2025-03-21 08:13:07'),
(188,	'properties',	'update',	4,	'\"{\\\"name\\\":\\\"CGHS Mandakini Apartments\\\",\\\"slug\\\":\\\"cghs-mandakini-apartments\\\",\\\"amenitie\\\":\\\"[\\\\\\\"1\\\\\\\", \\\\\\\"2\\\\\\\"]\\\"}\"',	'\"{\\\"name\\\":\\\"Riverfront Lofts\\\",\\\"slug\\\":\\\"riverfront-lofts\\\",\\\"amenitie\\\":\\\"[\\\\\\\"1\\\\\\\",\\\\\\\"2\\\\\\\"]\\\"}\"',	'admin@gmail.com',	'2025-03-21 08:13:17',	'2025-03-21 08:13:17'),
(189,	'properties',	'update',	5,	'\"{\\\"name\\\":\\\"CGHS Mandakini Apartments\\\",\\\"slug\\\":\\\"cghs-mandakini-apartments\\\",\\\"amenitie\\\":\\\"[\\\\\\\"1\\\\\\\", \\\\\\\"2\\\\\\\"]\\\"}\"',	'\"{\\\"name\\\":\\\"Prestige Plaza\\\",\\\"slug\\\":\\\"prestige-plaza\\\",\\\"amenitie\\\":\\\"[\\\\\\\"1\\\\\\\",\\\\\\\"2\\\\\\\"]\\\"}\"',	'admin@gmail.com',	'2025-03-21 08:13:28',	'2025-03-21 08:13:28'),
(190,	'properties',	'update',	6,	'\"{\\\"name\\\":\\\"CGHS Mandakini Apartments\\\",\\\"slug\\\":\\\"cghs-mandakini-apartments5\\\",\\\"amenitie\\\":\\\"[\\\\\\\"1\\\\\\\", \\\\\\\"2\\\\\\\"]\\\"}\"',	'\"{\\\"name\\\":\\\"Silverstone Corporate Park\\\",\\\"slug\\\":\\\"silverstone-corporate-park\\\",\\\"amenitie\\\":\\\"[\\\\\\\"1\\\\\\\",\\\\\\\"2\\\\\\\"]\\\"}\"',	'admin@gmail.com',	'2025-03-21 08:13:39',	'2025-03-21 08:13:39'),
(191,	'properties',	'update',	7,	'\"{\\\"name\\\":\\\"CGHS Mandakini Apartments\\\",\\\"slug\\\":\\\"cghs-mandakini-apartments\\\",\\\"amenitie\\\":\\\"[\\\\\\\"1\\\\\\\", \\\\\\\"2\\\\\\\"]\\\"}\"',	'\"{\\\"name\\\":\\\"Gateway Offices\\\",\\\"slug\\\":\\\"gateway-offices\\\",\\\"amenitie\\\":\\\"[\\\\\\\"1\\\\\\\",\\\\\\\"2\\\\\\\"]\\\"}\"',	'admin@gmail.com',	'2025-03-21 08:13:50',	'2025-03-21 08:13:50'),
(192,	'properties',	'update',	9,	'\"{\\\"name\\\":\\\"CGHS Mandakini Apartments\\\",\\\"slug\\\":\\\"cghs-mandakini-apartments\\\",\\\"amenitie\\\":\\\"[\\\\\\\"1\\\\\\\", \\\\\\\"2\\\\\\\"]\\\"}\"',	'\"{\\\"name\\\":\\\"The Coastal Haven\\\",\\\"slug\\\":\\\"the-coastal-haven\\\",\\\"amenitie\\\":\\\"[\\\\\\\"1\\\\\\\",\\\\\\\"2\\\\\\\"]\\\"}\"',	'admin@gmail.com',	'2025-03-21 08:14:01',	'2025-03-21 08:14:01'),
(193,	'properties',	'update',	8,	'\"{\\\"name\\\":\\\"CGHS Mandakini Apartments\\\",\\\"slug\\\":\\\"cghs-mandakini-apartments\\\",\\\"amenitie\\\":\\\"[\\\\\\\"1\\\\\\\", \\\\\\\"2\\\\\\\"]\\\"}\"',	'\"{\\\"name\\\":\\\"Maplewood Heights\\\",\\\"slug\\\":\\\"maplewood-heights\\\",\\\"amenitie\\\":\\\"[\\\\\\\"1\\\\\\\",\\\\\\\"2\\\\\\\"]\\\"}\"',	'admin@gmail.com',	'2025-03-21 08:14:16',	'2025-03-21 08:14:16'),
(194,	'testimonial',	'update',	1,	'\"{\\\"description\\\":\\\"<div>Had a great experience! The whole process was quick and easy, and I got the highest price for my Duster. Surjeet Pal, <br><\\\\/div><div><br>who came to pick up the car, was professional and polite, making me feel comfortable handing it over.<\\\\/div>\\\"}\"',	'\"{\\\"description\\\":\\\"<p style=\\\\\\\"margin-right: 0px; margin-bottom: 0px; margin-left: 0px; padding: 0px; font-family: &quot;Open Sans&quot;; line-height: 27px; color: rgb(33, 37, 41); font-size: inherit; font-weight: inherit; white-space-collapse: preserve-breaks; border-radius: 0px; -webkit-tap-highlight-color: rgba(0, 0, 0, 0); border: 0px; vertical-align: baseline;\\\\\\\"><span style=\\\\\\\"font-size: inherit; font-weight: inherit;\\\\\\\">The amenities are designed to make your life easy, exciting and luxurious. The society boasts of manicured landscaping and includes lifts, intercom facility, security\\\\/fire alarm, maintenance staff, security personnel, visitor parking, swimming pool, gym, clubhouse, rainwater harvesting, piped gas, water storage, waste disposal and park.<\\\\/span><\\\\/p>\\\"}\"',	'admin@gmail.com',	'2025-03-21 09:04:01',	'2025-03-21 09:04:01'),
(195,	'car_category',	'update',	5,	'\"{\\\"status\\\":1}\"',	'\"{\\\"status\\\":\\\"0\\\"}\"',	'admin@gmail.com',	'2025-03-22 01:51:34',	'2025-03-22 01:51:34'),
(196,	'car_category',	'update',	5,	'\"{\\\"status\\\":0}\"',	'\"{\\\"status\\\":\\\"1\\\"}\"',	'admin@gmail.com',	'2025-03-22 01:51:46',	'2025-03-22 01:51:46'),
(197,	'sitekeyword',	'create',	2,	NULL,	'\"{\\\"keyword\\\":\\\"test\\\",\\\"type\\\":\\\"properties\\\",\\\"status\\\":\\\"1\\\",\\\"updated_at\\\":\\\"2025-03-24T10:43:35.000000Z\\\",\\\"created_at\\\":\\\"2025-03-24T10:43:35.000000Z\\\",\\\"id\\\":2}\"',	'admin@gmail.com',	'2025-03-24 05:13:35',	'2025-03-24 05:13:35'),
(198,	'sitekeyword',	'update',	2,	'\"{\\\"keyword\\\":\\\"test\\\",\\\"type\\\":\\\"properties\\\"}\"',	'\"{\\\"keyword\\\":\\\"test1\\\",\\\"type\\\":\\\"1\\\"}\"',	'admin@gmail.com',	'2025-03-25 00:45:57',	'2025-03-25 00:45:57'),
(199,	'sitekeyword',	'update',	2,	'\"{\\\"type\\\":\\\"properties\\\",\\\"status\\\":1}\"',	'\"{\\\"type\\\":\\\"0\\\",\\\"status\\\":\\\"0\\\"}\"',	'admin@gmail.com',	'2025-03-25 00:46:04',	'2025-03-25 00:46:04'),
(200,	'sitekeyword',	'update',	2,	'\"{\\\"type\\\":\\\"\\\",\\\"status\\\":0}\"',	'\"{\\\"type\\\":\\\"0\\\",\\\"status\\\":\\\"1\\\"}\"',	'admin@gmail.com',	'2025-03-25 00:48:49',	'2025-03-25 00:48:49'),
(201,	'sitekeyword',	'update',	2,	'\"{\\\"type\\\":\\\"\\\"}\"',	'\"{\\\"type\\\":\\\"0\\\"}\"',	'admin@gmail.com',	'2025-03-25 00:48:53',	'2025-03-25 00:48:53'),
(202,	'sitekeyword',	'update',	2,	'\"{\\\"type\\\":\\\"\\\"}\"',	'\"{\\\"type\\\":\\\"1\\\"}\"',	'admin@gmail.com',	'2025-03-25 00:48:58',	'2025-03-25 00:48:58'),
(203,	'sitekeyword',	'update',	2,	'\"{\\\"type\\\":\\\"properties\\\"}\"',	'\"{\\\"type\\\":\\\"0\\\"}\"',	'admin@gmail.com',	'2025-03-25 00:49:02',	'2025-03-25 00:49:02'),
(204,	'sitekeyword',	'update',	2,	'\"{\\\"type\\\":\\\"\\\",\\\"status\\\":1}\"',	'\"{\\\"type\\\":\\\"cars\\\",\\\"status\\\":\\\"0\\\"}\"',	'admin@gmail.com',	'2025-03-25 00:50:59',	'2025-03-25 00:50:59'),
(205,	'sitekeyword',	'update',	2,	'\"{\\\"type\\\":\\\"cars\\\",\\\"status\\\":0}\"',	'\"{\\\"type\\\":\\\"properties\\\",\\\"status\\\":\\\"1\\\"}\"',	'admin@gmail.com',	'2025-03-25 00:51:04',	'2025-03-25 00:51:04'),
(206,	'sitekeyword',	'create',	3,	NULL,	'\"{\\\"keyword\\\":\\\"testnew\\\",\\\"type\\\":\\\"cars\\\",\\\"status\\\":\\\"1\\\",\\\"updated_at\\\":\\\"2025-03-25T06:21:26.000000Z\\\",\\\"created_at\\\":\\\"2025-03-25T06:21:26.000000Z\\\",\\\"id\\\":3}\"',	'admin@gmail.com',	'2025-03-25 00:51:26',	'2025-03-25 00:51:26'),
(207,	'sitekeyword',	'delete',	3,	'\"{\\\"id\\\":3,\\\"keyword\\\":\\\"testnew\\\",\\\"type\\\":\\\"cars\\\",\\\"status\\\":1,\\\"created_at\\\":\\\"2025-03-25T06:21:26.000000Z\\\",\\\"updated_at\\\":\\\"2025-03-25T06:21:26.000000Z\\\"}\"',	NULL,	'admin@gmail.com',	'2025-03-25 00:52:30',	'2025-03-25 00:52:30'),
(208,	'sitekeyword',	'update',	2,	'\"{\\\"keyword\\\":\\\"test1\\\"}\"',	'\"{\\\"keyword\\\":\\\"Property in dubai\\\"}\"',	'admin@gmail.com',	'2025-03-25 01:04:45',	'2025-03-25 01:04:45'),
(209,	'sitekeyword',	'create',	4,	NULL,	'\"{\\\"keyword\\\":\\\"properties in dubai one\\\",\\\"type\\\":\\\"properties\\\",\\\"status\\\":\\\"1\\\",\\\"updated_at\\\":\\\"2025-03-25T06:35:28.000000Z\\\",\\\"created_at\\\":\\\"2025-03-25T06:35:28.000000Z\\\",\\\"id\\\":4}\"',	'admin@gmail.com',	'2025-03-25 01:05:28',	'2025-03-25 01:05:28'),
(210,	'sitekeyword',	'update',	1,	'\"{\\\"keyword\\\":\\\"house\\\"}\"',	'\"{\\\"keyword\\\":\\\"property in dubai two\\\"}\"',	'admin@gmail.com',	'2025-03-25 01:05:45',	'2025-03-25 01:05:45'),
(211,	'sitekeyword',	'create',	5,	NULL,	'\"{\\\"keyword\\\":\\\"Property in dubai three\\\",\\\"type\\\":\\\"properties\\\",\\\"status\\\":\\\"1\\\",\\\"updated_at\\\":\\\"2025-03-25T06:36:07.000000Z\\\",\\\"created_at\\\":\\\"2025-03-25T06:36:07.000000Z\\\",\\\"id\\\":5}\"',	'admin@gmail.com',	'2025-03-25 01:06:07',	'2025-03-25 01:06:07'),
(212,	'sitekeyword',	'create',	6,	NULL,	'\"{\\\"keyword\\\":\\\"cars in dubai\\\",\\\"type\\\":\\\"cars\\\",\\\"status\\\":\\\"1\\\",\\\"updated_at\\\":\\\"2025-03-25T06:43:04.000000Z\\\",\\\"created_at\\\":\\\"2025-03-25T06:43:04.000000Z\\\",\\\"id\\\":6}\"',	'admin@gmail.com',	'2025-03-25 01:13:04',	'2025-03-25 01:13:04'),
(213,	'properties',	'update',	1,	'\"{\\\"amenitie\\\":\\\"[\\\\\\\"3\\\\\\\", \\\\\\\"1\\\\\\\", \\\\\\\"2\\\\\\\"]\\\"}\"',	'\"{\\\"amenitie\\\":\\\"[\\\\\\\"3\\\\\\\",\\\\\\\"1\\\\\\\",\\\\\\\"2\\\\\\\"]\\\"}\"',	'admin@gmail.com',	'2025-03-25 05:45:00',	'2025-03-25 05:45:00'),
(214,	'properties',	'update',	1,	'\"{\\\"amenitie\\\":\\\"[\\\\\\\"3\\\\\\\", \\\\\\\"1\\\\\\\", \\\\\\\"2\\\\\\\"]\\\",\\\"keywords\\\":null}\"',	'\"{\\\"amenitie\\\":\\\"[\\\\\\\"3\\\\\\\",\\\\\\\"1\\\\\\\",\\\\\\\"2\\\\\\\"]\\\",\\\"keywords\\\":\\\"[\\\\\\\"1\\\\\\\",\\\\\\\"2\\\\\\\",\\\\\\\"4\\\\\\\"]\\\"}\"',	'admin@gmail.com',	'2025-03-25 05:46:09',	'2025-03-25 05:46:09'),
(215,	'properties',	'update',	2,	'\"{\\\"amenitie\\\":\\\"[\\\\\\\"1\\\\\\\", \\\\\\\"2\\\\\\\"]\\\",\\\"keywords\\\":null}\"',	'\"{\\\"amenitie\\\":\\\"[\\\\\\\"1\\\\\\\",\\\\\\\"2\\\\\\\"]\\\",\\\"keywords\\\":\\\"[\\\\\\\"2\\\\\\\",\\\\\\\"4\\\\\\\"]\\\"}\"',	'admin@gmail.com',	'2025-03-25 05:46:52',	'2025-03-25 05:46:52'),
(216,	'properties',	'update',	3,	'\"{\\\"amenitie\\\":\\\"[\\\\\\\"1\\\\\\\", \\\\\\\"2\\\\\\\"]\\\",\\\"keywords\\\":null}\"',	'\"{\\\"amenitie\\\":\\\"[\\\\\\\"1\\\\\\\",\\\\\\\"2\\\\\\\"]\\\",\\\"keywords\\\":\\\"[\\\\\\\"1\\\\\\\",\\\\\\\"2\\\\\\\",\\\\\\\"4\\\\\\\"]\\\"}\"',	'admin@gmail.com',	'2025-03-25 05:47:00',	'2025-03-25 05:47:00'),
(217,	'properties',	'update',	5,	'\"{\\\"amenitie\\\":\\\"[\\\\\\\"1\\\\\\\", \\\\\\\"2\\\\\\\"]\\\",\\\"keywords\\\":null}\"',	'\"{\\\"amenitie\\\":\\\"[\\\\\\\"1\\\\\\\",\\\\\\\"2\\\\\\\"]\\\",\\\"keywords\\\":\\\"[\\\\\\\"2\\\\\\\",\\\\\\\"4\\\\\\\"]\\\"}\"',	'admin@gmail.com',	'2025-03-25 05:47:09',	'2025-03-25 05:47:09'),
(218,	'sitekeyword',	'create',	7,	NULL,	'\"{\\\"keyword\\\":\\\"cars in dubai one\\\",\\\"type\\\":\\\"cars\\\",\\\"status\\\":\\\"1\\\",\\\"updated_at\\\":\\\"2025-03-25T13:02:44.000000Z\\\",\\\"created_at\\\":\\\"2025-03-25T13:02:44.000000Z\\\",\\\"id\\\":7}\"',	'admin@gmail.com',	'2025-03-25 07:32:44',	'2025-03-25 07:32:44'),
(219,	'sitekeyword',	'create',	8,	NULL,	'\"{\\\"keyword\\\":\\\"cars in dubai two\\\",\\\"type\\\":\\\"cars\\\",\\\"status\\\":\\\"1\\\",\\\"updated_at\\\":\\\"2025-03-25T13:02:55.000000Z\\\",\\\"created_at\\\":\\\"2025-03-25T13:02:55.000000Z\\\",\\\"id\\\":8}\"',	'admin@gmail.com',	'2025-03-25 07:32:55',	'2025-03-25 07:32:55'),
(220,	'carlist',	'update',	1,	'\"{\\\"keywords\\\":null}\"',	'\"{\\\"keywords\\\":\\\"[\\\\\\\"6\\\\\\\",\\\\\\\"7\\\\\\\",\\\\\\\"8\\\\\\\"]\\\"}\"',	'admin@gmail.com',	'2025-03-25 07:33:16',	'2025-03-25 07:33:16'),
(221,	'carlist',	'update',	2,	'\"{\\\"keywords\\\":null}\"',	'\"{\\\"keywords\\\":\\\"[\\\\\\\"6\\\\\\\",\\\\\\\"8\\\\\\\"]\\\"}\"',	'admin@gmail.com',	'2025-03-25 07:33:31',	'2025-03-25 07:33:31'),
(222,	'carlist',	'update',	3,	'\"{\\\"keywords\\\":null}\"',	'\"{\\\"keywords\\\":\\\"[\\\\\\\"8\\\\\\\"]\\\"}\"',	'admin@gmail.com',	'2025-03-25 07:33:43',	'2025-03-25 07:33:43'),
(223,	'carlist',	'update',	5,	'\"{\\\"keywords\\\":null}\"',	'\"{\\\"keywords\\\":\\\"[\\\\\\\"6\\\\\\\",\\\\\\\"7\\\\\\\",\\\\\\\"8\\\\\\\"]\\\"}\"',	'admin@gmail.com',	'2025-03-25 07:33:50',	'2025-03-25 07:33:50'),
(224,	'testimonial',	'update',	1,	'\"{\\\"description\\\":\\\"<p style=\\\\\\\"margin-right: 0px; margin-bottom: 0px; margin-left: 0px; padding: 0px; font-family: &quot;Open Sans&quot;; line-height: 27px; color: rgb(33, 37, 41); font-size: inherit; font-weight: inherit; white-space-collapse: preserve-breaks; border-radius: 0px; -webkit-tap-highlight-color: rgba(0, 0, 0, 0); border: 0px; vertical-align: baseline;\\\\\\\"><span style=\\\\\\\"font-size: inherit; font-weight: inherit;\\\\\\\">The amenities are designed to make your life easy, exciting and luxurious. The society boasts of manicured landscaping and includes lifts, intercom facility, security\\\\/fire alarm, maintenance staff, security personnel, visitor parking, swimming pool, gym, clubhouse, rainwater harvesting, piped gas, water storage, waste disposal and park.<\\\\/span><\\\\/p>\\\"}\"',	'\"{\\\"description\\\":\\\"<p style=\\\\\\\"margin-right: 0px; margin-bottom: 0px; margin-left: 0px; padding: 0px; font-family: &quot;Open Sans&quot;; line-height: 27px; color: rgb(33, 37, 41); font-size: inherit; font-weight: inherit; white-space-collapse: preserve-breaks; border-radius: 0px; -webkit-tap-highlight-color: rgba(0, 0, 0, 0); border: 0px; vertical-align: baseline;\\\\\\\"><span style=\\\\\\\"font-size: inherit; font-weight: inherit;\\\\\\\">The amenities are designed to make your life easy, exciting and luxurious. The society boasts of manicured landscaping and includes lifts, intercom facility, security\\\\/fire alarm, maintenance staff, security personnel, visitor parking, swimming pool, gym, clubhouse, rainwater harvesting, piped gas, water storage, waste disposal and park.1<\\\\/span><\\\\/p>\\\"}\"',	'admin@gmail.com',	'2025-06-05 04:50:21',	'2025-06-05 04:50:21'),
(225,	'testimonial',	'update',	1,	'\"{\\\"profession\\\":\\\"\\\"}\"',	'\"{\\\"profession\\\":\\\"Software Developer\\\"}\"',	'admin@gmail.com',	'2025-06-05 04:56:59',	'2025-06-05 04:56:59'),
(226,	'testimonial',	'update',	2,	'\"{\\\"profession\\\":\\\"\\\"}\"',	'\"{\\\"profession\\\":\\\"Full stack developer\\\"}\"',	'admin@gmail.com',	'2025-06-05 04:57:19',	'2025-06-05 04:57:19'),
(227,	'testimonial',	'update',	3,	'\"{\\\"profession\\\":\\\"\\\"}\"',	'\"{\\\"profession\\\":\\\"Magento Developer\\\"}\"',	'admin@gmail.com',	'2025-06-05 04:57:29',	'2025-06-05 04:57:29'),
(228,	'testimonial',	'update',	1,	'\"{\\\"image\\\":\\\"uploads\\\\/testimonials\\\\/1741086886.jpg\\\"}\"',	'\"{\\\"image\\\":\\\"uploads\\\\/testimonials\\\\/1749125383.jpg\\\"}\"',	'admin@gmail.com',	'2025-06-05 06:39:43',	'2025-06-05 06:39:43'),
(229,	'testimonial',	'create',	4,	NULL,	'\"{\\\"image\\\":\\\"uploads\\\\/testimonials\\\\/1750234297_user.jpg\\\",\\\"title\\\":\\\"sdfhghjkll\\\",\\\"description\\\":\\\"<p>asDfhjkl;;<\\\\/p>\\\",\\\"profession\\\":\\\"sfdagfhjkl;\\\",\\\"status\\\":true,\\\"action_by\\\":\\\"admin@gmail.com\\\",\\\"action_name\\\":\\\"Create\\\",\\\"updated_at\\\":\\\"2025-06-18T08:11:37.000000Z\\\",\\\"created_at\\\":\\\"2025-06-18T08:11:37.000000Z\\\",\\\"id\\\":4}\"',	'admin@gmail.com',	'2025-06-18 02:41:37',	'2025-06-18 02:41:37');

DROP TABLE IF EXISTS `migrations`;
CREATE TABLE `migrations` (
  `id` int unsigned NOT NULL AUTO_INCREMENT,
  `migration` varchar(255) CHARACTER SET utf8mb4 COLLATE utf8mb4_unicode_ci NOT NULL,
  `batch` int NOT NULL,
  PRIMARY KEY (`id`)
) ENGINE=InnoDB DEFAULT CHARSET=utf8mb4 COLLATE=utf8mb4_unicode_ci;

INSERT INTO `migrations` (`id`, `migration`, `batch`) VALUES
(1,	'2014_10_12_000000_create_users_table',	1),
(2,	'2014_10_12_100000_create_password_reset_tokens_table',	1),
(3,	'2019_08_19_000000_create_failed_jobs_table',	1),
(4,	'2019_12_14_000001_create_personal_access_tokens_table',	1),
(5,	'2025_01_28_094934_create_categories_table',	1),
(6,	'2025_01_29_123816_create_sub_categories_table',	1),
(7,	'2025_01_30_094907_create_configurations_table',	1),
(8,	'2025_01_30_105205_create_amenities_table',	1),
(9,	'2025_01_30_111938_create_properties_table',	1),
(10,	'2025_01_30_120225_create_car_categories_table',	1),
(11,	'2025_01_30_124212_create_car_features_table',	1),
(12,	'2025_02_03_121118_create_property_images_table',	1),
(13,	'2025_02_06_063540_create_floor_images_table',	1),
(14,	'2025_02_10_111524_create_car_lists_table',	1),
(15,	'2025_02_11_064547_create_car_images_table',	1),
(16,	'2025_02_19_062317_create_seos_table',	1),
(17,	'2025_02_19_101014_create_log_histories_table',	1),
(18,	'2025_02_21_155852_create_roles_table',	1),
(19,	'2025_02_21_160034_create_modules_table',	1),
(20,	'2025_02_21_215557_create_countries_table',	1),
(21,	'2025_02_21_215652_create_cities_table',	1),
(22,	'2025_02_25_131511_create_testimonials_table',	1),
(23,	'2025_02_26_101731_create_cms_pages_table',	1),
(24,	'2025_02_28_103555_create_real_state_developers_table',	1),
(25,	'2025_02_28_131832_create_car_details_table',	1),
(26,	'2025_03_18_055319_create_get_in_touches_table',	2),
(27,	'2025_03_24_100825_create_search_keywords_table',	3),
(28,	'2025_03_22_061723_create_home_banners_table',	4),
(31,	'2023_09_09_045531_create_abouts_table',	5),
(32,	'2025_05_29_112740_create_choose_us_table',	6),
(34,	'2025_06_02_165304_create_services_table',	7),
(35,	'2025_06_02_184514_create_quotes_table',	8),
(36,	'2025_06_10_073405_create_teams_table',	9),
(37,	'2023_09_05_101935_create_blog_categories_table',	10),
(38,	'2023_09_06_033753_create_blogs_table',	10),
(39,	'2023_09_07_050056_create_blog_comments_table',	10),
(40,	'2025_07_04_070343_create_contacts_table',	11);

DROP TABLE IF EXISTS `modules`;
CREATE TABLE `modules` (
  `id` bigint unsigned NOT NULL AUTO_INCREMENT,
  `name` varchar(255) CHARACTER SET utf8mb4 COLLATE utf8mb4_unicode_ci NOT NULL,
  `group_name` varchar(255) CHARACTER SET utf8mb4 COLLATE utf8mb4_unicode_ci NOT NULL,
  `action_by` varchar(255) CHARACTER SET utf8mb4 COLLATE utf8mb4_unicode_ci DEFAULT NULL,
  `action_name` varchar(255) CHARACTER SET utf8mb4 COLLATE utf8mb4_unicode_ci DEFAULT NULL,
  `created_at` timestamp NULL DEFAULT NULL,
  `updated_at` timestamp NULL DEFAULT NULL,
  PRIMARY KEY (`id`)
) ENGINE=InnoDB DEFAULT CHARSET=utf8mb4 COLLATE=utf8mb4_unicode_ci;


DROP TABLE IF EXISTS `password_reset_tokens`;
CREATE TABLE `password_reset_tokens` (
  `email` varchar(255) CHARACTER SET utf8mb4 COLLATE utf8mb4_unicode_ci NOT NULL,
  `token` varchar(255) CHARACTER SET utf8mb4 COLLATE utf8mb4_unicode_ci NOT NULL,
  `created_at` timestamp NULL DEFAULT NULL,
  PRIMARY KEY (`email`)
) ENGINE=InnoDB DEFAULT CHARSET=utf8mb4 COLLATE=utf8mb4_unicode_ci;


DROP TABLE IF EXISTS `personal_access_tokens`;
CREATE TABLE `personal_access_tokens` (
  `id` bigint unsigned NOT NULL AUTO_INCREMENT,
  `tokenable_type` varchar(255) CHARACTER SET utf8mb4 COLLATE utf8mb4_unicode_ci NOT NULL,
  `tokenable_id` bigint unsigned NOT NULL,
  `name` varchar(255) CHARACTER SET utf8mb4 COLLATE utf8mb4_unicode_ci NOT NULL,
  `token` varchar(64) CHARACTER SET utf8mb4 COLLATE utf8mb4_unicode_ci NOT NULL,
  `abilities` text CHARACTER SET utf8mb4 COLLATE utf8mb4_unicode_ci,
  `last_used_at` timestamp NULL DEFAULT NULL,
  `expires_at` timestamp NULL DEFAULT NULL,
  `created_at` timestamp NULL DEFAULT NULL,
  `updated_at` timestamp NULL DEFAULT NULL,
  PRIMARY KEY (`id`),
  UNIQUE KEY `personal_access_tokens_token_unique` (`token`),
  KEY `personal_access_tokens_tokenable_type_tokenable_id_index` (`tokenable_type`,`tokenable_id`)
) ENGINE=InnoDB DEFAULT CHARSET=utf8mb4 COLLATE=utf8mb4_unicode_ci;


DROP TABLE IF EXISTS `properties`;
CREATE TABLE `properties` (
  `id` bigint unsigned NOT NULL AUTO_INCREMENT,
  `name` varchar(255) CHARACTER SET utf8mb4 COLLATE utf8mb4_unicode_ci NOT NULL,
  `slug` varchar(255) CHARACTER SET utf8mb4 COLLATE utf8mb4_unicode_ci NOT NULL,
  `seller_id` int NOT NULL,
  `description` text CHARACTER SET utf8mb4 COLLATE utf8mb4_unicode_ci NOT NULL,
  `category` tinyint unsigned NOT NULL,
  `subcategory` tinyint unsigned NOT NULL,
  `country` tinyint unsigned NOT NULL,
  `city` tinyint unsigned NOT NULL,
  `beds` int NOT NULL DEFAULT '1',
  `bathroom` int NOT NULL DEFAULT '1',
  `length` int NOT NULL,
  `price` decimal(10,2) NOT NULL,
  `commision` decimal(10,2) NOT NULL,
  `location` varchar(255) CHARACTER SET utf8mb4 COLLATE utf8mb4_unicode_ci NOT NULL,
  `configuration` tinyint unsigned NOT NULL,
  `amenitie` json DEFAULT NULL,
  `keywords` json DEFAULT NULL,
  `seo_title` varchar(255) CHARACTER SET utf8mb4 COLLATE utf8mb4_unicode_ci DEFAULT NULL,
  `seo_description` text CHARACTER SET utf8mb4 COLLATE utf8mb4_unicode_ci,
  `seo_keywords` text CHARACTER SET utf8mb4 COLLATE utf8mb4_unicode_ci,
  `action_by` varchar(255) CHARACTER SET utf8mb4 COLLATE utf8mb4_unicode_ci DEFAULT NULL,
  `action_name` varchar(255) CHARACTER SET utf8mb4 COLLATE utf8mb4_unicode_ci DEFAULT NULL,
  `status` enum('pending','approved','sold','inactive') CHARACTER SET utf8mb4 COLLATE utf8mb4_unicode_ci NOT NULL DEFAULT 'pending',
  `created_at` timestamp NULL DEFAULT NULL,
  `updated_at` timestamp NULL DEFAULT NULL,
  PRIMARY KEY (`id`)
) ENGINE=InnoDB DEFAULT CHARSET=utf8mb4 COLLATE=utf8mb4_unicode_ci;

INSERT INTO `properties` (`id`, `name`, `slug`, `seller_id`, `description`, `category`, `subcategory`, `country`, `city`, `beds`, `bathroom`, `length`, `price`, `commision`, `location`, `configuration`, `amenitie`, `keywords`, `seo_title`, `seo_description`, `seo_keywords`, `action_by`, `action_name`, `status`, `created_at`, `updated_at`) VALUES
(1,	'Oceanview Manor',	'oceanview-manor',	3,	'<div class=\"component__pdDescAdd\" style=\"margin: 0px 0px 8px; padding: 0px; font-family: &quot;Open Sans&quot;, Arial, Helvetica, sans-serif; border-radius: 0px; border: 0px; vertical-align: baseline; -webkit-tap-highlight-color: rgba(0, 0, 0, 0); outline: 0px; background: transparent; line-height: normal; color: rgb(102, 102, 102);\"><span style=\"margin: 0px; padding: 0px; font-family: &quot;Open Sans&quot;; border-radius: 0px; border: 0px; vertical-align: baseline; font-weight: 600; font-size: inherit; -webkit-tap-highlight-color: rgba(0, 0, 0, 0); outline: 0px; background: transparent; line-height: normal;\">Address</span>:&nbsp;<span id=\"address\" style=\"margin: 0px; padding: 0px; font-family: &quot;Open Sans&quot;; border-radius: 0px; border: 0px; vertical-align: baseline; font-weight: inherit; font-size: inherit; -webkit-tap-highlight-color: rgba(0, 0, 0, 0); display: inline-block; background: transparent; line-height: normal; outline: 0px;\">Sector 2 Dwarka, Delhi</span></div><p style=\"margin-right: 0px; margin-bottom: 0px; margin-left: 0px; padding: 0px; font-family: &quot;Open Sans&quot;; border-radius: 0px; -webkit-tap-highlight-color: rgba(0, 0, 0, 0); border: 0px; vertical-align: baseline; font-weight: inherit; font-size: inherit; white-space-collapse: preserve-breaks;\"><span style=\"font-size: inherit; font-weight: inherit;\">Furnishings and amenities:</span></p><p style=\"margin-right: 0px; margin-bottom: 0px; margin-left: 0px; padding: 0px; font-family: &quot;Open Sans&quot;; border-radius: 0px; -webkit-tap-highlight-color: rgba(0, 0, 0, 0); border: 0px; vertical-align: baseline; font-weight: inherit; font-size: inherit; white-space-collapse: preserve-breaks;\">This impeccable house is spread across an area of 2600 sq.Ft. And is an semifurnished unit.\r\nThe amenities are designed to make your life easy, exciting and luxurious. The society boasts of manicured landscaping and includes lifts, intercom facility, security/fire alarm, maintenance staff, security personnel, visitor parking, swimming pool, gym, clubhouse, rainwater harvesting, piped gas, water storage, waste disposal and park.\r\nThe property is a quality construction.</p><p><span class=\"component__hiddenText component__paraFormat\" style=\"margin: 0px; padding: 0px; font-family: &quot;Open Sans&quot;, Arial, Helvetica, sans-serif; border-radius: 0px; border: 0px; vertical-align: baseline; -webkit-tap-highlight-color: rgba(0, 0, 0, 0); outline: 0px; background: transparent; line-height: normal; color: rgb(102, 102, 102);\"><br style=\"margin: 0px; padding: 0px; font-family: &quot;Open Sans&quot;; border-radius: 0px; -webkit-tap-highlight-color: rgba(0, 0, 0, 0);\"></span></p><p style=\"margin-right: 0px; margin-bottom: 0px; margin-left: 0px; padding: 0px; font-family: &quot;Open Sans&quot;; border-radius: 0px; -webkit-tap-highlight-color: rgba(0, 0, 0, 0); border: 0px; vertical-align: baseline; font-weight: inherit; font-size: inherit; white-space-collapse: preserve-breaks;\"><br></p>',	1,	1,	1,	1,	5,	3,	2600,	250000.00,	10.00,	'Palm Jumeirah, Dubai',	1,	'[\"3\", \"1\", \"2\"]',	'[\"1\", \"2\", \"4\"]',	'CGHS Mandakini Apartments',	'This is your chance to a 4 bhk apartment / flat for sale in cghs mandakini apartments sector 2 dwarka delhi . Where luxury comes with affordability.',	'noida,dubai,Mandakini',	'admin@gmail.com',	'update',	'approved',	'2025-03-03 07:44:45',	'2025-03-25 05:46:09'),
(2,	'Sunset Paradise',	'sunset-paradise',	3,	'<div class=\"component__pdDescAdd\" style=\"margin: 0px 0px 8px; padding: 0px; font-family: &quot;Open Sans&quot;, Arial, Helvetica, sans-serif; border-radius: 0px; border: 0px; vertical-align: baseline; -webkit-tap-highlight-color: rgba(0, 0, 0, 0); outline: 0px; background: transparent; line-height: normal; color: rgb(102, 102, 102);\"><span style=\"margin: 0px; padding: 0px; font-family: &quot;Open Sans&quot;; border-radius: 0px; border: 0px; vertical-align: baseline; font-weight: 600; font-size: inherit; -webkit-tap-highlight-color: rgba(0, 0, 0, 0); outline: 0px; background: transparent; line-height: normal;\">Address</span>:&nbsp;<span id=\"address\" style=\"margin: 0px; padding: 0px; font-family: &quot;Open Sans&quot;; border-radius: 0px; border: 0px; vertical-align: baseline; font-weight: inherit; font-size: inherit; -webkit-tap-highlight-color: rgba(0, 0, 0, 0); display: inline-block; background: transparent; line-height: normal; outline: 0px;\">Sector 2 Dwarka, Delhi</span></div><p style=\"margin-right: 0px; margin-bottom: 0px; margin-left: 0px; padding: 0px; font-family: &quot;Open Sans&quot;; border-radius: 0px; -webkit-tap-highlight-color: rgba(0, 0, 0, 0); border: 0px; vertical-align: baseline; font-weight: inherit; font-size: inherit; white-space-collapse: preserve-breaks;\">This is your chance to a 4 bhk apartment / flat for sale in cghs mandakini apartments sector 2 dwarka delhi . Where luxury comes with affordability.<span style=\"font-size: inherit; font-weight: inherit;\">Furnishings and amenities:</span></p><p style=\"margin-right: 0px; margin-bottom: 0px; margin-left: 0px; padding: 0px; font-family: &quot;Open Sans&quot;; border-radius: 0px; -webkit-tap-highlight-color: rgba(0, 0, 0, 0); border: 0px; vertical-align: baseline; font-weight: inherit; font-size: inherit; white-space-collapse: preserve-breaks;\">This impeccable house is spread across an area of 2600 sq.Ft. And is an semifurnished unit.\r\nThe amenities are designed to make your life easy, exciting and luxurious. The society boasts of manicured landscaping and includes lifts, intercom facility, security/fire alarm, maintenance staff, security personnel, visitor parking, swimming pool, gym, clubhouse, rainwater harvesting, piped gas, water storage, waste disposal and park.\r\nThe property is a quality construction.</p><p><br></p>',	2,	7,	1,	2,	4,	2,	3600,	300000.00,	10.00,	'Palm Jumeirah, Dubai',	2,	'[\"1\", \"2\"]',	'[\"2\", \"4\"]',	'CGHS Mandakini Apartments',	'This is your chance to a 4 bhk apartment / flat for sale in cghs mandakini apartments sector 2 dwarka delhi . Where luxury comes with affordability.',	'noida,dubai,Mandakini',	'admin@gmail.com',	'update',	'approved',	'2025-03-03 07:44:45',	'2025-03-25 05:46:52'),
(3,	'Oceanview Manor',	'oceanview-manor',	3,	'<div class=\"component__pdDescAdd\" style=\"margin: 0px 0px 8px; padding: 0px; font-family: &quot;Open Sans&quot;, Arial, Helvetica, sans-serif; border-radius: 0px; border: 0px; vertical-align: baseline; -webkit-tap-highlight-color: rgba(0, 0, 0, 0); outline: 0px; background: transparent; line-height: normal; color: rgb(102, 102, 102);\"><span style=\"margin: 0px; padding: 0px; font-family: &quot;Open Sans&quot;; border-radius: 0px; border: 0px; vertical-align: baseline; font-weight: 600; font-size: inherit; -webkit-tap-highlight-color: rgba(0, 0, 0, 0); outline: 0px; background: transparent; line-height: normal;\">Address</span>:&nbsp;<span id=\"address\" style=\"margin: 0px; padding: 0px; font-family: &quot;Open Sans&quot;; border-radius: 0px; border: 0px; vertical-align: baseline; font-weight: inherit; font-size: inherit; -webkit-tap-highlight-color: rgba(0, 0, 0, 0); display: inline-block; background: transparent; line-height: normal; outline: 0px;\">Sector 2 Dwarka, Delhi</span></div><p style=\"margin-right: 0px; margin-bottom: 0px; margin-left: 0px; padding: 0px; font-family: &quot;Open Sans&quot;; border-radius: 0px; -webkit-tap-highlight-color: rgba(0, 0, 0, 0); border: 0px; vertical-align: baseline; font-weight: inherit; font-size: inherit; white-space-collapse: preserve-breaks;\">This is your chance to a 4 bhk apartment / flat for sale in cghs mandakini apartments sector 2 dwarka delhi . Where luxury comes with affordability.</p><p><span style=\"font-family: &quot;Open Sans&quot;; font-size: inherit; font-weight: inherit; white-space-collapse: preserve-breaks;\">You will love this bright and spacious 4 bedroom apartment with 3 bathrooms, modular kitchen, spacious hall and 4 balconies.The balcony offers a great view and is a place to enjoy at any time. This house provides ample natural light and has good ventilation that invites comfort.</span></p><p><br></p><p><br></p>',	1,	8,	1,	2,	4,	2,	4600,	350000.00,	10.00,	'Monte Carlo, Monaco',	3,	'[\"1\", \"2\"]',	'[\"1\", \"2\", \"4\"]',	'CGHS Mandakini Apartments',	'This is your chance to a 4 bhk apartment / flat for sale in cghs mandakini apartments sector 2 dwarka delhi . Where luxury comes with affordability.',	'noida,dubai,Mandakini',	'admin@gmail.com',	'update',	'approved',	'2025-03-03 07:44:45',	'2025-03-25 05:47:00'),
(4,	'Riverfront Lofts',	'riverfront-lofts',	3,	'<div class=\"component__pdDescAdd\" style=\"margin: 0px 0px 8px; padding: 0px; font-family: &quot;Open Sans&quot;, Arial, Helvetica, sans-serif; border-radius: 0px; border: 0px; vertical-align: baseline; -webkit-tap-highlight-color: rgba(0, 0, 0, 0); outline: 0px; background: transparent; line-height: normal; color: rgb(102, 102, 102);\"><span style=\"margin: 0px; padding: 0px; font-family: &quot;Open Sans&quot;; border-radius: 0px; border: 0px; vertical-align: baseline; font-weight: 600; font-size: inherit; -webkit-tap-highlight-color: rgba(0, 0, 0, 0); outline: 0px; background: transparent; line-height: normal;\">Address</span>:&nbsp;<span id=\"address\" style=\"margin: 0px; padding: 0px; font-family: &quot;Open Sans&quot;; border-radius: 0px; border: 0px; vertical-align: baseline; font-weight: inherit; font-size: inherit; -webkit-tap-highlight-color: rgba(0, 0, 0, 0); display: inline-block; background: transparent; line-height: normal; outline: 0px;\">Sector 2 Dwarka, Delhi</span></div><p style=\"margin-right: 0px; margin-bottom: 0px; margin-left: 0px; padding: 0px; font-family: &quot;Open Sans&quot;; border-radius: 0px; -webkit-tap-highlight-color: rgba(0, 0, 0, 0); border: 0px; vertical-align: baseline; font-weight: inherit; font-size: inherit; white-space-collapse: preserve-breaks;\">This impeccable house is spread across an area of 2600 sq.Ft. And is an semifurnished unit.\r\nThe amenities are designed to make your life easy, exciting and luxurious. The society boasts of manicured landscaping and includes lifts, intercom facility, security/fire alarm, maintenance staff, security personnel, visitor parking, swimming pool, gym, clubhouse, rainwater harvesting, piped gas, water storage, waste disposal and park.\r\nThe property is a quality construction.</p><p><br></p>',	2,	6,	1,	2,	4,	2,	5600,	400000.00,	20.00,	'Downtown Los Angeles, CA',	3,	'[\"1\", \"2\"]',	NULL,	'CGHS Mandakini Apartments',	'This is your chance to a 4 bhk apartment / flat for sale in cghs mandakini apartments sector 2 dwarka delhi . Where luxury comes with affordability.',	'noida,dubai,Mandakini',	'admin@gmail.com',	'update',	'approved',	'2025-03-03 07:44:45',	'2025-03-21 08:13:17'),
(5,	'Prestige Plaza',	'prestige-plaza',	3,	'<div class=\"component__pdDescAdd\" style=\"margin: 0px 0px 8px; padding: 0px; font-family: &quot;Open Sans&quot;, Arial, Helvetica, sans-serif; border-radius: 0px; border: 0px; vertical-align: baseline; -webkit-tap-highlight-color: rgba(0, 0, 0, 0); outline: 0px; background: transparent; line-height: normal; color: rgb(102, 102, 102);\"><span style=\"margin: 0px; padding: 0px; font-family: &quot;Open Sans&quot;; border-radius: 0px; border: 0px; vertical-align: baseline; font-weight: 600; font-size: inherit; -webkit-tap-highlight-color: rgba(0, 0, 0, 0); outline: 0px; background: transparent; line-height: normal;\">Address</span>:&nbsp;<span id=\"address\" style=\"margin: 0px; padding: 0px; font-family: &quot;Open Sans&quot;; border-radius: 0px; border: 0px; vertical-align: baseline; font-weight: inherit; font-size: inherit; -webkit-tap-highlight-color: rgba(0, 0, 0, 0); display: inline-block; background: transparent; line-height: normal; outline: 0px;\">Sector 2 Dwarka, Delhi</span></div><p style=\"margin-right: 0px; margin-bottom: 0px; margin-left: 0px; padding: 0px; font-family: &quot;Open Sans&quot;; border-radius: 0px; -webkit-tap-highlight-color: rgba(0, 0, 0, 0); border: 0px; vertical-align: baseline; font-weight: inherit; font-size: inherit; white-space-collapse: preserve-breaks;\">This is your chance to a 4 bhk apartment / flat for sale in cghs mandakini apartments sector 2 dwarka delhi . Where luxury comes with affordability.</p><p><span style=\"font-family: &quot;Open Sans&quot;; font-size: inherit; font-weight: inherit; white-space-collapse: preserve-breaks;\">Basic details:</span></p><p style=\"margin-right: 0px; margin-bottom: 0px; margin-left: 0px; padding: 0px; font-family: &quot;Open Sans&quot;; border-radius: 0px; -webkit-tap-highlight-color: rgba(0, 0, 0, 0); border: 0px; vertical-align: baseline; font-weight: inherit; font-size: inherit; white-space-collapse: preserve-breaks;\">You will love this bright and spacious 4 bedroom apartment with 3 bathrooms, modular kitchen, spacious hall and 4 balconies.The balcony offers a great view and is a place to enjoy at any time. This house provides ample natural light and has good ventilation that invites comfort.</p><p><br></p><p><br></p>',	1,	8,	2,	4,	4,	2,	6600,	450000.00,	20.00,	'Chicago Loop, IL',	4,	'[\"1\", \"2\"]',	'[\"2\", \"4\"]',	'CGHS Mandakini Apartments',	'This is your chance to a 4 bhk apartment / flat for sale in cghs mandakini apartments sector 2 dwarka delhi . Where luxury comes with affordability.',	'noida,dubai,Mandakini',	'admin@gmail.com',	'update',	'approved',	'2025-03-03 07:44:45',	'2025-03-25 05:47:09'),
(6,	'Silverstone Corporate Park',	'silverstone-corporate-park',	3,	'<div class=\"component__pdDescAdd\" style=\"margin: 0px 0px 8px; padding: 0px; font-family: &quot;Open Sans&quot;, Arial, Helvetica, sans-serif; border-radius: 0px; border: 0px; vertical-align: baseline; -webkit-tap-highlight-color: rgba(0, 0, 0, 0); outline: 0px; background: transparent; line-height: normal; color: rgb(102, 102, 102);\"><span style=\"margin: 0px; padding: 0px; font-family: &quot;Open Sans&quot;; border-radius: 0px; border: 0px; vertical-align: baseline; font-weight: 600; font-size: inherit; -webkit-tap-highlight-color: rgba(0, 0, 0, 0); outline: 0px; background: transparent; line-height: normal;\">Address</span>:&nbsp;<span id=\"address\" style=\"margin: 0px; padding: 0px; font-family: &quot;Open Sans&quot;; border-radius: 0px; border: 0px; vertical-align: baseline; font-weight: inherit; font-size: inherit; -webkit-tap-highlight-color: rgba(0, 0, 0, 0); display: inline-block; background: transparent; line-height: normal; outline: 0px;\">Sector 2 Dwarka, Delhi</span></div><p style=\"margin-right: 0px; margin-bottom: 0px; margin-left: 0px; padding: 0px; font-family: &quot;Open Sans&quot;; border-radius: 0px; -webkit-tap-highlight-color: rgba(0, 0, 0, 0); border: 0px; vertical-align: baseline; font-weight: inherit; font-size: inherit; white-space-collapse: preserve-breaks;\">This is your chance to a 4 bhk apartment / flat for sale in cghs mandakini apartments sector 2 dwarka delhi . Where luxury comes with affordability.</p><p><span id=\"description\" class=\"component__hiddenText component__paraFormat\" style=\"margin: 0px; padding: 0px; font-family: &quot;Open Sans&quot;, Arial, Helvetica, sans-serif; border-radius: 0px; border: 0px; vertical-align: baseline; -webkit-tap-highlight-color: rgba(0, 0, 0, 0); outline: 0px; background: transparent; line-height: normal; color: rgb(102, 102, 102);\"><br style=\"margin: 0px; padding: 0px; font-family: &quot;Open Sans&quot;; border-radius: 0px; -webkit-tap-highlight-color: rgba(0, 0, 0, 0);\"></span></p><p style=\"margin-right: 0px; margin-bottom: 0px; margin-left: 0px; padding: 0px; font-family: &quot;Open Sans&quot;; border-radius: 0px; -webkit-tap-highlight-color: rgba(0, 0, 0, 0); border: 0px; vertical-align: baseline; font-weight: inherit; font-size: inherit; white-space-collapse: preserve-breaks;\">Basic details:\r\nYou will love this bright and spacious 4 bedroom apartment with 3 bathrooms, modular kitchen, spacious hall and 4 balconies.The balcony offers a great view and is a place to enjoy at any time. This house provides ample natural light and has good ventilation that invites comfort.</p><p><span class=\"component__hiddenText component__paraFormat\" style=\"margin: 0px; padding: 0px; font-family: &quot;Open Sans&quot;, Arial, Helvetica, sans-serif; border-radius: 0px; border: 0px; vertical-align: baseline; -webkit-tap-highlight-color: rgba(0, 0, 0, 0); outline: 0px; background: transparent; line-height: normal; color: rgb(102, 102, 102);\"><br style=\"margin: 0px; padding: 0px; font-family: &quot;Open Sans&quot;; border-radius: 0px; -webkit-tap-highlight-color: rgba(0, 0, 0, 0);\"></span></p><p style=\"margin-right: 0px; margin-bottom: 0px; margin-left: 0px; padding: 0px; font-family: &quot;Open Sans&quot;; border-radius: 0px; -webkit-tap-highlight-color: rgba(0, 0, 0, 0); border: 0px; vertical-align: baseline; font-weight: inherit; font-size: inherit; white-space-collapse: preserve-breaks;\">Furnishings and amenities:\r\nThis impeccable house is spread across an area of 2600 sq.Ft. And is an semifurnished unit.\r\nThe amenities are designed to make your life easy, exciting and luxurious. The society boasts of manicured landscaping and includes lifts, intercom facility, security/fire alarm, maintenance staff, security personnel, visitor parking, swimming pool, gym, clubhouse, rainwater harvesting, piped gas, water storage, waste disposal and park.\r\nThe property is a quality construction.</p><p><span class=\"component__hiddenText component__paraFormat\" style=\"margin: 0px; padding: 0px; font-family: &quot;Open Sans&quot;, Arial, Helvetica, sans-serif; border-radius: 0px; border: 0px; vertical-align: baseline; -webkit-tap-highlight-color: rgba(0, 0, 0, 0); outline: 0px; background: transparent; line-height: normal; color: rgb(102, 102, 102);\"><br style=\"margin: 0px; padding: 0px; font-family: &quot;Open Sans&quot;; border-radius: 0px; -webkit-tap-highlight-color: rgba(0, 0, 0, 0);\"></span></p><p style=\"margin-right: 0px; margin-bottom: 0px; margin-left: 0px; padding: 0px; font-family: &quot;Open Sans&quot;; border-radius: 0px; -webkit-tap-highlight-color: rgba(0, 0, 0, 0); border: 0px; vertical-align: baseline; font-weight: inherit; font-size: inherit; white-space-collapse: preserve-breaks;\">Location:\r\nThe prime location provides residents with access to the very best that this city has to offer. The property is situated close to all the basic amenities. It is close to the main road making it highly accessible.\r\n-Major banks and atms within proximity\r\n-Schools within a close radius\r\n-Easy access to public transport</p><p><span class=\"component__hiddenText component__paraFormat\" style=\"margin: 0px; padding: 0px; font-family: &quot;Open Sans&quot;, Arial, Helvetica, sans-serif; border-radius: 0px; border: 0px; vertical-align: baseline; -webkit-tap-highlight-color: rgba(0, 0, 0, 0); outline: 0px; background: transparent; line-height: normal; color: rgb(102, 102, 102);\"><br style=\"margin: 0px; padding: 0px; font-family: &quot;Open Sans&quot;; border-radius: 0px; -webkit-tap-highlight-color: rgba(0, 0, 0, 0);\"></span></p><p style=\"margin-right: 0px; margin-bottom: 0px; margin-left: 0px; padding: 0px; font-family: &quot;Open Sans&quot;; border-radius: 0px; -webkit-tap-highlight-color: rgba(0, 0, 0, 0); border: 0px; vertical-align: baseline; font-weight: inherit; font-size: inherit; white-space-collapse: preserve-breaks;\">Wait no more and schedule a tour today.\r\nFor more details, kindly contact the owner.\r\nAdditional details :</p><p><span class=\"component__hiddenText component__paraFormat\" style=\"margin: 0px; padding: 0px; font-family: &quot;Open Sans&quot;, Arial, Helvetica, sans-serif; border-radius: 0px; border: 0px; vertical-align: baseline; -webkit-tap-highlight-color: rgba(0, 0, 0, 0); outline: 0px; background: transparent; line-height: normal; color: rgb(102, 102, 102);\"><br style=\"margin: 0px; padding: 0px; font-family: &quot;Open Sans&quot;; border-radius: 0px; -webkit-tap-highlight-color: rgba(0, 0, 0, 0);\"></span></p><p style=\"box-sizing: border-box; margin: 0px; padding: 0px; font-family: &quot;Open Sans&quot;; border-radius: 0px; -webkit-tap-highlight-color: rgba(0, 0, 0, 0); border: 0px; vertical-align: baseline; font-weight: inherit; font-size: inherit; white-space: pre-line;\">Piped gas facility is available in the property.\r\nThe apartment has borings water supply.\r\nFull power backup is available.\r\nThere is also a separate washroom for domestic help.\r\nThe society has dedicated security guards for every tower.</p>',	1,	8,	1,	3,	4,	2,	7600,	500000.00,	0.00,	'Paris, France',	4,	'[\"1\", \"2\"]',	NULL,	'CGHS Mandakini Apartments',	'This is your chance to a 4 bhk apartment / flat for sale in cghs mandakini apartments sector 2 dwarka delhi . Where luxury comes with affordability.',	'noida,dubai,Mandakini',	'admin@gmail.com',	'update',	'approved',	'2025-03-03 07:44:45',	'2025-03-21 08:13:39'),
(7,	'Gateway Offices',	'gateway-offices',	3,	'<div class=\"component__pdDescAdd\" style=\"margin: 0px 0px 8px; padding: 0px; font-family: &quot;Open Sans&quot;, Arial, Helvetica, sans-serif; border-radius: 0px; border: 0px; vertical-align: baseline; -webkit-tap-highlight-color: rgba(0, 0, 0, 0); outline: 0px; background: transparent; line-height: normal; color: rgb(102, 102, 102);\"><span style=\"margin: 0px; padding: 0px; font-family: &quot;Open Sans&quot;; border-radius: 0px; border: 0px; vertical-align: baseline; font-weight: 600; font-size: inherit; -webkit-tap-highlight-color: rgba(0, 0, 0, 0); outline: 0px; background: transparent; line-height: normal;\">Address</span>:&nbsp;<span id=\"address\" style=\"margin: 0px; padding: 0px; font-family: &quot;Open Sans&quot;; border-radius: 0px; border: 0px; vertical-align: baseline; font-weight: inherit; font-size: inherit; -webkit-tap-highlight-color: rgba(0, 0, 0, 0); display: inline-block; background: transparent; line-height: normal; outline: 0px;\">Sector 2 Dwarka, Delhi</span></div><p style=\"margin-right: 0px; margin-bottom: 0px; margin-left: 0px; padding: 0px; font-family: &quot;Open Sans&quot;; border-radius: 0px; -webkit-tap-highlight-color: rgba(0, 0, 0, 0); border: 0px; vertical-align: baseline; font-weight: inherit; font-size: inherit; white-space-collapse: preserve-breaks;\">This is your chance to a 4 bhk apartment / flat for sale in cghs mandakini apartments sector 2 dwarka delhi . Where luxury comes with affordability.</p><p style=\"margin-right: 0px; margin-bottom: 0px; margin-left: 0px; padding: 0px; font-family: &quot;Open Sans&quot;; border-radius: 0px; -webkit-tap-highlight-color: rgba(0, 0, 0, 0); border: 0px; vertical-align: baseline; font-weight: inherit; font-size: inherit; white-space-collapse: preserve-breaks;\">Furnishings and amenities:\r\nThis impeccable house is spread across an area of 2600 sq.Ft. And is an semifurnished unit.\r\nThe amenities are designed to make your life easy, exciting and luxurious. The society boasts of manicured landscaping and includes lifts, intercom facility, security/fire alarm, maintenance staff, security personnel, visitor parking, swimming pool, gym, clubhouse, rainwater harvesting, piped gas, water storage, waste disposal and park.\r\nThe property is a quality construction.</p><p><br></p>',	2,	5,	1,	2,	4,	2,	8600,	550000.00,	10.00,	'Asheville, North Carolina',	4,	'[\"1\", \"2\"]',	NULL,	'CGHS Mandakini Apartments',	'This is your chance to a 4 bhk apartment / flat for sale in cghs mandakini apartments sector 2 dwarka delhi . Where luxury comes with affordability.',	'noida,dubai,Mandakini',	'admin@gmail.com',	'update',	'approved',	'2025-03-03 07:44:45',	'2025-03-21 08:13:50'),
(8,	'Maplewood Heights',	'maplewood-heights',	3,	'<div class=\"component__pdDescAdd\" style=\"margin: 0px 0px 8px; padding: 0px; font-family: &quot;Open Sans&quot;, Arial, Helvetica, sans-serif; border-radius: 0px; border: 0px; vertical-align: baseline; -webkit-tap-highlight-color: rgba(0, 0, 0, 0); outline: 0px; background: transparent; line-height: normal; color: rgb(102, 102, 102);\"><span style=\"margin: 0px; padding: 0px; font-family: &quot;Open Sans&quot;; border-radius: 0px; border: 0px; vertical-align: baseline; font-weight: 600; font-size: inherit; -webkit-tap-highlight-color: rgba(0, 0, 0, 0); outline: 0px; background: transparent; line-height: normal;\">Address</span>:&nbsp;<span id=\"address\" style=\"margin: 0px; padding: 0px; font-family: &quot;Open Sans&quot;; border-radius: 0px; border: 0px; vertical-align: baseline; font-weight: inherit; font-size: inherit; -webkit-tap-highlight-color: rgba(0, 0, 0, 0); display: inline-block; background: transparent; line-height: normal; outline: 0px;\">Sector 2 Dwarka, Delhi</span></div><p style=\"margin-right: 0px; margin-bottom: 0px; margin-left: 0px; padding: 0px; font-family: &quot;Open Sans&quot;; border-radius: 0px; -webkit-tap-highlight-color: rgba(0, 0, 0, 0); border: 0px; vertical-align: baseline; font-weight: inherit; font-size: inherit; white-space-collapse: preserve-breaks;\">This is your chance to a 4 bhk apartment / flat for sale in cghs mandakini apartments sector 2 dwarka delhi . Where luxury comes with affordability.</p><p><span style=\"font-family: &quot;Open Sans&quot;; font-size: inherit; font-weight: inherit; white-space-collapse: preserve-breaks;\">Location:</span></p><p style=\"margin-right: 0px; margin-bottom: 0px; margin-left: 0px; padding: 0px; font-family: &quot;Open Sans&quot;; border-radius: 0px; -webkit-tap-highlight-color: rgba(0, 0, 0, 0); border: 0px; vertical-align: baseline; font-weight: inherit; font-size: inherit; white-space-collapse: preserve-breaks;\">The prime location provides residents with access to the very best that this city has to offer. The property is situated close to all the basic amenities. It is close to the main road making it highly accessible.\r\n-Major banks and atms within proximity\r\n-Schools within a close radius\r\n-Easy access to public transport</p>',	2,	5,	2,	5,	4,	2,	2900,	600000.00,	0.00,	'Lake District, UK',	7,	'[\"1\", \"2\"]',	NULL,	'CGHS Mandakini Apartments',	'This is your chance to a 4 bhk apartment / flat for sale in cghs mandakini apartments sector 2 dwarka delhi . Where luxury comes with affordability.',	'noida,dubai,Mandakini',	'admin@gmail.com',	'update',	'approved',	'2025-03-03 07:44:45',	'2025-03-21 08:14:16'),
(9,	'The Coastal Haven',	'the-coastal-haven',	3,	'<div class=\"component__pdDescAdd\" style=\"margin: 0px 0px 8px; padding: 0px; font-family: &quot;Open Sans&quot;, Arial, Helvetica, sans-serif; border-radius: 0px; border: 0px; vertical-align: baseline; -webkit-tap-highlight-color: rgba(0, 0, 0, 0); outline: 0px; background: transparent; line-height: normal; color: rgb(102, 102, 102);\"><span style=\"margin: 0px; padding: 0px; font-family: &quot;Open Sans&quot;; border-radius: 0px; border: 0px; vertical-align: baseline; font-weight: 600; font-size: inherit; -webkit-tap-highlight-color: rgba(0, 0, 0, 0); outline: 0px; background: transparent; line-height: normal;\">Address</span>:&nbsp;<span id=\"address\" style=\"margin: 0px; padding: 0px; font-family: &quot;Open Sans&quot;; border-radius: 0px; border: 0px; vertical-align: baseline; font-weight: inherit; font-size: inherit; -webkit-tap-highlight-color: rgba(0, 0, 0, 0); display: inline-block; background: transparent; line-height: normal; outline: 0px;\">Sector 2 Dwarka, Delhi</span></div><p style=\"margin-right: 0px; margin-bottom: 0px; margin-left: 0px; padding: 0px; font-family: &quot;Open Sans&quot;; border-radius: 0px; -webkit-tap-highlight-color: rgba(0, 0, 0, 0); border: 0px; vertical-align: baseline; font-weight: inherit; font-size: inherit; white-space-collapse: preserve-breaks;\">This is your chance to a 4 bhk apartment / flat for sale in cghs mandakini apartments sector 2 dwarka delhi . Where luxury comes with affordability.</p>',	2,	6,	2,	5,	4,	2,	3000,	6500000.00,	0.00,	'Miami Beach, Florida',	7,	'[\"1\", \"2\"]',	NULL,	'CGHS Mandakini Apartments',	'This is your chance to a 4 bhk apartment / flat for sale in cghs mandakini apartments sector 2 dwarka delhi . Where luxury comes with affordability.',	'noida,dubai,Mandakini',	'admin@gmail.com',	'update',	'approved',	'2025-03-03 07:44:45',	'2025-03-21 08:14:01');

DROP TABLE IF EXISTS `property_images`;
CREATE TABLE `property_images` (
  `id` bigint unsigned NOT NULL AUTO_INCREMENT,
  `property_id` bigint unsigned NOT NULL,
  `image` varchar(255) CHARACTER SET utf8mb4 COLLATE utf8mb4_unicode_ci NOT NULL,
  `is_main` tinyint(1) NOT NULL DEFAULT '0',
  `img_status` enum('active','inactive') CHARACTER SET utf8mb4 COLLATE utf8mb4_unicode_ci NOT NULL DEFAULT 'active',
  `created_at` timestamp NULL DEFAULT NULL,
  `updated_at` timestamp NULL DEFAULT NULL,
  PRIMARY KEY (`id`),
  KEY `property_images_property_id_foreign` (`property_id`),
  CONSTRAINT `property_images_property_id_foreign` FOREIGN KEY (`property_id`) REFERENCES `properties` (`id`) ON DELETE CASCADE
) ENGINE=InnoDB DEFAULT CHARSET=utf8mb4 COLLATE=utf8mb4_unicode_ci;

INSERT INTO `property_images` (`id`, `property_id`, `image`, `is_main`, `img_status`, `created_at`, `updated_at`) VALUES
(1,	1,	'uploads/1741007685_home1.png',	1,	'active',	'2025-03-03 07:44:45',	'2025-03-25 05:46:09'),
(2,	2,	'uploads/1741007848_home2.png',	1,	'active',	'2025-03-03 07:47:28',	'2025-03-25 05:46:52'),
(3,	3,	'uploads/1741007892_home3.png',	1,	'active',	'2025-03-03 07:48:12',	'2025-03-25 05:47:00'),
(4,	4,	'uploads/1741007925_home4.png',	1,	'active',	'2025-03-03 07:48:45',	'2025-03-21 08:13:17'),
(5,	5,	'uploads/1741007987_home4.png',	1,	'active',	'2025-03-03 07:49:47',	'2025-03-25 05:47:09'),
(6,	6,	'uploads/1741008086_home1.png',	1,	'active',	'2025-03-03 07:51:26',	'2025-03-21 08:13:39'),
(7,	7,	'uploads/1741008304_home2.png',	1,	'active',	'2025-03-03 07:55:04',	'2025-03-21 08:13:50'),
(8,	8,	'uploads/1741010168_home1.png',	1,	'active',	'2025-03-03 08:26:08',	'2025-03-21 08:14:16'),
(9,	9,	'uploads/1741010213_home2.png',	1,	'active',	'2025-03-03 08:26:53',	'2025-03-21 08:14:01'),
(10,	2,	'uploads/1742199857_build.png',	0,	'active',	'2025-03-17 02:54:17',	'2025-03-25 05:46:52'),
(11,	2,	'uploads/1742199857_sm.png',	0,	'active',	'2025-03-17 02:54:17',	'2025-03-25 05:46:52'),
(12,	2,	'uploads/1742199857_sm2.png',	0,	'active',	'2025-03-17 02:54:17',	'2025-03-25 05:46:52'),
(13,	2,	'uploads/1742199857_sm3.png',	0,	'active',	'2025-03-17 02:54:17',	'2025-03-25 05:46:52'),
(14,	1,	'uploads/1742276738_740.png',	0,	'inactive',	'2025-03-18 00:15:38',	'2025-03-25 05:46:09'),
(15,	1,	'uploads/1742276738_car1.png',	0,	'inactive',	'2025-03-18 00:15:38',	'2025-03-25 05:46:09'),
(16,	1,	'uploads/1742276738_car2.png',	0,	'inactive',	'2025-03-18 00:15:38',	'2025-03-25 05:46:09'),
(17,	1,	'uploads/1742276738_car3.png',	0,	'inactive',	'2025-03-18 00:15:38',	'2025-03-25 05:46:09'),
(18,	3,	'uploads/1742276842_builder-logo.png',	0,	'inactive',	'2025-03-18 00:17:22',	'2025-03-25 05:47:00'),
(19,	3,	'uploads/1742276842_h1.png',	0,	'active',	'2025-03-18 00:17:22',	'2025-03-25 05:47:00'),
(20,	3,	'uploads/1742276842_h2.png',	0,	'active',	'2025-03-18 00:17:22',	'2025-03-25 05:47:00'),
(21,	3,	'uploads/1742276842_h3.png',	0,	'active',	'2025-03-18 00:17:22',	'2025-03-25 05:47:00'),
(22,	1,	'uploads/1742276858_h3.png',	0,	'active',	'2025-03-18 00:17:38',	'2025-03-25 05:46:09'),
(23,	1,	'uploads/1742276858_h2.png',	0,	'active',	'2025-03-18 00:17:38',	'2025-03-25 05:46:09'),
(24,	1,	'uploads/1742276858_h1.png',	0,	'active',	'2025-03-18 00:17:38',	'2025-03-25 05:46:09'),
(25,	4,	'uploads/1742276907_h3.png',	0,	'active',	'2025-03-18 00:18:27',	'2025-03-21 08:13:17'),
(26,	4,	'uploads/1742276907_h2.png',	0,	'active',	'2025-03-18 00:18:27',	'2025-03-21 08:13:17'),
(27,	4,	'uploads/1742276907_h1.png',	0,	'active',	'2025-03-18 00:18:27',	'2025-03-21 08:13:17'),
(28,	5,	'uploads/1742276940_h3.png',	0,	'active',	'2025-03-18 00:19:00',	'2025-03-25 05:47:09'),
(29,	5,	'uploads/1742276940_h2.png',	0,	'active',	'2025-03-18 00:19:00',	'2025-03-25 05:47:09'),
(30,	5,	'uploads/1742276940_h1.png',	0,	'active',	'2025-03-18 00:19:00',	'2025-03-25 05:47:09'),
(31,	7,	'uploads/1742276973_h3.png',	0,	'active',	'2025-03-18 00:19:33',	'2025-03-21 08:13:50'),
(32,	7,	'uploads/1742276973_h2.png',	0,	'active',	'2025-03-18 00:19:33',	'2025-03-21 08:13:50'),
(33,	7,	'uploads/1742276973_h1.png',	0,	'active',	'2025-03-18 00:19:33',	'2025-03-21 08:13:50'),
(34,	8,	'uploads/1742277004_h3.png',	0,	'active',	'2025-03-18 00:20:04',	'2025-03-21 08:14:16'),
(35,	8,	'uploads/1742277004_h2.png',	0,	'active',	'2025-03-18 00:20:04',	'2025-03-21 08:14:16'),
(36,	8,	'uploads/1742277004_h1.png',	0,	'active',	'2025-03-18 00:20:04',	'2025-03-21 08:14:16');

DROP TABLE IF EXISTS `quotes`;
CREATE TABLE `quotes` (
  `id` bigint unsigned NOT NULL AUTO_INCREMENT,
  `name` varchar(255) COLLATE utf8mb4_unicode_ci NOT NULL,
  `email` varchar(255) COLLATE utf8mb4_unicode_ci NOT NULL,
  `service` varchar(255) COLLATE utf8mb4_unicode_ci NOT NULL,
  `message` text COLLATE utf8mb4_unicode_ci NOT NULL,
  `created_at` timestamp NULL DEFAULT NULL,
  `updated_at` timestamp NULL DEFAULT NULL,
  PRIMARY KEY (`id`)
) ENGINE=InnoDB DEFAULT CHARSET=utf8mb4 COLLATE=utf8mb4_unicode_ci;

INSERT INTO `quotes` (`id`, `name`, `email`, `service`, `message`, `created_at`, `updated_at`) VALUES
(6,	'santosh',	'sbhartimca09@gmail.com',	'Service 2',	'zxXcvbvn',	'2025-06-03 00:59:21',	'2025-06-03 00:59:21'),
(7,	'santosh',	'sbhartimca09@gmail.com',	'Service 2',	'zxxczvczbm',	'2025-06-05 04:26:57',	'2025-06-05 04:26:57'),
(8,	'John Doe',	'john@example.com',	'Web Development',	'I need a website.',	'2025-06-05 04:30:19',	'2025-06-05 04:30:19'),
(9,	'santosh',	'sbhartimca09@gmail.com',	'Service 1',	'zDfzxhcgjkl;\'\n4454',	'2025-06-10 05:07:10',	'2025-06-10 05:07:10'),
(10,	'santosh',	'sbhartimca09@gmail.com',	'Service 1',	'dsfdghj',	'2025-06-13 05:46:48',	'2025-06-13 05:46:48'),
(11,	'purplewavenew',	'admin@gmail.com',	'Service 1',	'vgnv',	'2025-06-13 08:14:21',	'2025-06-13 08:14:21'),
(12,	'santosh',	'admin@gmail.com',	'Service 1',	'khbhjbhjhj',	'2025-06-15 09:05:39',	'2025-06-15 09:05:39'),
(13,	'santosh',	'sbhartimca09@gmail.com',	'Service 2',	'asdfhjkl;',	'2025-06-18 02:41:58',	'2025-06-18 02:41:58'),
(14,	'santosh',	'sbhartimca09@gmail.com',	'Service 3',	'Zcxvcvx',	'2025-06-26 08:48:47',	'2025-06-26 08:48:47'),
(15,	'santosh',	'sbhartimca09@gmail.com',	'Service 3',	'Eirmod sed tempor lorem ut dolores. Aliquyam sit sadipscing kasd ipsum. Dolor ea et dolore et at sea ea at dolor, justo ipsum duo rebum sea invidunt voluptua. Eos vero eos vero ea et dolore eirmod et. Dolores diam duo invidunt lorem. Elitr ut dolores magna sit. Sea dolore sanctus sed et. Takimata takimata sanctus sed.Eirmod sed tempor lorem ut dolores. Aliquyam sit sadipscing kasd ipsum. Dolor ea et dolore et at sea ea at dolor, justo ipsum duo rebum sea invidunt voluptua. Eos vero eos vero ea et dolore eirmod et. Dolores diam duo invidunt lorem. Elitr ut dolores magna sit. Sea dolore sanctus sed et. Takimata takimata sanctus sed.',	'2025-07-04 00:56:01',	'2025-07-04 00:56:01'),
(16,	'vishal',	'vishal@gmail.com',	'Service 2',	'sdfdsgfhtyiuioo;kl',	'2025-07-16 05:24:07',	'2025-07-16 05:24:07');

DROP TABLE IF EXISTS `real_state_developers`;
CREATE TABLE `real_state_developers` (
  `id` bigint unsigned NOT NULL AUTO_INCREMENT,
  `image` varchar(255) CHARACTER SET utf8mb4 COLLATE utf8mb4_unicode_ci NOT NULL,
  `action_by` varchar(255) CHARACTER SET utf8mb4 COLLATE utf8mb4_unicode_ci DEFAULT NULL,
  `action_name` varchar(255) CHARACTER SET utf8mb4 COLLATE utf8mb4_unicode_ci DEFAULT NULL,
  `status` tinyint(1) NOT NULL DEFAULT '1',
  `created_at` timestamp NULL DEFAULT NULL,
  `updated_at` timestamp NULL DEFAULT NULL,
  PRIMARY KEY (`id`)
) ENGINE=InnoDB DEFAULT CHARSET=utf8mb4 COLLATE=utf8mb4_unicode_ci;

INSERT INTO `real_state_developers` (`id`, `image`, `action_by`, `action_name`, `status`, `created_at`, `updated_at`) VALUES
(1,	'uploads/realstate/1741081968_dev1.png',	'admin@gmail.com',	'Create',	1,	'2025-03-04 04:22:48',	'2025-03-04 04:22:48'),
(2,	'uploads/realstate/1741081978_dev2.png',	'admin@gmail.com',	'Create',	1,	'2025-03-04 04:22:58',	'2025-03-04 04:22:58'),
(3,	'uploads/realstate/1741081986_dev3.png',	'admin@gmail.com',	'Create',	1,	'2025-03-04 04:23:06',	'2025-03-04 04:23:06'),
(4,	'uploads/realstate/1741081993_dev4.png',	'admin@gmail.com',	'Create',	1,	'2025-03-04 04:23:13',	'2025-03-04 04:23:13'),
(5,	'uploads/realstate/1741082003_dev1.png',	'admin@gmail.com',	'Create',	1,	'2025-03-04 04:23:23',	'2025-03-04 04:23:23'),
(6,	'uploads/realstate/1741082010_dev2.png',	'admin@gmail.com',	'Create',	1,	'2025-03-04 04:23:30',	'2025-03-04 04:23:30'),
(7,	'uploads/realstate/1741082015_dev3.png',	'admin@gmail.com',	'Create',	1,	'2025-03-04 04:23:35',	'2025-03-04 04:23:35'),
(8,	'uploads/realstate/1741082021_dev4.png',	'admin@gmail.com',	'Create',	1,	'2025-03-04 04:23:41',	'2025-03-04 04:23:41');

DROP TABLE IF EXISTS `roles`;
CREATE TABLE `roles` (
  `id` bigint unsigned NOT NULL AUTO_INCREMENT,
  `name` varchar(255) CHARACTER SET utf8mb4 COLLATE utf8mb4_unicode_ci NOT NULL,
  `created_at` timestamp NULL DEFAULT NULL,
  `updated_at` timestamp NULL DEFAULT NULL,
  PRIMARY KEY (`id`)
) ENGINE=InnoDB DEFAULT CHARSET=utf8mb4 COLLATE=utf8mb4_unicode_ci;


DROP TABLE IF EXISTS `search_keywords`;
CREATE TABLE `search_keywords` (
  `id` bigint unsigned NOT NULL AUTO_INCREMENT,
  `keyword` varchar(255) CHARACTER SET utf8mb4 COLLATE utf8mb4_unicode_ci NOT NULL,
  `type` enum('properties','cars') CHARACTER SET utf8mb4 COLLATE utf8mb4_unicode_ci NOT NULL,
  `status` tinyint(1) NOT NULL,
  `created_at` timestamp NULL DEFAULT NULL,
  `updated_at` timestamp NULL DEFAULT NULL,
  PRIMARY KEY (`id`)
) ENGINE=InnoDB DEFAULT CHARSET=utf8mb4 COLLATE=utf8mb4_unicode_ci;

INSERT INTO `search_keywords` (`id`, `keyword`, `type`, `status`, `created_at`, `updated_at`) VALUES
(1,	'property in dubai two',	'properties',	1,	'2025-03-24 10:28:33',	'2025-03-25 01:05:45'),
(2,	'Property in dubai',	'properties',	1,	'2025-03-24 05:13:35',	'2025-03-25 01:04:45'),
(4,	'properties in dubai one',	'properties',	1,	'2025-03-25 01:05:28',	'2025-03-25 01:05:28'),
(5,	'Property in dubai three',	'properties',	1,	'2025-03-25 01:06:07',	'2025-03-25 01:06:07'),
(6,	'cars in dubai',	'cars',	1,	'2025-03-25 01:13:04',	'2025-03-25 01:13:04'),
(7,	'cars in dubai one',	'cars',	1,	'2025-03-25 07:32:44',	'2025-03-25 07:32:44'),
(8,	'cars in dubai two',	'cars',	1,	'2025-03-25 07:32:55',	'2025-03-25 07:32:55');

DROP TABLE IF EXISTS `seos`;
CREATE TABLE `seos` (
  `id` bigint unsigned NOT NULL AUTO_INCREMENT,
  `seo_type` enum('landingPage','homepage','property','car') CHARACTER SET utf8mb4 COLLATE utf8mb4_unicode_ci NOT NULL,
  `seo_title` varchar(255) CHARACTER SET utf8mb4 COLLATE utf8mb4_unicode_ci NOT NULL,
  `seo_description` text CHARACTER SET utf8mb4 COLLATE utf8mb4_unicode_ci,
  `seo_keywords` text CHARACTER SET utf8mb4 COLLATE utf8mb4_unicode_ci,
  `action_by` varchar(255) CHARACTER SET utf8mb4 COLLATE utf8mb4_unicode_ci DEFAULT NULL,
  `action_name` varchar(255) CHARACTER SET utf8mb4 COLLATE utf8mb4_unicode_ci DEFAULT NULL,
  `created_at` timestamp NULL DEFAULT NULL,
  `updated_at` timestamp NULL DEFAULT NULL,
  PRIMARY KEY (`id`)
) ENGINE=InnoDB DEFAULT CHARSET=utf8mb4 COLLATE=utf8mb4_unicode_ci;

INSERT INTO `seos` (`id`, `seo_type`, `seo_title`, `seo_description`, `seo_keywords`, `action_by`, `action_name`, `created_at`, `updated_at`) VALUES
(1,	'landingPage',	'Landing Page Title',	'Landing Page  description',	'Landing Page  keyword',	'admin@gmail.com',	'create',	NULL,	NULL),
(2,	'homepage',	'home page title',	'SEO Description',	'home,start,hompage',	'admin@gmail.com',	'create',	NULL,	NULL),
(3,	'property',	'property home page title',	'property home page description',	'details,data,property',	'admin@gmail.com',	'create',	NULL,	NULL),
(4,	'car',	'car seo tittle',	'car seo description',	'car,honda,swift',	'admin@gmail.com',	'create',	NULL,	NULL);

DROP TABLE IF EXISTS `services`;
CREATE TABLE `services` (
  `id` bigint unsigned NOT NULL AUTO_INCREMENT,
  `title` varchar(255) COLLATE utf8mb4_unicode_ci NOT NULL,
  `main_title` varchar(255) COLLATE utf8mb4_unicode_ci NOT NULL,
  `analytics` text COLLATE utf8mb4_unicode_ci NOT NULL,
  `analytics_description` text CHARACTER SET utf8mb4 COLLATE utf8mb4_unicode_ci NOT NULL,
  `development` text COLLATE utf8mb4_unicode_ci NOT NULL,
  `development_description` text CHARACTER SET utf8mb4 COLLATE utf8mb4_unicode_ci NOT NULL,
  `apps_development` text COLLATE utf8mb4_unicode_ci NOT NULL,
  `apps_development_description` text CHARACTER SET utf8mb4 COLLATE utf8mb4_unicode_ci NOT NULL,
  `cyber_security` text CHARACTER SET utf8mb4 COLLATE utf8mb4_unicode_ci NOT NULL,
  `cyber_security_description` text CHARACTER SET utf8mb4 COLLATE utf8mb4_unicode_ci NOT NULL,
  `seo_optimization` text COLLATE utf8mb4_unicode_ci NOT NULL,
  `seo_optimization_description` text CHARACTER SET utf8mb4 COLLATE utf8mb4_unicode_ci NOT NULL,
  `description` text COLLATE utf8mb4_unicode_ci NOT NULL,
  `seo_title` text COLLATE utf8mb4_unicode_ci NOT NULL,
  `seo_description` text COLLATE utf8mb4_unicode_ci NOT NULL,
  `seo_keywords` text COLLATE utf8mb4_unicode_ci NOT NULL,
  `created_at` timestamp NULL DEFAULT NULL,
  `updated_at` timestamp NULL DEFAULT NULL,
  PRIMARY KEY (`id`)
) ENGINE=InnoDB DEFAULT CHARSET=utf8mb4 COLLATE=utf8mb4_unicode_ci;

INSERT INTO `services` (`id`, `title`, `main_title`, `analytics`, `analytics_description`, `development`, `development_description`, `apps_development`, `apps_development_description`, `cyber_security`, `cyber_security_description`, `seo_optimization`, `seo_optimization_description`, `description`, `seo_title`, `seo_description`, `seo_keywords`, `created_at`, `updated_at`) VALUES
(1,	'Our Services',	'Custom IT Solutions for Your Successful Business',	'Data Analytics',	'Amet justo dolor lorem kasd amet magna sea stet eos vero lorem ipsum dolore sed2',	'Web Development',	'Amet justo dolor lorem kasd amet magna sea stet eos vero lorem ipsum dolore sed3',	'Apps Development',	'Amet justo dolor lorem kasd amet magna sea stet eos vero lorem ipsum dolore sed',	'Cyber Security',	'Amet justo dolor lorem kasd amet magna sea stet eos vero lorem ipsum dolore sed1',	'SEO Optimization',	'Amet justo dolor lorem kasd amet magna sea stet eos vero lorem ipsum dolore sed',	'<h3 classname=\"text-white mb-3\">Call Us For Connect</h3>\r\n              <p classname=\"text-white mb-3\">Clita ipsum magna kasd rebum at ipsum amet dolor justo dolor est magna stet eirmod</p>\r\n              <h2 classname=\"text-white mb-0\">+918700611032</h2>',	'asfsreertjtjkh',	'SFDGfdshd',	'safsghdgfh',	'2025-06-02 12:03:06',	'2025-06-05 04:32:23');

DROP TABLE IF EXISTS `settings`;
CREATE TABLE `settings` (
  `id` bigint unsigned NOT NULL AUTO_INCREMENT,
  `key` varchar(255) NOT NULL,
  `value` text,
  `created_at` timestamp NULL DEFAULT NULL,
  `updated_at` timestamp NULL DEFAULT NULL,
  PRIMARY KEY (`id`)
) ENGINE=InnoDB DEFAULT CHARSET=utf8mb4 COLLATE=utf8mb4_0900_ai_ci;

INSERT INTO `settings` (`id`, `key`, `value`, `created_at`, `updated_at`) VALUES
(1,	'site_name',	'santoshbharti.com',	'2025-03-04 04:24:46',	'2025-05-22 05:23:03'),
(2,	'site_email',	'sbhartimc09@gmail.com',	'2025-03-04 04:24:46',	'2025-05-22 05:23:03'),
(3,	'site_phone',	'+91-8700611032',	'2025-03-04 04:24:46',	'2025-07-04 00:27:12'),
(4,	'site_default_currency',	'AED',	'2025-03-04 04:24:46',	'2025-03-04 04:24:46'),
(5,	'site_currency_icon',	'AED',	'2025-03-04 04:24:46',	'2025-03-04 04:24:46'),
(6,	'site_currency_icon_position',	'right',	'2025-03-04 04:24:46',	'2025-03-04 04:24:46'),
(7,	'logo',	'/uploads/media_685d41936042e.jpg',	'2025-05-22 05:21:46',	'2025-06-26 07:18:19'),
(8,	'site_color',	'#000000',	'2025-05-22 05:50:48',	'2025-05-22 05:50:48'),
(9,	'happy_clients',	'100',	'2025-05-23 04:56:45',	'2025-06-18 02:44:32'),
(10,	'project_done',	'200',	'2025-05-23 04:56:45',	'2025-06-18 02:44:32'),
(11,	'win_wards',	'300',	'2025-05-23 04:56:45',	'2025-06-18 02:44:32'),
(12,	'seo_title',	'Home Page santosh new1111111',	'2025-05-23 08:12:30',	'2025-06-26 08:50:24'),
(13,	'seo_description',	'this is my home page santosh new',	'2025-05-23 08:12:30',	'2025-06-05 04:33:05'),
(14,	'seo_keywords',	'wordpress,php,laravel,santosh,magento',	'2025-05-23 08:12:30',	'2025-06-05 04:33:20');

DROP TABLE IF EXISTS `sub_categories`;
CREATE TABLE `sub_categories` (
  `id` bigint unsigned NOT NULL AUTO_INCREMENT,
  `category_id` bigint unsigned NOT NULL,
  `subcategory_name` varchar(255) CHARACTER SET utf8mb4 COLLATE utf8mb4_unicode_ci NOT NULL,
  `sort_by` int NOT NULL DEFAULT '1',
  `status` tinyint(1) NOT NULL,
  `action_by` varchar(255) CHARACTER SET utf8mb4 COLLATE utf8mb4_unicode_ci DEFAULT NULL,
  `action_name` varchar(255) CHARACTER SET utf8mb4 COLLATE utf8mb4_unicode_ci DEFAULT NULL,
  `created_at` timestamp NULL DEFAULT NULL,
  `updated_at` timestamp NULL DEFAULT NULL,
  PRIMARY KEY (`id`)
) ENGINE=InnoDB DEFAULT CHARSET=utf8mb4 COLLATE=utf8mb4_unicode_ci;

INSERT INTO `sub_categories` (`id`, `category_id`, `subcategory_name`, `sort_by`, `status`, `action_by`, `action_name`, `created_at`, `updated_at`) VALUES
(1,	1,	'Apartments',	1,	1,	'admin@gmail.com',	'create',	NULL,	NULL),
(2,	1,	'Villas',	2,	1,	'admin@gmail.com',	'update',	NULL,	'2025-03-03 06:58:18'),
(3,	1,	'Condominiums',	3,	1,	'admin@gmail.com',	'Create',	'2025-03-03 06:58:28',	'2025-03-03 06:58:28'),
(4,	1,	'Plots',	4,	1,	'admin@gmail.com',	'Create',	'2025-03-03 06:58:43',	'2025-03-03 06:58:43'),
(5,	2,	'Office Space',	5,	1,	'admin@gmail.com',	'Create',	'2025-03-03 06:58:56',	'2025-03-03 06:58:56'),
(6,	2,	'Retail Stores',	6,	1,	'admin@gmail.com',	'Create',	'2025-03-03 06:59:18',	'2025-03-03 06:59:18'),
(7,	2,	'Warehouses',	7,	1,	'admin@gmail.com',	'Create',	'2025-03-03 06:59:39',	'2025-03-03 06:59:39'),
(8,	2,	'Industrial Land',	8,	1,	'admin@gmail.com',	'Create',	'2025-03-03 07:00:37',	'2025-03-03 07:00:37');

DROP TABLE IF EXISTS `teams`;
CREATE TABLE `teams` (
  `id` bigint unsigned NOT NULL AUTO_INCREMENT,
  `image` varchar(255) COLLATE utf8mb4_unicode_ci NOT NULL,
  `fullname` varchar(255) CHARACTER SET utf8mb4 COLLATE utf8mb4_unicode_ci NOT NULL,
  `designation` varchar(255) COLLATE utf8mb4_unicode_ci NOT NULL,
  `linkdin` varchar(255) COLLATE utf8mb4_unicode_ci NOT NULL,
  `facebook` varchar(255) COLLATE utf8mb4_unicode_ci NOT NULL,
  `instagram` varchar(255) COLLATE utf8mb4_unicode_ci NOT NULL,
  `twitter` varchar(255) COLLATE utf8mb4_unicode_ci NOT NULL,
  `status` enum('Active','Inactive') CHARACTER SET utf8mb4 COLLATE utf8mb4_unicode_ci NOT NULL,
  `created_at` timestamp NULL DEFAULT NULL,
  `updated_at` timestamp NULL DEFAULT NULL,
  PRIMARY KEY (`id`)
) ENGINE=InnoDB DEFAULT CHARSET=utf8mb4 COLLATE=utf8mb4_unicode_ci;

INSERT INTO `teams` (`id`, `image`, `fullname`, `designation`, `linkdin`, `facebook`, `instagram`, `twitter`, `status`, `created_at`, `updated_at`) VALUES
(1,	'uploads/team/1749548829_team-1.jpg',	'Santosh Kumar',	'Sr. Fullstack Developer111111',	'https://www.google.com/',	'Sr. Fullstack Developer',	'https://www.google.com/',	'https://www.google.com/',	'Active',	'2025-06-10 04:17:09',	'2025-06-18 02:41:06'),
(2,	'uploads/team/1749550682_team-2.jpg',	'Smita Kumari',	'Fullstack Designer',	'https://www.google.com/',	'https://www.google.com/',	'https://www.google.com/',	'https://www.google.com/',	'Active',	'2025-06-10 04:48:02',	'2025-06-10 04:48:02'),
(3,	'uploads/team/1749550712_team-3.jpg',	'Manvendra Singh',	'Sales Manager',	'https://www.google.com/',	'https://www.google.com/',	'https://www.google.com/',	'https://www.google.com/',	'Active',	'2025-06-10 04:48:32',	'2025-06-10 04:48:32');

DROP TABLE IF EXISTS `testimonials`;
CREATE TABLE `testimonials` (
  `id` bigint unsigned NOT NULL AUTO_INCREMENT,
  `title` varchar(255) CHARACTER SET utf8mb4 COLLATE utf8mb4_unicode_ci NOT NULL,
  `description` text CHARACTER SET utf8mb4 COLLATE utf8mb4_unicode_ci NOT NULL,
  `image` varchar(255) CHARACTER SET utf8mb4 COLLATE utf8mb4_unicode_ci NOT NULL,
  `profession` varchar(255) CHARACTER SET utf8mb4 COLLATE utf8mb4_unicode_ci NOT NULL,
  `action_by` varchar(255) CHARACTER SET utf8mb4 COLLATE utf8mb4_unicode_ci DEFAULT NULL,
  `action_name` varchar(255) CHARACTER SET utf8mb4 COLLATE utf8mb4_unicode_ci DEFAULT NULL,
  `status` tinyint(1) NOT NULL DEFAULT '1',
  `created_at` timestamp NULL DEFAULT NULL,
  `updated_at` timestamp NULL DEFAULT NULL,
  PRIMARY KEY (`id`)
) ENGINE=InnoDB DEFAULT CHARSET=utf8mb4 COLLATE=utf8mb4_unicode_ci;

INSERT INTO `testimonials` (`id`, `title`, `description`, `image`, `profession`, `action_by`, `action_name`, `status`, `created_at`, `updated_at`) VALUES
(1,	'Abhishek Popli',	'<p style=\"margin-right: 0px; margin-bottom: 0px; margin-left: 0px; padding: 0px; font-family: &quot;Open Sans&quot;; line-height: 27px; color: rgb(33, 37, 41); font-size: inherit; font-weight: inherit; white-space-collapse: preserve-breaks; border-radius: 0px; -webkit-tap-highlight-color: rgba(0, 0, 0, 0); border: 0px; vertical-align: baseline;\"><span style=\"font-size: inherit; font-weight: inherit;\">The amenities are designed to make your life easy, exciting and luxurious. The society boasts of manicured landscaping and includes lifts, intercom facility, security/fire alarm, maintenance staff, security personnel, visitor parking, swimming pool, gym, clubhouse, rainwater harvesting, piped gas, water storage, waste disposal and park.1</span></p>',	'uploads/testimonials/1749125383.jpg',	'Software Developer',	'admin@gmail.com',	'Create',	1,	'2025-03-03 07:31:49',	'2025-06-05 06:39:43'),
(2,	'Sophia Davis',	'<div>Had a great experience! The whole process was quick and easy, and I got the highest price for my Duster. Surjeet Pal, <br></div><div><br>who came to pick up the car, was professional and polite, making me feel comfortable handing it over.</div>',	'uploads/testimonials/1741086908.jpg',	'Full stack developer',	'admin@gmail.com',	'Create',	1,	'2025-03-03 07:31:49',	'2025-06-05 04:57:19'),
(3,	'John Smith',	'<div>Had a great experience! The whole process was quick and easy, and I got the highest price for my Duster. Surjeet Pal, <br></div><div><br>who came to pick up the car, was professional and polite, making me feel comfortable handing it over.</div>',	'uploads/testimonials/1741086922.jpg',	'Magento Developer',	'admin@gmail.com',	'Create',	1,	'2025-03-03 07:31:49',	'2025-06-05 04:57:29'),
(4,	'sdfhghjkll',	'<p>asDfhjkl;;</p>',	'uploads/testimonials/1750234297_user.jpg',	'sfdagfhjkl;',	'admin@gmail.com',	'Create',	1,	'2025-06-18 02:41:37',	'2025-06-18 02:41:37');

DROP TABLE IF EXISTS `users`;
CREATE TABLE `users` (
  `id` bigint unsigned NOT NULL AUTO_INCREMENT,
  `avatar` varchar(255) CHARACTER SET utf8mb4 COLLATE utf8mb4_unicode_ci NOT NULL DEFAULT '/uploads/avatar.png',
  `name` varchar(255) CHARACTER SET utf8mb4 COLLATE utf8mb4_unicode_ci NOT NULL,
  `email` varchar(255) CHARACTER SET utf8mb4 COLLATE utf8mb4_unicode_ci NOT NULL,
  `phone_number` varchar(255) CHARACTER SET utf8mb4 COLLATE utf8mb4_unicode_ci DEFAULT NULL,
  `whatsapp_number` varchar(255) CHARACTER SET utf8mb4 COLLATE utf8mb4_unicode_ci DEFAULT NULL,
  `address` varchar(500) CHARACTER SET utf8mb4 COLLATE utf8mb4_unicode_ci DEFAULT NULL,
  `role` enum('buyer','admin','seller','moderator','middle_man') CHARACTER SET utf8mb4 COLLATE utf8mb4_unicode_ci NOT NULL,
  `status` enum('pending','approve','reject','deleted') CHARACTER SET utf8mb4 COLLATE utf8mb4_unicode_ci NOT NULL,
  `email_verified_at` timestamp NULL DEFAULT NULL,
  `password` varchar(255) CHARACTER SET utf8mb4 COLLATE utf8mb4_unicode_ci NOT NULL,
  `remember_token` varchar(100) CHARACTER SET utf8mb4 COLLATE utf8mb4_unicode_ci DEFAULT NULL,
  `created_at` timestamp NULL DEFAULT NULL,
  `updated_at` timestamp NULL DEFAULT NULL,
  PRIMARY KEY (`id`),
  UNIQUE KEY `users_email_unique` (`email`)
) ENGINE=InnoDB DEFAULT CHARSET=utf8mb4 COLLATE=utf8mb4_unicode_ci;

INSERT INTO `users` (`id`, `avatar`, `name`, `email`, `phone_number`, `whatsapp_number`, `address`, `role`, `status`, `email_verified_at`, `password`, `remember_token`, `created_at`, `updated_at`) VALUES
(1,	'/uploads/avatar.png',	'Admin',	'admin@gmail.com',	NULL,	NULL,	NULL,	'admin',	'approve',	NULL,	'$2y$10$92IXUNpkjO0rOQ5byMi.Ye4oKoEa3Ro9llC/.og/at2.uheWG/igi',	NULL,	NULL,	NULL),
(2,	'/uploads/avatar.png',	'User',	'user@gmail.com',	'9899898529',	'9899898529',	NULL,	'buyer',	'approve',	NULL,	'$2y$10$92IXUNpkjO0rOQ5byMi.Ye4oKoEa3Ro9llC/.og/at2.uheWG/igi',	NULL,	NULL,	NULL),
(3,	'/uploads/avatar.png',	'Selle User',	'seller@gmail.com',	'9899898529',	'9899898529',	'C-45t Sector 15 Noida UP',	'seller',	'approve',	NULL,	'$2y$12$2KoD57wC/vWr3GeGLcb4GOyLJzDkBxNkJ9TQV80zd56jbSCyS/qby',	NULL,	'2025-03-03 07:41:26',	'2025-03-17 03:09:46');

-- 2025-08-02 04:32:19
