-- Adminer 4.8.1 MySQL 8.0.35-0ubuntu0.20.04.1 dump

SET NAMES utf8;
SET time_zone = '+00:00';
SET foreign_key_checks = 0;
SET sql_mode = 'NO_AUTO_VALUE_ON_ZERO';

SET NAMES utf8mb4;

DROP TABLE IF EXISTS `blood_groups`;
CREATE TABLE `blood_groups` (
  `id` int unsigned NOT NULL AUTO_INCREMENT,
  `name` varchar(255) COLLATE utf8mb4_unicode_ci NOT NULL,
  `created_at` timestamp NULL DEFAULT NULL,
  `updated_at` timestamp NULL DEFAULT NULL,
  PRIMARY KEY (`id`)
) ENGINE=InnoDB DEFAULT CHARSET=utf8mb4 COLLATE=utf8mb4_unicode_ci;

INSERT INTO `blood_groups` (`id`, `name`, `created_at`, `updated_at`) VALUES
(1,	'O-',	'2023-09-15 04:23:29',	'2023-09-15 04:23:29'),
(2,	'O+',	'2023-09-15 04:23:29',	'2023-09-15 04:23:29'),
(3,	'A+',	'2023-09-15 04:23:29',	'2023-09-15 04:23:29'),
(4,	'A-',	'2023-09-15 04:23:29',	'2023-09-15 04:23:29'),
(5,	'B+',	'2023-09-15 04:23:29',	'2023-09-15 04:23:29'),
(6,	'B-',	'2023-09-15 04:23:29',	'2023-09-15 04:23:29'),
(7,	'AB+',	'2023-09-15 04:23:29',	'2023-09-15 04:23:29'),
(8,	'AB-',	'2023-09-15 04:23:29',	'2023-09-15 04:23:29');

DROP TABLE IF EXISTS `book_requests`;
CREATE TABLE `book_requests` (
  `id` int unsigned NOT NULL AUTO_INCREMENT,
  `book_id` int unsigned NOT NULL,
  `user_id` int unsigned NOT NULL,
  `start_date` varchar(255) COLLATE utf8mb4_unicode_ci NOT NULL,
  `end_date` varchar(255) COLLATE utf8mb4_unicode_ci NOT NULL,
  `returned` varchar(255) COLLATE utf8mb4_unicode_ci NOT NULL DEFAULT '0',
  `status` varchar(255) COLLATE utf8mb4_unicode_ci DEFAULT NULL,
  `created_at` timestamp NULL DEFAULT NULL,
  `updated_at` timestamp NULL DEFAULT NULL,
  PRIMARY KEY (`id`),
  KEY `book_requests_book_id_foreign` (`book_id`),
  KEY `book_requests_user_id_foreign` (`user_id`),
  CONSTRAINT `book_requests_book_id_foreign` FOREIGN KEY (`book_id`) REFERENCES `books` (`id`) ON DELETE CASCADE,
  CONSTRAINT `book_requests_user_id_foreign` FOREIGN KEY (`user_id`) REFERENCES `users` (`id`) ON DELETE CASCADE
) ENGINE=InnoDB DEFAULT CHARSET=utf8mb4 COLLATE=utf8mb4_unicode_ci;


DROP TABLE IF EXISTS `books`;
CREATE TABLE `books` (
  `id` int unsigned NOT NULL AUTO_INCREMENT,
  `name` varchar(100) COLLATE utf8mb4_unicode_ci NOT NULL,
  `my_class_id` int unsigned DEFAULT NULL,
  `description` varchar(255) COLLATE utf8mb4_unicode_ci DEFAULT NULL,
  `author` varchar(255) COLLATE utf8mb4_unicode_ci DEFAULT NULL,
  `book_type` varchar(255) COLLATE utf8mb4_unicode_ci DEFAULT NULL,
  `url` varchar(255) COLLATE utf8mb4_unicode_ci DEFAULT NULL,
  `location` varchar(255) COLLATE utf8mb4_unicode_ci DEFAULT NULL,
  `total_copies` int DEFAULT NULL,
  `issued_copies` int DEFAULT NULL,
  `created_at` timestamp NULL DEFAULT NULL,
  `updated_at` timestamp NULL DEFAULT NULL,
  PRIMARY KEY (`id`),
  KEY `books_my_class_id_foreign` (`my_class_id`),
  CONSTRAINT `books_my_class_id_foreign` FOREIGN KEY (`my_class_id`) REFERENCES `my_classes` (`id`) ON DELETE CASCADE
) ENGINE=InnoDB DEFAULT CHARSET=utf8mb4 COLLATE=utf8mb4_unicode_ci;


DROP TABLE IF EXISTS `class_types`;
CREATE TABLE `class_types` (
  `id` int unsigned NOT NULL AUTO_INCREMENT,
  `name` varchar(255) COLLATE utf8mb4_unicode_ci NOT NULL,
  `code` varchar(255) COLLATE utf8mb4_unicode_ci NOT NULL,
  `created_at` timestamp NULL DEFAULT NULL,
  `updated_at` timestamp NULL DEFAULT NULL,
  PRIMARY KEY (`id`)
) ENGINE=InnoDB DEFAULT CHARSET=utf8mb4 COLLATE=utf8mb4_unicode_ci;

INSERT INTO `class_types` (`id`, `name`, `code`, `created_at`, `updated_at`) VALUES
(1,	'Creche',	'C',	NULL,	NULL),
(2,	'Pre Nursery',	'PN',	NULL,	NULL),
(3,	'Nursery',	'N',	NULL,	NULL),
(4,	'Primary',	'P',	NULL,	NULL),
(5,	'Junior Secondary',	'J',	NULL,	NULL),
(6,	'Senior Secondary',	'S',	NULL,	NULL);

DROP TABLE IF EXISTS `dorms`;
CREATE TABLE `dorms` (
  `id` int unsigned NOT NULL AUTO_INCREMENT,
  `name` varchar(100) COLLATE utf8mb4_unicode_ci NOT NULL,
  `description` varchar(255) COLLATE utf8mb4_unicode_ci DEFAULT NULL,
  `created_at` timestamp NULL DEFAULT NULL,
  `updated_at` timestamp NULL DEFAULT NULL,
  PRIMARY KEY (`id`),
  UNIQUE KEY `dorms_name_unique` (`name`)
) ENGINE=InnoDB DEFAULT CHARSET=utf8mb4 COLLATE=utf8mb4_unicode_ci;

INSERT INTO `dorms` (`id`, `name`, `description`, `created_at`, `updated_at`) VALUES
(1,	'Faith Hostel',	NULL,	NULL,	NULL),
(2,	'Peace Hostel',	NULL,	NULL,	NULL),
(3,	'Grace Hostel',	NULL,	NULL,	NULL),
(4,	'Success Hostel',	NULL,	NULL,	NULL),
(5,	'Trust Hostel',	NULL,	NULL,	NULL);

DROP TABLE IF EXISTS `exam_records`;
CREATE TABLE `exam_records` (
  `id` int unsigned NOT NULL AUTO_INCREMENT,
  `exam_id` int unsigned NOT NULL,
  `student_id` int unsigned NOT NULL,
  `my_class_id` int unsigned NOT NULL,
  `section_id` int unsigned NOT NULL,
  `total` int DEFAULT NULL,
  `ave` varchar(255) COLLATE utf8mb4_unicode_ci DEFAULT NULL,
  `class_ave` varchar(255) COLLATE utf8mb4_unicode_ci DEFAULT NULL,
  `pos` int DEFAULT NULL,
  `af` varchar(255) COLLATE utf8mb4_unicode_ci DEFAULT NULL,
  `ps` varchar(255) COLLATE utf8mb4_unicode_ci DEFAULT NULL,
  `p_comment` varchar(255) COLLATE utf8mb4_unicode_ci DEFAULT NULL,
  `t_comment` varchar(255) COLLATE utf8mb4_unicode_ci DEFAULT NULL,
  `year` varchar(255) COLLATE utf8mb4_unicode_ci NOT NULL,
  `created_at` timestamp NULL DEFAULT NULL,
  `updated_at` timestamp NULL DEFAULT NULL,
  PRIMARY KEY (`id`),
  KEY `exam_records_exam_id_foreign` (`exam_id`),
  KEY `exam_records_my_class_id_foreign` (`my_class_id`),
  KEY `exam_records_student_id_foreign` (`student_id`),
  KEY `exam_records_section_id_foreign` (`section_id`),
  CONSTRAINT `exam_records_exam_id_foreign` FOREIGN KEY (`exam_id`) REFERENCES `exams` (`id`) ON DELETE CASCADE,
  CONSTRAINT `exam_records_my_class_id_foreign` FOREIGN KEY (`my_class_id`) REFERENCES `my_classes` (`id`) ON DELETE CASCADE,
  CONSTRAINT `exam_records_section_id_foreign` FOREIGN KEY (`section_id`) REFERENCES `sections` (`id`) ON DELETE CASCADE,
  CONSTRAINT `exam_records_student_id_foreign` FOREIGN KEY (`student_id`) REFERENCES `users` (`id`) ON DELETE CASCADE
) ENGINE=InnoDB DEFAULT CHARSET=utf8mb4 COLLATE=utf8mb4_unicode_ci;


DROP TABLE IF EXISTS `exams`;
CREATE TABLE `exams` (
  `id` int unsigned NOT NULL AUTO_INCREMENT,
  `name` varchar(255) COLLATE utf8mb4_unicode_ci NOT NULL,
  `term` tinyint NOT NULL,
  `year` varchar(40) COLLATE utf8mb4_unicode_ci NOT NULL,
  `created_at` timestamp NULL DEFAULT NULL,
  `updated_at` timestamp NULL DEFAULT NULL,
  PRIMARY KEY (`id`),
  UNIQUE KEY `exams_term_year_unique` (`term`,`year`)
) ENGINE=InnoDB DEFAULT CHARSET=utf8mb4 COLLATE=utf8mb4_unicode_ci;


DROP TABLE IF EXISTS `grades`;
CREATE TABLE `grades` (
  `id` int unsigned NOT NULL AUTO_INCREMENT,
  `name` varchar(40) COLLATE utf8mb4_unicode_ci NOT NULL,
  `class_type_id` int unsigned DEFAULT NULL,
  `mark_from` tinyint NOT NULL,
  `mark_to` tinyint NOT NULL,
  `remark` varchar(40) COLLATE utf8mb4_unicode_ci DEFAULT NULL,
  `created_at` timestamp NULL DEFAULT NULL,
  `updated_at` timestamp NULL DEFAULT NULL,
  PRIMARY KEY (`id`),
  UNIQUE KEY `grades_name_class_type_id_remark_unique` (`name`,`class_type_id`,`remark`),
  KEY `grades_class_type_id_foreign` (`class_type_id`),
  CONSTRAINT `grades_class_type_id_foreign` FOREIGN KEY (`class_type_id`) REFERENCES `class_types` (`id`) ON DELETE CASCADE
) ENGINE=InnoDB DEFAULT CHARSET=utf8mb4 COLLATE=utf8mb4_unicode_ci;

INSERT INTO `grades` (`id`, `name`, `class_type_id`, `mark_from`, `mark_to`, `remark`, `created_at`, `updated_at`) VALUES
(1,	'A',	NULL,	70,	100,	'Excellent',	NULL,	NULL),
(2,	'B',	NULL,	60,	69,	'Very Good',	NULL,	NULL),
(3,	'C',	NULL,	50,	59,	'Good',	NULL,	NULL),
(4,	'D',	NULL,	45,	49,	'Pass',	NULL,	NULL),
(5,	'E',	NULL,	40,	44,	'Poor',	NULL,	NULL),
(6,	'F',	NULL,	0,	39,	'Fail',	NULL,	NULL);

DROP TABLE IF EXISTS `lgas`;
CREATE TABLE `lgas` (
  `id` int unsigned NOT NULL AUTO_INCREMENT,
  `state_id` int unsigned NOT NULL,
  `name` varchar(255) COLLATE utf8mb4_unicode_ci NOT NULL,
  `created_at` timestamp NULL DEFAULT NULL,
  `updated_at` timestamp NULL DEFAULT NULL,
  PRIMARY KEY (`id`),
  KEY `lgas_state_id_foreign` (`state_id`),
  CONSTRAINT `lgas_state_id_foreign` FOREIGN KEY (`state_id`) REFERENCES `states` (`id`) ON DELETE CASCADE
) ENGINE=InnoDB DEFAULT CHARSET=utf8mb4 COLLATE=utf8mb4_unicode_ci;

INSERT INTO `lgas` (`id`, `state_id`, `name`, `created_at`, `updated_at`) VALUES
(1,	1,	'Aba North',	'2023-09-15 04:23:29',	'2023-09-15 04:23:29'),
(2,	1,	'Aba South',	'2023-09-15 04:23:29',	'2023-09-15 04:23:29'),
(3,	1,	'Arochukwu',	'2023-09-15 04:23:29',	'2023-09-15 04:23:29'),
(4,	1,	'Bende',	'2023-09-15 04:23:29',	'2023-09-15 04:23:29'),
(5,	1,	'Ikwuano',	'2023-09-15 04:23:29',	'2023-09-15 04:23:29'),
(6,	1,	'Isiala Ngwa North',	'2023-09-15 04:23:29',	'2023-09-15 04:23:29'),
(7,	1,	'Isiala Ngwa South',	'2023-09-15 04:23:29',	'2023-09-15 04:23:29'),
(8,	1,	'Isuikwuato',	'2023-09-15 04:23:29',	'2023-09-15 04:23:29'),
(9,	1,	'Obi Ngwa',	'2023-09-15 04:23:29',	'2023-09-15 04:23:29'),
(10,	1,	'Ohafia',	'2023-09-15 04:23:29',	'2023-09-15 04:23:29'),
(11,	1,	'Osisioma',	'2023-09-15 04:23:29',	'2023-09-15 04:23:29'),
(12,	1,	'Ugwunagbo',	'2023-09-15 04:23:29',	'2023-09-15 04:23:29'),
(13,	1,	'Ukwa East',	'2023-09-15 04:23:29',	'2023-09-15 04:23:29'),
(14,	1,	'Ukwa West',	'2023-09-15 04:23:29',	'2023-09-15 04:23:29'),
(15,	1,	'Umuahia North',	'2023-09-15 04:23:29',	'2023-09-15 04:23:29'),
(16,	1,	'Umuahia South',	'2023-09-15 04:23:29',	'2023-09-15 04:23:29'),
(17,	1,	'Umu Nneochi',	'2023-09-15 04:23:29',	'2023-09-15 04:23:29'),
(18,	2,	'Demsa',	'2023-09-15 04:23:29',	'2023-09-15 04:23:29'),
(19,	2,	'Fufure',	'2023-09-15 04:23:29',	'2023-09-15 04:23:29'),
(20,	2,	'Ganye',	'2023-09-15 04:23:29',	'2023-09-15 04:23:29'),
(21,	2,	'Gayuk',	'2023-09-15 04:23:29',	'2023-09-15 04:23:29'),
(22,	2,	'Gombi',	'2023-09-15 04:23:29',	'2023-09-15 04:23:29'),
(23,	2,	'Grie',	'2023-09-15 04:23:29',	'2023-09-15 04:23:29'),
(24,	2,	'Hong',	'2023-09-15 04:23:29',	'2023-09-15 04:23:29'),
(25,	2,	'Jada',	'2023-09-15 04:23:29',	'2023-09-15 04:23:29'),
(26,	2,	'Larmurde',	'2023-09-15 04:23:29',	'2023-09-15 04:23:29'),
(27,	2,	'Madagali',	'2023-09-15 04:23:29',	'2023-09-15 04:23:29'),
(28,	2,	'Maiha',	'2023-09-15 04:23:29',	'2023-09-15 04:23:29'),
(29,	2,	'Mayo Belwa',	'2023-09-15 04:23:29',	'2023-09-15 04:23:29'),
(30,	2,	'Michika',	'2023-09-15 04:23:29',	'2023-09-15 04:23:29'),
(31,	2,	'Mubi North',	'2023-09-15 04:23:29',	'2023-09-15 04:23:29'),
(32,	2,	'Mubi South',	'2023-09-15 04:23:29',	'2023-09-15 04:23:29'),
(33,	2,	'Numan',	'2023-09-15 04:23:29',	'2023-09-15 04:23:29'),
(34,	2,	'Shelleng',	'2023-09-15 04:23:29',	'2023-09-15 04:23:29'),
(35,	2,	'Song',	'2023-09-15 04:23:29',	'2023-09-15 04:23:29'),
(36,	2,	'Toungo',	'2023-09-15 04:23:29',	'2023-09-15 04:23:29'),
(37,	2,	'Yola North',	'2023-09-15 04:23:29',	'2023-09-15 04:23:29'),
(38,	2,	'Yola South',	'2023-09-15 04:23:29',	'2023-09-15 04:23:29'),
(39,	3,	'Abak',	'2023-09-15 04:23:29',	'2023-09-15 04:23:29'),
(40,	3,	'Eastern Obolo',	'2023-09-15 04:23:29',	'2023-09-15 04:23:29'),
(41,	3,	'Eket',	'2023-09-15 04:23:29',	'2023-09-15 04:23:29'),
(42,	3,	'Esit Eket',	'2023-09-15 04:23:29',	'2023-09-15 04:23:29'),
(43,	3,	'Essien Udim',	'2023-09-15 04:23:29',	'2023-09-15 04:23:29'),
(44,	3,	'Etim Ekpo',	'2023-09-15 04:23:29',	'2023-09-15 04:23:29'),
(45,	3,	'Etinan',	'2023-09-15 04:23:29',	'2023-09-15 04:23:29'),
(46,	3,	'Ibeno',	'2023-09-15 04:23:29',	'2023-09-15 04:23:29'),
(47,	3,	'Ibesikpo Asutan',	'2023-09-15 04:23:29',	'2023-09-15 04:23:29'),
(48,	3,	'Ibiono-Ibom',	'2023-09-15 04:23:29',	'2023-09-15 04:23:29'),
(49,	3,	'Ika',	'2023-09-15 04:23:29',	'2023-09-15 04:23:29'),
(50,	3,	'Ikono',	'2023-09-15 04:23:29',	'2023-09-15 04:23:29'),
(51,	3,	'Ikot Abasi',	'2023-09-15 04:23:29',	'2023-09-15 04:23:29'),
(52,	3,	'Ikot Ekpene',	'2023-09-15 04:23:29',	'2023-09-15 04:23:29'),
(53,	3,	'Ini',	'2023-09-15 04:23:29',	'2023-09-15 04:23:29'),
(54,	3,	'Itu',	'2023-09-15 04:23:29',	'2023-09-15 04:23:29'),
(55,	3,	'Mbo',	'2023-09-15 04:23:29',	'2023-09-15 04:23:29'),
(56,	3,	'Mkpat-Enin',	'2023-09-15 04:23:29',	'2023-09-15 04:23:29'),
(57,	3,	'Nsit-Atai',	'2023-09-15 04:23:29',	'2023-09-15 04:23:29'),
(58,	3,	'Nsit-Ibom',	'2023-09-15 04:23:29',	'2023-09-15 04:23:29'),
(59,	3,	'Nsit-Ubium',	'2023-09-15 04:23:29',	'2023-09-15 04:23:29'),
(60,	3,	'Obot Akara',	'2023-09-15 04:23:29',	'2023-09-15 04:23:29'),
(61,	3,	'Okobo',	'2023-09-15 04:23:29',	'2023-09-15 04:23:29'),
(62,	3,	'Onna',	'2023-09-15 04:23:29',	'2023-09-15 04:23:29'),
(63,	3,	'Oron',	'2023-09-15 04:23:29',	'2023-09-15 04:23:29'),
(64,	3,	'Oruk Anam',	'2023-09-15 04:23:29',	'2023-09-15 04:23:29'),
(65,	3,	'Udung-Uko',	'2023-09-15 04:23:29',	'2023-09-15 04:23:29'),
(66,	3,	'Ukanafun',	'2023-09-15 04:23:29',	'2023-09-15 04:23:29'),
(67,	3,	'Uruan',	'2023-09-15 04:23:29',	'2023-09-15 04:23:29'),
(68,	3,	'Urue-Offong/Oruko',	'2023-09-15 04:23:29',	'2023-09-15 04:23:29'),
(69,	3,	'Uyo',	'2023-09-15 04:23:29',	'2023-09-15 04:23:29'),
(70,	4,	'Aguata',	'2023-09-15 04:23:29',	'2023-09-15 04:23:29'),
(71,	4,	'Anambra East',	'2023-09-15 04:23:29',	'2023-09-15 04:23:29'),
(72,	4,	'Anambra West',	'2023-09-15 04:23:29',	'2023-09-15 04:23:29'),
(73,	4,	'Anaocha',	'2023-09-15 04:23:29',	'2023-09-15 04:23:29'),
(74,	4,	'Awka North',	'2023-09-15 04:23:29',	'2023-09-15 04:23:29'),
(75,	4,	'Awka South',	'2023-09-15 04:23:29',	'2023-09-15 04:23:29'),
(76,	4,	'Ayamelum',	'2023-09-15 04:23:29',	'2023-09-15 04:23:29'),
(77,	4,	'Dunukofia',	'2023-09-15 04:23:29',	'2023-09-15 04:23:29'),
(78,	4,	'Ekwusigo',	'2023-09-15 04:23:29',	'2023-09-15 04:23:29'),
(79,	4,	'Idemili North',	'2023-09-15 04:23:29',	'2023-09-15 04:23:29'),
(80,	4,	'Idemili South',	'2023-09-15 04:23:29',	'2023-09-15 04:23:29'),
(81,	4,	'Ihiala',	'2023-09-15 04:23:29',	'2023-09-15 04:23:29'),
(82,	4,	'Njikoka',	'2023-09-15 04:23:29',	'2023-09-15 04:23:29'),
(83,	4,	'Nnewi North',	'2023-09-15 04:23:29',	'2023-09-15 04:23:29'),
(84,	4,	'Nnewi South',	'2023-09-15 04:23:29',	'2023-09-15 04:23:29'),
(85,	4,	'Ogbaru',	'2023-09-15 04:23:29',	'2023-09-15 04:23:29'),
(86,	4,	'Onitsha North',	'2023-09-15 04:23:29',	'2023-09-15 04:23:29'),
(87,	4,	'Onitsha South',	'2023-09-15 04:23:29',	'2023-09-15 04:23:29'),
(88,	4,	'Orumba North',	'2023-09-15 04:23:29',	'2023-09-15 04:23:29'),
(89,	4,	'Orumba South',	'2023-09-15 04:23:29',	'2023-09-15 04:23:29'),
(90,	4,	'Oyi',	'2023-09-15 04:23:29',	'2023-09-15 04:23:29'),
(91,	5,	'Alkaleri',	'2023-09-15 04:23:29',	'2023-09-15 04:23:29'),
(92,	5,	'Bauchi',	'2023-09-15 04:23:29',	'2023-09-15 04:23:29'),
(93,	5,	'Bogoro',	'2023-09-15 04:23:29',	'2023-09-15 04:23:29'),
(94,	5,	'Damban',	'2023-09-15 04:23:29',	'2023-09-15 04:23:29'),
(95,	5,	'Darazo',	'2023-09-15 04:23:29',	'2023-09-15 04:23:29'),
(96,	5,	'Dass',	'2023-09-15 04:23:29',	'2023-09-15 04:23:29'),
(97,	5,	'Gamawa',	'2023-09-15 04:23:29',	'2023-09-15 04:23:29'),
(98,	5,	'Ganjuwa',	'2023-09-15 04:23:29',	'2023-09-15 04:23:29'),
(99,	5,	'Giade',	'2023-09-15 04:23:29',	'2023-09-15 04:23:29'),
(100,	5,	'Itas/Gadau',	'2023-09-15 04:23:29',	'2023-09-15 04:23:29'),
(101,	5,	'Jama\'are',	'2023-09-15 04:23:29',	'2023-09-15 04:23:29'),
(102,	5,	'Katagum',	'2023-09-15 04:23:29',	'2023-09-15 04:23:29'),
(103,	5,	'Kirfi',	'2023-09-15 04:23:29',	'2023-09-15 04:23:29'),
(104,	5,	'Misau',	'2023-09-15 04:23:29',	'2023-09-15 04:23:29'),
(105,	5,	'Ningi',	'2023-09-15 04:23:29',	'2023-09-15 04:23:29'),
(106,	5,	'Shira',	'2023-09-15 04:23:29',	'2023-09-15 04:23:29'),
(107,	5,	'Tafawa Balewa',	'2023-09-15 04:23:29',	'2023-09-15 04:23:29'),
(108,	5,	'Toro',	'2023-09-15 04:23:29',	'2023-09-15 04:23:29'),
(109,	5,	'Warji',	'2023-09-15 04:23:29',	'2023-09-15 04:23:29'),
(110,	5,	'Zaki',	'2023-09-15 04:23:29',	'2023-09-15 04:23:29'),
(111,	6,	'Brass',	'2023-09-15 04:23:29',	'2023-09-15 04:23:29'),
(112,	6,	'Ekeremor',	'2023-09-15 04:23:29',	'2023-09-15 04:23:29'),
(113,	6,	'Kolokuma/Opokuma',	'2023-09-15 04:23:29',	'2023-09-15 04:23:29'),
(114,	6,	'Nembe',	'2023-09-15 04:23:29',	'2023-09-15 04:23:29'),
(115,	6,	'Ogbia',	'2023-09-15 04:23:29',	'2023-09-15 04:23:29'),
(116,	6,	'Sagbama',	'2023-09-15 04:23:29',	'2023-09-15 04:23:29'),
(117,	6,	'Southern Ijaw',	'2023-09-15 04:23:29',	'2023-09-15 04:23:29'),
(118,	6,	'Yenagoa',	'2023-09-15 04:23:29',	'2023-09-15 04:23:29'),
(119,	7,	'Agatu',	'2023-09-15 04:23:29',	'2023-09-15 04:23:29'),
(120,	7,	'Apa',	'2023-09-15 04:23:29',	'2023-09-15 04:23:29'),
(121,	7,	'Ado',	'2023-09-15 04:23:29',	'2023-09-15 04:23:29'),
(122,	7,	'Buruku',	'2023-09-15 04:23:29',	'2023-09-15 04:23:29'),
(123,	7,	'Gboko',	'2023-09-15 04:23:29',	'2023-09-15 04:23:29'),
(124,	7,	'Guma',	'2023-09-15 04:23:29',	'2023-09-15 04:23:29'),
(125,	7,	'Gwer East',	'2023-09-15 04:23:29',	'2023-09-15 04:23:29'),
(126,	7,	'Gwer West',	'2023-09-15 04:23:29',	'2023-09-15 04:23:29'),
(127,	7,	'Katsina-Ala',	'2023-09-15 04:23:29',	'2023-09-15 04:23:29'),
(128,	7,	'Konshisha',	'2023-09-15 04:23:29',	'2023-09-15 04:23:29'),
(129,	7,	'Kwande',	'2023-09-15 04:23:29',	'2023-09-15 04:23:29'),
(130,	7,	'Logo',	'2023-09-15 04:23:29',	'2023-09-15 04:23:29'),
(131,	7,	'Makurdi',	'2023-09-15 04:23:29',	'2023-09-15 04:23:29'),
(132,	7,	'Obi',	'2023-09-15 04:23:29',	'2023-09-15 04:23:29'),
(133,	7,	'Ogbadibo',	'2023-09-15 04:23:29',	'2023-09-15 04:23:29'),
(134,	7,	'Ohimini',	'2023-09-15 04:23:29',	'2023-09-15 04:23:29'),
(135,	7,	'Oju',	'2023-09-15 04:23:29',	'2023-09-15 04:23:29'),
(136,	7,	'Okpokwu',	'2023-09-15 04:23:29',	'2023-09-15 04:23:29'),
(137,	7,	'Oturkpo',	'2023-09-15 04:23:29',	'2023-09-15 04:23:29'),
(138,	7,	'Tarka',	'2023-09-15 04:23:29',	'2023-09-15 04:23:29'),
(139,	7,	'Ukum',	'2023-09-15 04:23:29',	'2023-09-15 04:23:29'),
(140,	7,	'Ushongo',	'2023-09-15 04:23:29',	'2023-09-15 04:23:29'),
(141,	7,	'Vandeikya',	'2023-09-15 04:23:29',	'2023-09-15 04:23:29'),
(142,	8,	'Abadam',	'2023-09-15 04:23:29',	'2023-09-15 04:23:29'),
(143,	8,	'Askira/Uba',	'2023-09-15 04:23:29',	'2023-09-15 04:23:29'),
(144,	8,	'Bama',	'2023-09-15 04:23:29',	'2023-09-15 04:23:29'),
(145,	8,	'Bayo',	'2023-09-15 04:23:29',	'2023-09-15 04:23:29'),
(146,	8,	'Biu',	'2023-09-15 04:23:29',	'2023-09-15 04:23:29'),
(147,	8,	'Chibok',	'2023-09-15 04:23:29',	'2023-09-15 04:23:29'),
(148,	8,	'Damboa',	'2023-09-15 04:23:29',	'2023-09-15 04:23:29'),
(149,	8,	'Dikwa',	'2023-09-15 04:23:29',	'2023-09-15 04:23:29'),
(150,	8,	'Gubio',	'2023-09-15 04:23:29',	'2023-09-15 04:23:29'),
(151,	8,	'Guzamala',	'2023-09-15 04:23:29',	'2023-09-15 04:23:29'),
(152,	8,	'Gwoza',	'2023-09-15 04:23:29',	'2023-09-15 04:23:29'),
(153,	8,	'Hawul',	'2023-09-15 04:23:29',	'2023-09-15 04:23:29'),
(154,	8,	'Jere',	'2023-09-15 04:23:29',	'2023-09-15 04:23:29'),
(155,	8,	'Kaga',	'2023-09-15 04:23:29',	'2023-09-15 04:23:29'),
(156,	8,	'Kala/Balge',	'2023-09-15 04:23:29',	'2023-09-15 04:23:29'),
(157,	8,	'Konduga',	'2023-09-15 04:23:29',	'2023-09-15 04:23:29'),
(158,	8,	'Kukawa',	'2023-09-15 04:23:29',	'2023-09-15 04:23:29'),
(159,	8,	'Kwaya Kusar',	'2023-09-15 04:23:29',	'2023-09-15 04:23:29'),
(160,	8,	'Mafa',	'2023-09-15 04:23:29',	'2023-09-15 04:23:29'),
(161,	8,	'Magumeri',	'2023-09-15 04:23:29',	'2023-09-15 04:23:29'),
(162,	8,	'Maiduguri',	'2023-09-15 04:23:29',	'2023-09-15 04:23:29'),
(163,	8,	'Marte',	'2023-09-15 04:23:29',	'2023-09-15 04:23:29'),
(164,	8,	'Mobbar',	'2023-09-15 04:23:29',	'2023-09-15 04:23:29'),
(165,	8,	'Monguno',	'2023-09-15 04:23:29',	'2023-09-15 04:23:29'),
(166,	8,	'Ngala',	'2023-09-15 04:23:29',	'2023-09-15 04:23:29'),
(167,	8,	'Nganzai',	'2023-09-15 04:23:29',	'2023-09-15 04:23:29'),
(168,	8,	'Shani',	'2023-09-15 04:23:29',	'2023-09-15 04:23:29'),
(169,	9,	'Abi',	'2023-09-15 04:23:29',	'2023-09-15 04:23:29'),
(170,	9,	'Akamkpa',	'2023-09-15 04:23:29',	'2023-09-15 04:23:29'),
(171,	9,	'Akpabuyo',	'2023-09-15 04:23:29',	'2023-09-15 04:23:29'),
(172,	9,	'Bakassi',	'2023-09-15 04:23:29',	'2023-09-15 04:23:29'),
(173,	9,	'Bekwarra',	'2023-09-15 04:23:29',	'2023-09-15 04:23:29'),
(174,	9,	'Biase',	'2023-09-15 04:23:29',	'2023-09-15 04:23:29'),
(175,	9,	'Boki',	'2023-09-15 04:23:29',	'2023-09-15 04:23:29'),
(176,	9,	'Calabar Municipal',	'2023-09-15 04:23:29',	'2023-09-15 04:23:29'),
(177,	9,	'Calabar South',	'2023-09-15 04:23:29',	'2023-09-15 04:23:29'),
(178,	9,	'Etung',	'2023-09-15 04:23:29',	'2023-09-15 04:23:29'),
(179,	9,	'Ikom',	'2023-09-15 04:23:29',	'2023-09-15 04:23:29'),
(180,	9,	'Obanliku',	'2023-09-15 04:23:29',	'2023-09-15 04:23:29'),
(181,	9,	'Obubra',	'2023-09-15 04:23:29',	'2023-09-15 04:23:29'),
(182,	9,	'Obudu',	'2023-09-15 04:23:29',	'2023-09-15 04:23:29'),
(183,	9,	'Odukpani',	'2023-09-15 04:23:29',	'2023-09-15 04:23:29'),
(184,	9,	'Ogoja',	'2023-09-15 04:23:29',	'2023-09-15 04:23:29'),
(185,	9,	'Yakuur',	'2023-09-15 04:23:29',	'2023-09-15 04:23:29'),
(186,	9,	'Yala',	'2023-09-15 04:23:29',	'2023-09-15 04:23:29'),
(187,	10,	'Aniocha North',	'2023-09-15 04:23:29',	'2023-09-15 04:23:29'),
(188,	10,	'Aniocha South',	'2023-09-15 04:23:29',	'2023-09-15 04:23:29'),
(189,	10,	'Bomadi',	'2023-09-15 04:23:29',	'2023-09-15 04:23:29'),
(190,	10,	'Burutu',	'2023-09-15 04:23:29',	'2023-09-15 04:23:29'),
(191,	10,	'Ethiope East',	'2023-09-15 04:23:29',	'2023-09-15 04:23:29'),
(192,	10,	'Ethiope West',	'2023-09-15 04:23:29',	'2023-09-15 04:23:29'),
(193,	10,	'Ika North East',	'2023-09-15 04:23:29',	'2023-09-15 04:23:29'),
(194,	10,	'Ika South',	'2023-09-15 04:23:29',	'2023-09-15 04:23:29'),
(195,	10,	'Isoko North',	'2023-09-15 04:23:29',	'2023-09-15 04:23:29'),
(196,	10,	'Isoko South',	'2023-09-15 04:23:29',	'2023-09-15 04:23:29'),
(197,	10,	'Ndokwa East',	'2023-09-15 04:23:29',	'2023-09-15 04:23:29'),
(198,	10,	'Ndokwa West',	'2023-09-15 04:23:29',	'2023-09-15 04:23:29'),
(199,	10,	'Okpe',	'2023-09-15 04:23:29',	'2023-09-15 04:23:29'),
(200,	10,	'Oshimili North',	'2023-09-15 04:23:29',	'2023-09-15 04:23:29'),
(201,	10,	'Oshimili South',	'2023-09-15 04:23:29',	'2023-09-15 04:23:29'),
(202,	10,	'Patani',	'2023-09-15 04:23:29',	'2023-09-15 04:23:29'),
(203,	10,	'Sapele, Delta',	'2023-09-15 04:23:29',	'2023-09-15 04:23:29'),
(204,	10,	'Udu',	'2023-09-15 04:23:29',	'2023-09-15 04:23:29'),
(205,	10,	'Ughelli North',	'2023-09-15 04:23:29',	'2023-09-15 04:23:29'),
(206,	10,	'Ughelli South',	'2023-09-15 04:23:29',	'2023-09-15 04:23:29'),
(207,	10,	'Ukwuani',	'2023-09-15 04:23:29',	'2023-09-15 04:23:29'),
(208,	10,	'Uvwie',	'2023-09-15 04:23:29',	'2023-09-15 04:23:29'),
(209,	10,	'Warri North',	'2023-09-15 04:23:29',	'2023-09-15 04:23:29'),
(210,	10,	'Warri South',	'2023-09-15 04:23:29',	'2023-09-15 04:23:29'),
(211,	10,	'Warri South West',	'2023-09-15 04:23:29',	'2023-09-15 04:23:29'),
(212,	11,	'Abakaliki',	'2023-09-15 04:23:29',	'2023-09-15 04:23:29'),
(213,	11,	'Afikpo North',	'2023-09-15 04:23:29',	'2023-09-15 04:23:29'),
(214,	11,	'Afikpo South',	'2023-09-15 04:23:29',	'2023-09-15 04:23:29'),
(215,	11,	'Ebonyi',	'2023-09-15 04:23:29',	'2023-09-15 04:23:29'),
(216,	11,	'Ezza North',	'2023-09-15 04:23:29',	'2023-09-15 04:23:29'),
(217,	11,	'Ezza South',	'2023-09-15 04:23:29',	'2023-09-15 04:23:29'),
(218,	11,	'Ikwo',	'2023-09-15 04:23:29',	'2023-09-15 04:23:29'),
(219,	11,	'Ishielu',	'2023-09-15 04:23:29',	'2023-09-15 04:23:29'),
(220,	11,	'Ivo',	'2023-09-15 04:23:29',	'2023-09-15 04:23:29'),
(221,	11,	'Izzi',	'2023-09-15 04:23:29',	'2023-09-15 04:23:29'),
(222,	11,	'Ohaozara',	'2023-09-15 04:23:29',	'2023-09-15 04:23:29'),
(223,	11,	'Ohaukwu',	'2023-09-15 04:23:29',	'2023-09-15 04:23:29'),
(224,	11,	'Onicha',	'2023-09-15 04:23:29',	'2023-09-15 04:23:29'),
(225,	12,	'Akoko-Edo',	'2023-09-15 04:23:29',	'2023-09-15 04:23:29'),
(226,	12,	'Egor',	'2023-09-15 04:23:29',	'2023-09-15 04:23:29'),
(227,	12,	'Esan Central',	'2023-09-15 04:23:29',	'2023-09-15 04:23:29'),
(228,	12,	'Esan North-East',	'2023-09-15 04:23:29',	'2023-09-15 04:23:29'),
(229,	12,	'Esan South-East',	'2023-09-15 04:23:29',	'2023-09-15 04:23:29'),
(230,	12,	'Esan West',	'2023-09-15 04:23:29',	'2023-09-15 04:23:29'),
(231,	12,	'Etsako Central',	'2023-09-15 04:23:29',	'2023-09-15 04:23:29'),
(232,	12,	'Etsako East',	'2023-09-15 04:23:29',	'2023-09-15 04:23:29'),
(233,	12,	'Etsako West',	'2023-09-15 04:23:29',	'2023-09-15 04:23:29'),
(234,	12,	'Igueben',	'2023-09-15 04:23:29',	'2023-09-15 04:23:29'),
(235,	12,	'Ikpoba Okha',	'2023-09-15 04:23:29',	'2023-09-15 04:23:29'),
(236,	12,	'Orhionmwon',	'2023-09-15 04:23:29',	'2023-09-15 04:23:29'),
(237,	12,	'Oredo',	'2023-09-15 04:23:29',	'2023-09-15 04:23:29'),
(238,	12,	'Ovia North-East',	'2023-09-15 04:23:29',	'2023-09-15 04:23:29'),
(239,	12,	'Ovia South-West',	'2023-09-15 04:23:29',	'2023-09-15 04:23:29'),
(240,	12,	'Owan East',	'2023-09-15 04:23:29',	'2023-09-15 04:23:29'),
(241,	12,	'Owan West',	'2023-09-15 04:23:29',	'2023-09-15 04:23:29'),
(242,	12,	'Uhunmwonde',	'2023-09-15 04:23:29',	'2023-09-15 04:23:29'),
(243,	13,	'Ado Ekiti',	'2023-09-15 04:23:29',	'2023-09-15 04:23:29'),
(244,	13,	'Efon',	'2023-09-15 04:23:29',	'2023-09-15 04:23:29'),
(245,	13,	'Ekiti East',	'2023-09-15 04:23:30',	'2023-09-15 04:23:30'),
(246,	13,	'Ekiti South-West',	'2023-09-15 04:23:30',	'2023-09-15 04:23:30'),
(247,	13,	'Ekiti West',	'2023-09-15 04:23:30',	'2023-09-15 04:23:30'),
(248,	13,	'Emure',	'2023-09-15 04:23:30',	'2023-09-15 04:23:30'),
(249,	13,	'Gbonyin',	'2023-09-15 04:23:30',	'2023-09-15 04:23:30'),
(250,	13,	'Ido Osi',	'2023-09-15 04:23:30',	'2023-09-15 04:23:30'),
(251,	13,	'Ijero',	'2023-09-15 04:23:30',	'2023-09-15 04:23:30'),
(252,	13,	'Ikere',	'2023-09-15 04:23:30',	'2023-09-15 04:23:30'),
(253,	13,	'Ikole',	'2023-09-15 04:23:30',	'2023-09-15 04:23:30'),
(254,	13,	'Ilejemeje',	'2023-09-15 04:23:30',	'2023-09-15 04:23:30'),
(255,	13,	'Irepodun/Ifelodun',	'2023-09-15 04:23:30',	'2023-09-15 04:23:30'),
(256,	13,	'Ise/Orun',	'2023-09-15 04:23:30',	'2023-09-15 04:23:30'),
(257,	13,	'Moba',	'2023-09-15 04:23:30',	'2023-09-15 04:23:30'),
(258,	13,	'Oye',	'2023-09-15 04:23:30',	'2023-09-15 04:23:30'),
(259,	14,	'Aninri',	'2023-09-15 04:23:30',	'2023-09-15 04:23:30'),
(260,	14,	'Awgu',	'2023-09-15 04:23:30',	'2023-09-15 04:23:30'),
(261,	14,	'Enugu East',	'2023-09-15 04:23:30',	'2023-09-15 04:23:30'),
(262,	14,	'Enugu North',	'2023-09-15 04:23:30',	'2023-09-15 04:23:30'),
(263,	14,	'Enugu South',	'2023-09-15 04:23:30',	'2023-09-15 04:23:30'),
(264,	14,	'Ezeagu',	'2023-09-15 04:23:30',	'2023-09-15 04:23:30'),
(265,	14,	'Igbo Etiti',	'2023-09-15 04:23:30',	'2023-09-15 04:23:30'),
(266,	14,	'Igbo Eze North',	'2023-09-15 04:23:30',	'2023-09-15 04:23:30'),
(267,	14,	'Igbo Eze South',	'2023-09-15 04:23:30',	'2023-09-15 04:23:30'),
(268,	14,	'Isi Uzo',	'2023-09-15 04:23:30',	'2023-09-15 04:23:30'),
(269,	14,	'Nkanu East',	'2023-09-15 04:23:30',	'2023-09-15 04:23:30'),
(270,	14,	'Nkanu West',	'2023-09-15 04:23:30',	'2023-09-15 04:23:30'),
(271,	14,	'Nsukka',	'2023-09-15 04:23:30',	'2023-09-15 04:23:30'),
(272,	14,	'Oji River',	'2023-09-15 04:23:30',	'2023-09-15 04:23:30'),
(273,	14,	'Udenu',	'2023-09-15 04:23:30',	'2023-09-15 04:23:30'),
(274,	14,	'Udi',	'2023-09-15 04:23:30',	'2023-09-15 04:23:30'),
(275,	14,	'Uzo Uwani',	'2023-09-15 04:23:30',	'2023-09-15 04:23:30'),
(276,	15,	'Abaji',	'2023-09-15 04:23:30',	'2023-09-15 04:23:30'),
(277,	15,	'Bwari',	'2023-09-15 04:23:30',	'2023-09-15 04:23:30'),
(278,	15,	'Gwagwalada',	'2023-09-15 04:23:30',	'2023-09-15 04:23:30'),
(279,	15,	'Kuje',	'2023-09-15 04:23:30',	'2023-09-15 04:23:30'),
(280,	15,	'Kwali',	'2023-09-15 04:23:30',	'2023-09-15 04:23:30'),
(281,	15,	'Municipal Area Council',	'2023-09-15 04:23:30',	'2023-09-15 04:23:30'),
(282,	16,	'Akko',	'2023-09-15 04:23:30',	'2023-09-15 04:23:30'),
(283,	16,	'Balanga',	'2023-09-15 04:23:30',	'2023-09-15 04:23:30'),
(284,	16,	'Billiri',	'2023-09-15 04:23:30',	'2023-09-15 04:23:30'),
(285,	16,	'Dukku',	'2023-09-15 04:23:30',	'2023-09-15 04:23:30'),
(286,	16,	'Funakaye',	'2023-09-15 04:23:30',	'2023-09-15 04:23:30'),
(287,	16,	'Gombe',	'2023-09-15 04:23:30',	'2023-09-15 04:23:30'),
(288,	16,	'Kaltungo',	'2023-09-15 04:23:30',	'2023-09-15 04:23:30'),
(289,	16,	'Kwami',	'2023-09-15 04:23:30',	'2023-09-15 04:23:30'),
(290,	16,	'Nafada',	'2023-09-15 04:23:30',	'2023-09-15 04:23:30'),
(291,	16,	'Shongom',	'2023-09-15 04:23:30',	'2023-09-15 04:23:30'),
(292,	16,	'Yamaltu/Deba',	'2023-09-15 04:23:30',	'2023-09-15 04:23:30'),
(293,	17,	'Aboh Mbaise',	'2023-09-15 04:23:30',	'2023-09-15 04:23:30'),
(294,	17,	'Ahiazu Mbaise',	'2023-09-15 04:23:30',	'2023-09-15 04:23:30'),
(295,	17,	'Ehime Mbano',	'2023-09-15 04:23:30',	'2023-09-15 04:23:30'),
(296,	17,	'Ezinihitte',	'2023-09-15 04:23:30',	'2023-09-15 04:23:30'),
(297,	17,	'Ideato North',	'2023-09-15 04:23:30',	'2023-09-15 04:23:30'),
(298,	17,	'Ideato South',	'2023-09-15 04:23:30',	'2023-09-15 04:23:30'),
(299,	17,	'Ihitte/Uboma',	'2023-09-15 04:23:30',	'2023-09-15 04:23:30'),
(300,	17,	'Ikeduru',	'2023-09-15 04:23:30',	'2023-09-15 04:23:30'),
(301,	17,	'Isiala Mbano',	'2023-09-15 04:23:30',	'2023-09-15 04:23:30'),
(302,	17,	'Isu',	'2023-09-15 04:23:30',	'2023-09-15 04:23:30'),
(303,	17,	'Mbaitoli',	'2023-09-15 04:23:30',	'2023-09-15 04:23:30'),
(304,	17,	'Ngor Okpala',	'2023-09-15 04:23:30',	'2023-09-15 04:23:30'),
(305,	17,	'Njaba',	'2023-09-15 04:23:30',	'2023-09-15 04:23:30'),
(306,	17,	'Nkwerre',	'2023-09-15 04:23:30',	'2023-09-15 04:23:30'),
(307,	17,	'Nwangele',	'2023-09-15 04:23:30',	'2023-09-15 04:23:30'),
(308,	17,	'Obowo',	'2023-09-15 04:23:30',	'2023-09-15 04:23:30'),
(309,	17,	'Oguta',	'2023-09-15 04:23:30',	'2023-09-15 04:23:30'),
(310,	17,	'Ohaji/Egbema',	'2023-09-15 04:23:30',	'2023-09-15 04:23:30'),
(311,	17,	'Okigwe',	'2023-09-15 04:23:30',	'2023-09-15 04:23:30'),
(312,	17,	'Orlu',	'2023-09-15 04:23:30',	'2023-09-15 04:23:30'),
(313,	17,	'Orsu',	'2023-09-15 04:23:30',	'2023-09-15 04:23:30'),
(314,	17,	'Oru East',	'2023-09-15 04:23:30',	'2023-09-15 04:23:30'),
(315,	17,	'Oru West',	'2023-09-15 04:23:30',	'2023-09-15 04:23:30'),
(316,	17,	'Owerri Municipal',	'2023-09-15 04:23:30',	'2023-09-15 04:23:30'),
(317,	17,	'Owerri North',	'2023-09-15 04:23:30',	'2023-09-15 04:23:30'),
(318,	17,	'Owerri West',	'2023-09-15 04:23:30',	'2023-09-15 04:23:30'),
(319,	17,	'Unuimo',	'2023-09-15 04:23:30',	'2023-09-15 04:23:30'),
(320,	18,	'Auyo',	'2023-09-15 04:23:30',	'2023-09-15 04:23:30'),
(321,	18,	'Babura',	'2023-09-15 04:23:30',	'2023-09-15 04:23:30'),
(322,	18,	'Biriniwa',	'2023-09-15 04:23:30',	'2023-09-15 04:23:30'),
(323,	18,	'Birnin Kudu',	'2023-09-15 04:23:30',	'2023-09-15 04:23:30'),
(324,	18,	'Buji',	'2023-09-15 04:23:30',	'2023-09-15 04:23:30'),
(325,	18,	'Dutse',	'2023-09-15 04:23:30',	'2023-09-15 04:23:30'),
(326,	18,	'Gagarawa',	'2023-09-15 04:23:30',	'2023-09-15 04:23:30'),
(327,	18,	'Garki',	'2023-09-15 04:23:30',	'2023-09-15 04:23:30'),
(328,	18,	'Gumel',	'2023-09-15 04:23:30',	'2023-09-15 04:23:30'),
(329,	18,	'Guri',	'2023-09-15 04:23:30',	'2023-09-15 04:23:30'),
(330,	18,	'Gwaram',	'2023-09-15 04:23:30',	'2023-09-15 04:23:30'),
(331,	18,	'Gwiwa',	'2023-09-15 04:23:30',	'2023-09-15 04:23:30'),
(332,	18,	'Hadejia',	'2023-09-15 04:23:30',	'2023-09-15 04:23:30'),
(333,	18,	'Jahun',	'2023-09-15 04:23:30',	'2023-09-15 04:23:30'),
(334,	18,	'Kafin Hausa',	'2023-09-15 04:23:30',	'2023-09-15 04:23:30'),
(335,	18,	'Kazaure',	'2023-09-15 04:23:30',	'2023-09-15 04:23:30'),
(336,	18,	'Kiri Kasama',	'2023-09-15 04:23:30',	'2023-09-15 04:23:30'),
(337,	18,	'Kiyawa',	'2023-09-15 04:23:30',	'2023-09-15 04:23:30'),
(338,	18,	'Kaugama',	'2023-09-15 04:23:30',	'2023-09-15 04:23:30'),
(339,	18,	'Maigatari',	'2023-09-15 04:23:30',	'2023-09-15 04:23:30'),
(340,	18,	'Malam Madori',	'2023-09-15 04:23:30',	'2023-09-15 04:23:30'),
(341,	18,	'Miga',	'2023-09-15 04:23:30',	'2023-09-15 04:23:30'),
(342,	18,	'Ringim',	'2023-09-15 04:23:30',	'2023-09-15 04:23:30'),
(343,	18,	'Roni',	'2023-09-15 04:23:30',	'2023-09-15 04:23:30'),
(344,	18,	'Sule Tankarkar',	'2023-09-15 04:23:30',	'2023-09-15 04:23:30'),
(345,	18,	'Taura',	'2023-09-15 04:23:30',	'2023-09-15 04:23:30'),
(346,	18,	'Yankwashi',	'2023-09-15 04:23:30',	'2023-09-15 04:23:30'),
(347,	19,	'Birnin Gwari',	'2023-09-15 04:23:30',	'2023-09-15 04:23:30'),
(348,	19,	'Chikun',	'2023-09-15 04:23:30',	'2023-09-15 04:23:30'),
(349,	19,	'Giwa',	'2023-09-15 04:23:30',	'2023-09-15 04:23:30'),
(350,	19,	'Igabi',	'2023-09-15 04:23:30',	'2023-09-15 04:23:30'),
(351,	19,	'Ikara',	'2023-09-15 04:23:30',	'2023-09-15 04:23:30'),
(352,	19,	'Jaba',	'2023-09-15 04:23:30',	'2023-09-15 04:23:30'),
(353,	19,	'Jema\'a',	'2023-09-15 04:23:30',	'2023-09-15 04:23:30'),
(354,	19,	'Kachia',	'2023-09-15 04:23:30',	'2023-09-15 04:23:30'),
(355,	19,	'Kaduna North',	'2023-09-15 04:23:30',	'2023-09-15 04:23:30'),
(356,	19,	'Kaduna South',	'2023-09-15 04:23:30',	'2023-09-15 04:23:30'),
(357,	19,	'Kagarko',	'2023-09-15 04:23:30',	'2023-09-15 04:23:30'),
(358,	19,	'Kajuru',	'2023-09-15 04:23:30',	'2023-09-15 04:23:30'),
(359,	19,	'Kaura',	'2023-09-15 04:23:30',	'2023-09-15 04:23:30'),
(360,	19,	'Kauru',	'2023-09-15 04:23:30',	'2023-09-15 04:23:30'),
(361,	19,	'Kubau',	'2023-09-15 04:23:30',	'2023-09-15 04:23:30'),
(362,	19,	'Kudan',	'2023-09-15 04:23:30',	'2023-09-15 04:23:30'),
(363,	19,	'Lere',	'2023-09-15 04:23:30',	'2023-09-15 04:23:30'),
(364,	19,	'Makarfi',	'2023-09-15 04:23:30',	'2023-09-15 04:23:30'),
(365,	19,	'Sabon Gari',	'2023-09-15 04:23:30',	'2023-09-15 04:23:30'),
(366,	19,	'Sanga',	'2023-09-15 04:23:30',	'2023-09-15 04:23:30'),
(367,	19,	'Soba',	'2023-09-15 04:23:30',	'2023-09-15 04:23:30'),
(368,	19,	'Zangon Kataf',	'2023-09-15 04:23:30',	'2023-09-15 04:23:30'),
(369,	19,	'Zaria',	'2023-09-15 04:23:30',	'2023-09-15 04:23:30'),
(370,	20,	'Ajingi',	'2023-09-15 04:23:30',	'2023-09-15 04:23:30'),
(371,	20,	'Albasu',	'2023-09-15 04:23:30',	'2023-09-15 04:23:30'),
(372,	20,	'Bagwai',	'2023-09-15 04:23:30',	'2023-09-15 04:23:30'),
(373,	20,	'Bebeji',	'2023-09-15 04:23:30',	'2023-09-15 04:23:30'),
(374,	20,	'Bichi',	'2023-09-15 04:23:30',	'2023-09-15 04:23:30'),
(375,	20,	'Bunkure',	'2023-09-15 04:23:30',	'2023-09-15 04:23:30'),
(376,	20,	'Dala',	'2023-09-15 04:23:30',	'2023-09-15 04:23:30'),
(377,	20,	'Dambatta',	'2023-09-15 04:23:30',	'2023-09-15 04:23:30'),
(378,	20,	'Dawakin Kudu',	'2023-09-15 04:23:30',	'2023-09-15 04:23:30'),
(379,	20,	'Dawakin Tofa',	'2023-09-15 04:23:30',	'2023-09-15 04:23:30'),
(380,	20,	'Doguwa',	'2023-09-15 04:23:30',	'2023-09-15 04:23:30'),
(381,	20,	'Fagge',	'2023-09-15 04:23:30',	'2023-09-15 04:23:30'),
(382,	20,	'Gabasawa',	'2023-09-15 04:23:30',	'2023-09-15 04:23:30'),
(383,	20,	'Garko',	'2023-09-15 04:23:30',	'2023-09-15 04:23:30'),
(384,	20,	'Garun Mallam',	'2023-09-15 04:23:30',	'2023-09-15 04:23:30'),
(385,	20,	'Gaya',	'2023-09-15 04:23:30',	'2023-09-15 04:23:30'),
(386,	20,	'Gezawa',	'2023-09-15 04:23:30',	'2023-09-15 04:23:30'),
(387,	20,	'Gwale',	'2023-09-15 04:23:30',	'2023-09-15 04:23:30'),
(388,	20,	'Gwarzo',	'2023-09-15 04:23:30',	'2023-09-15 04:23:30'),
(389,	20,	'Kabo',	'2023-09-15 04:23:30',	'2023-09-15 04:23:30'),
(390,	20,	'Kano Municipal',	'2023-09-15 04:23:30',	'2023-09-15 04:23:30'),
(391,	20,	'Karaye',	'2023-09-15 04:23:30',	'2023-09-15 04:23:30'),
(392,	20,	'Kibiya',	'2023-09-15 04:23:30',	'2023-09-15 04:23:30'),
(393,	20,	'Kiru',	'2023-09-15 04:23:30',	'2023-09-15 04:23:30'),
(394,	20,	'Kumbotso',	'2023-09-15 04:23:30',	'2023-09-15 04:23:30'),
(395,	20,	'Kunchi',	'2023-09-15 04:23:30',	'2023-09-15 04:23:30'),
(396,	20,	'Kura',	'2023-09-15 04:23:30',	'2023-09-15 04:23:30'),
(397,	20,	'Madobi',	'2023-09-15 04:23:30',	'2023-09-15 04:23:30'),
(398,	20,	'Makoda',	'2023-09-15 04:23:30',	'2023-09-15 04:23:30'),
(399,	20,	'Minjibir',	'2023-09-15 04:23:30',	'2023-09-15 04:23:30'),
(400,	20,	'Nasarawa',	'2023-09-15 04:23:30',	'2023-09-15 04:23:30'),
(401,	20,	'Rano',	'2023-09-15 04:23:30',	'2023-09-15 04:23:30'),
(402,	20,	'Rimin Gado',	'2023-09-15 04:23:30',	'2023-09-15 04:23:30'),
(403,	20,	'Rogo',	'2023-09-15 04:23:30',	'2023-09-15 04:23:30'),
(404,	20,	'Shanono',	'2023-09-15 04:23:30',	'2023-09-15 04:23:30'),
(405,	20,	'Sumaila',	'2023-09-15 04:23:30',	'2023-09-15 04:23:30'),
(406,	20,	'Takai',	'2023-09-15 04:23:30',	'2023-09-15 04:23:30'),
(407,	20,	'Tarauni',	'2023-09-15 04:23:30',	'2023-09-15 04:23:30'),
(408,	20,	'Tofa',	'2023-09-15 04:23:30',	'2023-09-15 04:23:30'),
(409,	20,	'Tsanyawa',	'2023-09-15 04:23:30',	'2023-09-15 04:23:30'),
(410,	20,	'Tudun Wada',	'2023-09-15 04:23:30',	'2023-09-15 04:23:30'),
(411,	20,	'Ungogo',	'2023-09-15 04:23:30',	'2023-09-15 04:23:30'),
(412,	20,	'Warawa',	'2023-09-15 04:23:30',	'2023-09-15 04:23:30'),
(413,	20,	'Wudil',	'2023-09-15 04:23:30',	'2023-09-15 04:23:30'),
(414,	21,	'Bakori',	'2023-09-15 04:23:30',	'2023-09-15 04:23:30'),
(415,	21,	'Batagarawa',	'2023-09-15 04:23:30',	'2023-09-15 04:23:30'),
(416,	21,	'Batsari',	'2023-09-15 04:23:30',	'2023-09-15 04:23:30'),
(417,	21,	'Baure',	'2023-09-15 04:23:30',	'2023-09-15 04:23:30'),
(418,	21,	'Bindawa',	'2023-09-15 04:23:30',	'2023-09-15 04:23:30'),
(419,	21,	'Charanchi',	'2023-09-15 04:23:30',	'2023-09-15 04:23:30'),
(420,	21,	'Dandume',	'2023-09-15 04:23:30',	'2023-09-15 04:23:30'),
(421,	21,	'Danja',	'2023-09-15 04:23:30',	'2023-09-15 04:23:30'),
(422,	21,	'Dan Musa',	'2023-09-15 04:23:30',	'2023-09-15 04:23:30'),
(423,	21,	'Daura',	'2023-09-15 04:23:30',	'2023-09-15 04:23:30'),
(424,	21,	'Dutsi',	'2023-09-15 04:23:30',	'2023-09-15 04:23:30'),
(425,	21,	'Dutsin Ma',	'2023-09-15 04:23:30',	'2023-09-15 04:23:30'),
(426,	21,	'Faskari',	'2023-09-15 04:23:30',	'2023-09-15 04:23:30'),
(427,	21,	'Funtua',	'2023-09-15 04:23:30',	'2023-09-15 04:23:30'),
(428,	21,	'Ingawa',	'2023-09-15 04:23:30',	'2023-09-15 04:23:30'),
(429,	21,	'Jibia',	'2023-09-15 04:23:30',	'2023-09-15 04:23:30'),
(430,	21,	'Kafur',	'2023-09-15 04:23:30',	'2023-09-15 04:23:30'),
(431,	21,	'Kaita',	'2023-09-15 04:23:30',	'2023-09-15 04:23:30'),
(432,	21,	'Kankara',	'2023-09-15 04:23:30',	'2023-09-15 04:23:30'),
(433,	21,	'Kankia',	'2023-09-15 04:23:30',	'2023-09-15 04:23:30'),
(434,	21,	'Katsina',	'2023-09-15 04:23:30',	'2023-09-15 04:23:30'),
(435,	21,	'Kurfi',	'2023-09-15 04:23:30',	'2023-09-15 04:23:30'),
(436,	21,	'Kusada',	'2023-09-15 04:23:30',	'2023-09-15 04:23:30'),
(437,	21,	'Mai\'Adua',	'2023-09-15 04:23:30',	'2023-09-15 04:23:30'),
(438,	21,	'Malumfashi',	'2023-09-15 04:23:30',	'2023-09-15 04:23:30'),
(439,	21,	'Mani',	'2023-09-15 04:23:30',	'2023-09-15 04:23:30'),
(440,	21,	'Mashi',	'2023-09-15 04:23:30',	'2023-09-15 04:23:30'),
(441,	21,	'Matazu',	'2023-09-15 04:23:30',	'2023-09-15 04:23:30'),
(442,	21,	'Musawa',	'2023-09-15 04:23:30',	'2023-09-15 04:23:30'),
(443,	21,	'Rimi',	'2023-09-15 04:23:30',	'2023-09-15 04:23:30'),
(444,	21,	'Sabuwa',	'2023-09-15 04:23:30',	'2023-09-15 04:23:30'),
(445,	21,	'Safana',	'2023-09-15 04:23:30',	'2023-09-15 04:23:30'),
(446,	21,	'Sandamu',	'2023-09-15 04:23:30',	'2023-09-15 04:23:30'),
(447,	21,	'Zango',	'2023-09-15 04:23:30',	'2023-09-15 04:23:30'),
(448,	22,	'Aleiro',	'2023-09-15 04:23:30',	'2023-09-15 04:23:30'),
(449,	22,	'Arewa Dandi',	'2023-09-15 04:23:30',	'2023-09-15 04:23:30'),
(450,	22,	'Argungu',	'2023-09-15 04:23:30',	'2023-09-15 04:23:30'),
(451,	22,	'Augie',	'2023-09-15 04:23:30',	'2023-09-15 04:23:30'),
(452,	22,	'Bagudo',	'2023-09-15 04:23:30',	'2023-09-15 04:23:30'),
(453,	22,	'Birnin Kebbi',	'2023-09-15 04:23:30',	'2023-09-15 04:23:30'),
(454,	22,	'Bunza',	'2023-09-15 04:23:30',	'2023-09-15 04:23:30'),
(455,	22,	'Dandi',	'2023-09-15 04:23:30',	'2023-09-15 04:23:30'),
(456,	22,	'Fakai',	'2023-09-15 04:23:30',	'2023-09-15 04:23:30'),
(457,	22,	'Gwandu',	'2023-09-15 04:23:30',	'2023-09-15 04:23:30'),
(458,	22,	'Jega',	'2023-09-15 04:23:30',	'2023-09-15 04:23:30'),
(459,	22,	'Kalgo',	'2023-09-15 04:23:30',	'2023-09-15 04:23:30'),
(460,	22,	'Koko/Besse',	'2023-09-15 04:23:30',	'2023-09-15 04:23:30'),
(461,	22,	'Maiyama',	'2023-09-15 04:23:30',	'2023-09-15 04:23:30'),
(462,	22,	'Ngaski',	'2023-09-15 04:23:30',	'2023-09-15 04:23:30'),
(463,	22,	'Sakaba',	'2023-09-15 04:23:30',	'2023-09-15 04:23:30'),
(464,	22,	'Shanga',	'2023-09-15 04:23:30',	'2023-09-15 04:23:30'),
(465,	22,	'Suru',	'2023-09-15 04:23:30',	'2023-09-15 04:23:30'),
(466,	22,	'Wasagu/Danko',	'2023-09-15 04:23:30',	'2023-09-15 04:23:30'),
(467,	22,	'Yauri',	'2023-09-15 04:23:30',	'2023-09-15 04:23:30'),
(468,	22,	'Zuru',	'2023-09-15 04:23:30',	'2023-09-15 04:23:30'),
(469,	23,	'Adavi',	'2023-09-15 04:23:30',	'2023-09-15 04:23:30'),
(470,	23,	'Ajaokuta',	'2023-09-15 04:23:30',	'2023-09-15 04:23:30'),
(471,	23,	'Ankpa',	'2023-09-15 04:23:30',	'2023-09-15 04:23:30'),
(472,	23,	'Bassa',	'2023-09-15 04:23:30',	'2023-09-15 04:23:30'),
(473,	23,	'Dekina',	'2023-09-15 04:23:30',	'2023-09-15 04:23:30'),
(474,	23,	'Ibaji',	'2023-09-15 04:23:30',	'2023-09-15 04:23:30'),
(475,	23,	'Idah',	'2023-09-15 04:23:30',	'2023-09-15 04:23:30'),
(476,	23,	'Igalamela Odolu',	'2023-09-15 04:23:30',	'2023-09-15 04:23:30'),
(477,	23,	'Ijumu',	'2023-09-15 04:23:30',	'2023-09-15 04:23:30'),
(478,	23,	'Kabba/Bunu',	'2023-09-15 04:23:30',	'2023-09-15 04:23:30'),
(479,	23,	'Kogi',	'2023-09-15 04:23:30',	'2023-09-15 04:23:30'),
(480,	23,	'Lokoja',	'2023-09-15 04:23:30',	'2023-09-15 04:23:30'),
(481,	23,	'Mopa Muro',	'2023-09-15 04:23:30',	'2023-09-15 04:23:30'),
(482,	23,	'Ofu',	'2023-09-15 04:23:30',	'2023-09-15 04:23:30'),
(483,	23,	'Ogori/Magongo',	'2023-09-15 04:23:30',	'2023-09-15 04:23:30'),
(484,	23,	'Okehi',	'2023-09-15 04:23:30',	'2023-09-15 04:23:30'),
(485,	23,	'Okene',	'2023-09-15 04:23:30',	'2023-09-15 04:23:30'),
(486,	23,	'Olamaboro',	'2023-09-15 04:23:30',	'2023-09-15 04:23:30'),
(487,	23,	'Omala',	'2023-09-15 04:23:30',	'2023-09-15 04:23:30'),
(488,	23,	'Yagba East',	'2023-09-15 04:23:30',	'2023-09-15 04:23:30'),
(489,	23,	'Yagba West',	'2023-09-15 04:23:30',	'2023-09-15 04:23:30'),
(490,	24,	'Asa',	'2023-09-15 04:23:30',	'2023-09-15 04:23:30'),
(491,	24,	'Baruten',	'2023-09-15 04:23:30',	'2023-09-15 04:23:30'),
(492,	24,	'Edu',	'2023-09-15 04:23:30',	'2023-09-15 04:23:30'),
(493,	24,	'Ekiti, Kwara State',	'2023-09-15 04:23:30',	'2023-09-15 04:23:30'),
(494,	24,	'Ifelodun',	'2023-09-15 04:23:30',	'2023-09-15 04:23:30'),
(495,	24,	'Ilorin East',	'2023-09-15 04:23:30',	'2023-09-15 04:23:30'),
(496,	24,	'Ilorin South',	'2023-09-15 04:23:30',	'2023-09-15 04:23:30'),
(497,	24,	'Ilorin West',	'2023-09-15 04:23:30',	'2023-09-15 04:23:30'),
(498,	24,	'Irepodun',	'2023-09-15 04:23:30',	'2023-09-15 04:23:30'),
(499,	24,	'Isin',	'2023-09-15 04:23:30',	'2023-09-15 04:23:30'),
(500,	24,	'Kaiama',	'2023-09-15 04:23:30',	'2023-09-15 04:23:30'),
(501,	24,	'Moro',	'2023-09-15 04:23:30',	'2023-09-15 04:23:30'),
(502,	24,	'Offa',	'2023-09-15 04:23:30',	'2023-09-15 04:23:30'),
(503,	24,	'Oke Ero',	'2023-09-15 04:23:30',	'2023-09-15 04:23:30'),
(504,	24,	'Oyun',	'2023-09-15 04:23:30',	'2023-09-15 04:23:30'),
(505,	24,	'Pategi',	'2023-09-15 04:23:30',	'2023-09-15 04:23:30'),
(506,	25,	'Agege',	'2023-09-15 04:23:30',	'2023-09-15 04:23:30'),
(507,	25,	'Ajeromi-Ifelodun',	'2023-09-15 04:23:30',	'2023-09-15 04:23:30'),
(508,	25,	'Alimosho',	'2023-09-15 04:23:30',	'2023-09-15 04:23:30'),
(509,	25,	'Amuwo-Odofin',	'2023-09-15 04:23:30',	'2023-09-15 04:23:30'),
(510,	25,	'Apapa',	'2023-09-15 04:23:30',	'2023-09-15 04:23:30'),
(511,	25,	'Badagry',	'2023-09-15 04:23:30',	'2023-09-15 04:23:30'),
(512,	25,	'Epe',	'2023-09-15 04:23:30',	'2023-09-15 04:23:30'),
(513,	25,	'Eti Osa',	'2023-09-15 04:23:30',	'2023-09-15 04:23:30'),
(514,	25,	'Ibeju-Lekki',	'2023-09-15 04:23:30',	'2023-09-15 04:23:30'),
(515,	25,	'Ifako-Ijaiye',	'2023-09-15 04:23:30',	'2023-09-15 04:23:30'),
(516,	25,	'Ikeja',	'2023-09-15 04:23:30',	'2023-09-15 04:23:30'),
(517,	25,	'Ikorodu',	'2023-09-15 04:23:30',	'2023-09-15 04:23:30'),
(518,	25,	'Kosofe',	'2023-09-15 04:23:30',	'2023-09-15 04:23:30'),
(519,	25,	'Lagos Island',	'2023-09-15 04:23:30',	'2023-09-15 04:23:30'),
(520,	25,	'Lagos Mainland',	'2023-09-15 04:23:30',	'2023-09-15 04:23:30'),
(521,	25,	'Mushin',	'2023-09-15 04:23:30',	'2023-09-15 04:23:30'),
(522,	25,	'Ojo',	'2023-09-15 04:23:30',	'2023-09-15 04:23:30'),
(523,	25,	'Oshodi-Isolo',	'2023-09-15 04:23:30',	'2023-09-15 04:23:30'),
(524,	25,	'Shomolu',	'2023-09-15 04:23:30',	'2023-09-15 04:23:30'),
(525,	25,	'Surulere, Lagos State',	'2023-09-15 04:23:30',	'2023-09-15 04:23:30'),
(526,	26,	'Akwanga',	'2023-09-15 04:23:30',	'2023-09-15 04:23:30'),
(527,	26,	'Awe',	'2023-09-15 04:23:30',	'2023-09-15 04:23:30'),
(528,	26,	'Doma',	'2023-09-15 04:23:30',	'2023-09-15 04:23:30'),
(529,	26,	'Karu',	'2023-09-15 04:23:30',	'2023-09-15 04:23:30'),
(530,	26,	'Keana',	'2023-09-15 04:23:30',	'2023-09-15 04:23:30'),
(531,	26,	'Keffi',	'2023-09-15 04:23:30',	'2023-09-15 04:23:30'),
(532,	26,	'Kokona',	'2023-09-15 04:23:30',	'2023-09-15 04:23:30'),
(533,	26,	'Lafia',	'2023-09-15 04:23:30',	'2023-09-15 04:23:30'),
(534,	26,	'Nasarawa',	'2023-09-15 04:23:30',	'2023-09-15 04:23:30'),
(535,	26,	'Nasarawa Egon',	'2023-09-15 04:23:30',	'2023-09-15 04:23:30'),
(536,	26,	'Obi',	'2023-09-15 04:23:30',	'2023-09-15 04:23:30'),
(537,	26,	'Toto',	'2023-09-15 04:23:30',	'2023-09-15 04:23:30'),
(538,	26,	'Wamba',	'2023-09-15 04:23:30',	'2023-09-15 04:23:30'),
(539,	27,	'Agaie',	'2023-09-15 04:23:30',	'2023-09-15 04:23:30'),
(540,	27,	'Agwara',	'2023-09-15 04:23:30',	'2023-09-15 04:23:30'),
(541,	27,	'Bida',	'2023-09-15 04:23:30',	'2023-09-15 04:23:30'),
(542,	27,	'Borgu',	'2023-09-15 04:23:30',	'2023-09-15 04:23:30'),
(543,	27,	'Bosso',	'2023-09-15 04:23:30',	'2023-09-15 04:23:30'),
(544,	27,	'Chanchaga',	'2023-09-15 04:23:30',	'2023-09-15 04:23:30'),
(545,	27,	'Edati',	'2023-09-15 04:23:30',	'2023-09-15 04:23:30'),
(546,	27,	'Gbako',	'2023-09-15 04:23:30',	'2023-09-15 04:23:30'),
(547,	27,	'Gurara',	'2023-09-15 04:23:30',	'2023-09-15 04:23:30'),
(548,	27,	'Katcha',	'2023-09-15 04:23:30',	'2023-09-15 04:23:30'),
(549,	27,	'Kontagora',	'2023-09-15 04:23:30',	'2023-09-15 04:23:30'),
(550,	27,	'Lapai',	'2023-09-15 04:23:30',	'2023-09-15 04:23:30'),
(551,	27,	'Lavun',	'2023-09-15 04:23:30',	'2023-09-15 04:23:30'),
(552,	27,	'Magama',	'2023-09-15 04:23:30',	'2023-09-15 04:23:30'),
(553,	27,	'Mariga',	'2023-09-15 04:23:30',	'2023-09-15 04:23:30'),
(554,	27,	'Mashegu',	'2023-09-15 04:23:30',	'2023-09-15 04:23:30'),
(555,	27,	'Mokwa',	'2023-09-15 04:23:30',	'2023-09-15 04:23:30'),
(556,	27,	'Moya',	'2023-09-15 04:23:30',	'2023-09-15 04:23:30'),
(557,	27,	'Paikoro',	'2023-09-15 04:23:30',	'2023-09-15 04:23:30'),
(558,	27,	'Rafi',	'2023-09-15 04:23:30',	'2023-09-15 04:23:30'),
(559,	27,	'Rijau',	'2023-09-15 04:23:30',	'2023-09-15 04:23:30'),
(560,	27,	'Shiroro',	'2023-09-15 04:23:30',	'2023-09-15 04:23:30'),
(561,	27,	'Suleja',	'2023-09-15 04:23:30',	'2023-09-15 04:23:30'),
(562,	27,	'Tafa',	'2023-09-15 04:23:30',	'2023-09-15 04:23:30'),
(563,	27,	'Wushishi',	'2023-09-15 04:23:30',	'2023-09-15 04:23:30'),
(564,	28,	'Abeokuta North',	'2023-09-15 04:23:30',	'2023-09-15 04:23:30'),
(565,	28,	'Abeokuta South',	'2023-09-15 04:23:30',	'2023-09-15 04:23:30'),
(566,	28,	'Ado-Odo/Ota',	'2023-09-15 04:23:30',	'2023-09-15 04:23:30'),
(567,	28,	'Egbado North',	'2023-09-15 04:23:30',	'2023-09-15 04:23:30'),
(568,	28,	'Egbado South',	'2023-09-15 04:23:30',	'2023-09-15 04:23:30'),
(569,	28,	'Ewekoro',	'2023-09-15 04:23:30',	'2023-09-15 04:23:30'),
(570,	28,	'Ifo',	'2023-09-15 04:23:30',	'2023-09-15 04:23:30'),
(571,	28,	'Ijebu East',	'2023-09-15 04:23:30',	'2023-09-15 04:23:30'),
(572,	28,	'Ijebu North',	'2023-09-15 04:23:30',	'2023-09-15 04:23:30'),
(573,	28,	'Ijebu North East',	'2023-09-15 04:23:30',	'2023-09-15 04:23:30'),
(574,	28,	'Ijebu Ode',	'2023-09-15 04:23:30',	'2023-09-15 04:23:30'),
(575,	28,	'Ikenne',	'2023-09-15 04:23:30',	'2023-09-15 04:23:30'),
(576,	28,	'Imeko Afon',	'2023-09-15 04:23:30',	'2023-09-15 04:23:30'),
(577,	28,	'Ipokia',	'2023-09-15 04:23:30',	'2023-09-15 04:23:30'),
(578,	28,	'Obafemi Owode',	'2023-09-15 04:23:30',	'2023-09-15 04:23:30'),
(579,	28,	'Odeda',	'2023-09-15 04:23:30',	'2023-09-15 04:23:30'),
(580,	28,	'Odogbolu',	'2023-09-15 04:23:30',	'2023-09-15 04:23:30'),
(581,	28,	'Ogun Waterside',	'2023-09-15 04:23:30',	'2023-09-15 04:23:30'),
(582,	28,	'Remo North',	'2023-09-15 04:23:30',	'2023-09-15 04:23:30'),
(583,	28,	'Shagamu',	'2023-09-15 04:23:30',	'2023-09-15 04:23:30'),
(584,	29,	'Akoko North-East',	'2023-09-15 04:23:30',	'2023-09-15 04:23:30'),
(585,	29,	'Akoko North-West',	'2023-09-15 04:23:30',	'2023-09-15 04:23:30'),
(586,	29,	'Akoko South-West',	'2023-09-15 04:23:30',	'2023-09-15 04:23:30'),
(587,	29,	'Akoko South-East',	'2023-09-15 04:23:30',	'2023-09-15 04:23:30'),
(588,	29,	'Akure North',	'2023-09-15 04:23:30',	'2023-09-15 04:23:30'),
(589,	29,	'Akure South',	'2023-09-15 04:23:30',	'2023-09-15 04:23:30'),
(590,	29,	'Ese Odo',	'2023-09-15 04:23:30',	'2023-09-15 04:23:30'),
(591,	29,	'Idanre',	'2023-09-15 04:23:30',	'2023-09-15 04:23:30'),
(592,	29,	'Ifedore',	'2023-09-15 04:23:30',	'2023-09-15 04:23:30'),
(593,	29,	'Ilaje',	'2023-09-15 04:23:30',	'2023-09-15 04:23:30'),
(594,	29,	'Ile Oluji/Okeigbo',	'2023-09-15 04:23:30',	'2023-09-15 04:23:30'),
(595,	29,	'Irele',	'2023-09-15 04:23:30',	'2023-09-15 04:23:30'),
(596,	29,	'Odigbo',	'2023-09-15 04:23:30',	'2023-09-15 04:23:30'),
(597,	29,	'Okitipupa',	'2023-09-15 04:23:30',	'2023-09-15 04:23:30'),
(598,	29,	'Ondo East',	'2023-09-15 04:23:30',	'2023-09-15 04:23:30'),
(599,	29,	'Ondo West',	'2023-09-15 04:23:30',	'2023-09-15 04:23:30'),
(600,	29,	'Ose',	'2023-09-15 04:23:30',	'2023-09-15 04:23:30'),
(601,	29,	'Owo',	'2023-09-15 04:23:30',	'2023-09-15 04:23:30'),
(602,	30,	'Atakunmosa East',	'2023-09-15 04:23:30',	'2023-09-15 04:23:30'),
(603,	30,	'Atakunmosa West',	'2023-09-15 04:23:30',	'2023-09-15 04:23:30'),
(604,	30,	'Aiyedaade',	'2023-09-15 04:23:30',	'2023-09-15 04:23:30'),
(605,	30,	'Aiyedire',	'2023-09-15 04:23:30',	'2023-09-15 04:23:30'),
(606,	30,	'Boluwaduro',	'2023-09-15 04:23:30',	'2023-09-15 04:23:30'),
(607,	30,	'Boripe',	'2023-09-15 04:23:30',	'2023-09-15 04:23:30'),
(608,	30,	'Ede North',	'2023-09-15 04:23:30',	'2023-09-15 04:23:30'),
(609,	30,	'Ede South',	'2023-09-15 04:23:30',	'2023-09-15 04:23:30'),
(610,	30,	'Ife Central',	'2023-09-15 04:23:30',	'2023-09-15 04:23:30'),
(611,	30,	'Ife East',	'2023-09-15 04:23:30',	'2023-09-15 04:23:30'),
(612,	30,	'Ife North',	'2023-09-15 04:23:30',	'2023-09-15 04:23:30'),
(613,	30,	'Ife South',	'2023-09-15 04:23:30',	'2023-09-15 04:23:30'),
(614,	30,	'Egbedore',	'2023-09-15 04:23:30',	'2023-09-15 04:23:30'),
(615,	30,	'Ejigbo',	'2023-09-15 04:23:30',	'2023-09-15 04:23:30'),
(616,	30,	'Ifedayo',	'2023-09-15 04:23:30',	'2023-09-15 04:23:30'),
(617,	30,	'Ifelodun',	'2023-09-15 04:23:30',	'2023-09-15 04:23:30'),
(618,	30,	'Ila',	'2023-09-15 04:23:30',	'2023-09-15 04:23:30'),
(619,	30,	'Ilesa East',	'2023-09-15 04:23:30',	'2023-09-15 04:23:30'),
(620,	30,	'Ilesa West',	'2023-09-15 04:23:30',	'2023-09-15 04:23:30'),
(621,	30,	'Irepodun',	'2023-09-15 04:23:30',	'2023-09-15 04:23:30'),
(622,	30,	'Irewole',	'2023-09-15 04:23:30',	'2023-09-15 04:23:30'),
(623,	30,	'Isokan',	'2023-09-15 04:23:30',	'2023-09-15 04:23:30'),
(624,	30,	'Iwo',	'2023-09-15 04:23:30',	'2023-09-15 04:23:30'),
(625,	30,	'Obokun',	'2023-09-15 04:23:30',	'2023-09-15 04:23:30'),
(626,	30,	'Odo Otin',	'2023-09-15 04:23:30',	'2023-09-15 04:23:30'),
(627,	30,	'Ola Oluwa',	'2023-09-15 04:23:30',	'2023-09-15 04:23:30'),
(628,	30,	'Olorunda',	'2023-09-15 04:23:30',	'2023-09-15 04:23:30'),
(629,	30,	'Oriade',	'2023-09-15 04:23:30',	'2023-09-15 04:23:30'),
(630,	30,	'Orolu',	'2023-09-15 04:23:30',	'2023-09-15 04:23:30'),
(631,	30,	'Osogbo',	'2023-09-15 04:23:30',	'2023-09-15 04:23:30'),
(632,	31,	'Afijio',	'2023-09-15 04:23:30',	'2023-09-15 04:23:30'),
(633,	31,	'Akinyele',	'2023-09-15 04:23:30',	'2023-09-15 04:23:30'),
(634,	31,	'Atiba',	'2023-09-15 04:23:30',	'2023-09-15 04:23:30'),
(635,	31,	'Atisbo',	'2023-09-15 04:23:30',	'2023-09-15 04:23:30'),
(636,	31,	'Egbeda',	'2023-09-15 04:23:30',	'2023-09-15 04:23:30'),
(637,	31,	'Ibadan North',	'2023-09-15 04:23:30',	'2023-09-15 04:23:30'),
(638,	31,	'Ibadan North-East',	'2023-09-15 04:23:30',	'2023-09-15 04:23:30'),
(639,	31,	'Ibadan North-West',	'2023-09-15 04:23:30',	'2023-09-15 04:23:30'),
(640,	31,	'Ibadan South-East',	'2023-09-15 04:23:30',	'2023-09-15 04:23:30'),
(641,	31,	'Ibadan South-West',	'2023-09-15 04:23:30',	'2023-09-15 04:23:30'),
(642,	31,	'Ibarapa Central',	'2023-09-15 04:23:30',	'2023-09-15 04:23:30'),
(643,	31,	'Ibarapa East',	'2023-09-15 04:23:30',	'2023-09-15 04:23:30'),
(644,	31,	'Ibarapa North',	'2023-09-15 04:23:30',	'2023-09-15 04:23:30'),
(645,	31,	'Ido',	'2023-09-15 04:23:30',	'2023-09-15 04:23:30'),
(646,	31,	'Irepo',	'2023-09-15 04:23:30',	'2023-09-15 04:23:30'),
(647,	31,	'Iseyin',	'2023-09-15 04:23:30',	'2023-09-15 04:23:30'),
(648,	31,	'Itesiwaju',	'2023-09-15 04:23:30',	'2023-09-15 04:23:30'),
(649,	31,	'Iwajowa',	'2023-09-15 04:23:30',	'2023-09-15 04:23:30'),
(650,	31,	'Kajola',	'2023-09-15 04:23:30',	'2023-09-15 04:23:30'),
(651,	31,	'Lagelu',	'2023-09-15 04:23:30',	'2023-09-15 04:23:30'),
(652,	31,	'Ogbomosho North',	'2023-09-15 04:23:30',	'2023-09-15 04:23:30'),
(653,	31,	'Ogbomosho South',	'2023-09-15 04:23:30',	'2023-09-15 04:23:30'),
(654,	31,	'Ogo Oluwa',	'2023-09-15 04:23:30',	'2023-09-15 04:23:30'),
(655,	31,	'Olorunsogo',	'2023-09-15 04:23:30',	'2023-09-15 04:23:30'),
(656,	31,	'Oluyole',	'2023-09-15 04:23:30',	'2023-09-15 04:23:30'),
(657,	31,	'Ona Ara',	'2023-09-15 04:23:30',	'2023-09-15 04:23:30'),
(658,	31,	'Orelope',	'2023-09-15 04:23:30',	'2023-09-15 04:23:30'),
(659,	31,	'Ori Ire',	'2023-09-15 04:23:30',	'2023-09-15 04:23:30'),
(660,	31,	'Oyo',	'2023-09-15 04:23:30',	'2023-09-15 04:23:30'),
(661,	31,	'Oyo East',	'2023-09-15 04:23:30',	'2023-09-15 04:23:30'),
(662,	31,	'Saki East',	'2023-09-15 04:23:30',	'2023-09-15 04:23:30'),
(663,	31,	'Saki West',	'2023-09-15 04:23:30',	'2023-09-15 04:23:30'),
(664,	31,	'Surulere, Oyo State',	'2023-09-15 04:23:30',	'2023-09-15 04:23:30'),
(665,	32,	'Bokkos',	'2023-09-15 04:23:30',	'2023-09-15 04:23:30'),
(666,	32,	'Barkin Ladi',	'2023-09-15 04:23:30',	'2023-09-15 04:23:30'),
(667,	32,	'Bassa',	'2023-09-15 04:23:30',	'2023-09-15 04:23:30'),
(668,	32,	'Jos East',	'2023-09-15 04:23:30',	'2023-09-15 04:23:30'),
(669,	32,	'Jos North',	'2023-09-15 04:23:30',	'2023-09-15 04:23:30'),
(670,	32,	'Jos South',	'2023-09-15 04:23:30',	'2023-09-15 04:23:30'),
(671,	32,	'Kanam',	'2023-09-15 04:23:30',	'2023-09-15 04:23:30'),
(672,	32,	'Kanke',	'2023-09-15 04:23:30',	'2023-09-15 04:23:30'),
(673,	32,	'Langtang South',	'2023-09-15 04:23:30',	'2023-09-15 04:23:30'),
(674,	32,	'Langtang North',	'2023-09-15 04:23:30',	'2023-09-15 04:23:30'),
(675,	32,	'Mangu',	'2023-09-15 04:23:30',	'2023-09-15 04:23:30'),
(676,	32,	'Mikang',	'2023-09-15 04:23:30',	'2023-09-15 04:23:30'),
(677,	32,	'Pankshin',	'2023-09-15 04:23:30',	'2023-09-15 04:23:30'),
(678,	32,	'Qua\'an Pan',	'2023-09-15 04:23:30',	'2023-09-15 04:23:30'),
(679,	32,	'Riyom',	'2023-09-15 04:23:30',	'2023-09-15 04:23:30'),
(680,	32,	'Shendam',	'2023-09-15 04:23:30',	'2023-09-15 04:23:30'),
(681,	32,	'Wase',	'2023-09-15 04:23:30',	'2023-09-15 04:23:30'),
(682,	33,	'Abua/Odual',	'2023-09-15 04:23:30',	'2023-09-15 04:23:30'),
(683,	33,	'Ahoada East',	'2023-09-15 04:23:30',	'2023-09-15 04:23:30'),
(684,	33,	'Ahoada West',	'2023-09-15 04:23:30',	'2023-09-15 04:23:30'),
(685,	33,	'Akuku-Toru',	'2023-09-15 04:23:30',	'2023-09-15 04:23:30'),
(686,	33,	'Andoni',	'2023-09-15 04:23:30',	'2023-09-15 04:23:30'),
(687,	33,	'Asari-Toru',	'2023-09-15 04:23:30',	'2023-09-15 04:23:30'),
(688,	33,	'Bonny',	'2023-09-15 04:23:30',	'2023-09-15 04:23:30'),
(689,	33,	'Degema',	'2023-09-15 04:23:30',	'2023-09-15 04:23:30'),
(690,	33,	'Eleme',	'2023-09-15 04:23:30',	'2023-09-15 04:23:30'),
(691,	33,	'Emuoha',	'2023-09-15 04:23:30',	'2023-09-15 04:23:30'),
(692,	33,	'Etche',	'2023-09-15 04:23:30',	'2023-09-15 04:23:30'),
(693,	33,	'Gokana',	'2023-09-15 04:23:30',	'2023-09-15 04:23:30'),
(694,	33,	'Ikwerre',	'2023-09-15 04:23:30',	'2023-09-15 04:23:30'),
(695,	33,	'Khana',	'2023-09-15 04:23:30',	'2023-09-15 04:23:30'),
(696,	33,	'Obio/Akpor',	'2023-09-15 04:23:30',	'2023-09-15 04:23:30'),
(697,	33,	'Ogba/Egbema/Ndoni',	'2023-09-15 04:23:30',	'2023-09-15 04:23:30'),
(698,	33,	'Ogu/Bolo',	'2023-09-15 04:23:30',	'2023-09-15 04:23:30'),
(699,	33,	'Okrika',	'2023-09-15 04:23:30',	'2023-09-15 04:23:30'),
(700,	33,	'Omuma',	'2023-09-15 04:23:30',	'2023-09-15 04:23:30'),
(701,	33,	'Opobo/Nkoro',	'2023-09-15 04:23:30',	'2023-09-15 04:23:30'),
(702,	33,	'Oyigbo',	'2023-09-15 04:23:30',	'2023-09-15 04:23:30'),
(703,	33,	'Port Harcourt',	'2023-09-15 04:23:30',	'2023-09-15 04:23:30'),
(704,	33,	'Tai',	'2023-09-15 04:23:30',	'2023-09-15 04:23:30'),
(705,	34,	'Binji',	'2023-09-15 04:23:30',	'2023-09-15 04:23:30'),
(706,	34,	'Bodinga',	'2023-09-15 04:23:30',	'2023-09-15 04:23:30'),
(707,	34,	'Dange Shuni',	'2023-09-15 04:23:30',	'2023-09-15 04:23:30'),
(708,	34,	'Gada',	'2023-09-15 04:23:30',	'2023-09-15 04:23:30'),
(709,	34,	'Goronyo',	'2023-09-15 04:23:30',	'2023-09-15 04:23:30'),
(710,	34,	'Gudu',	'2023-09-15 04:23:30',	'2023-09-15 04:23:30'),
(711,	34,	'Gwadabawa',	'2023-09-15 04:23:30',	'2023-09-15 04:23:30'),
(712,	34,	'Illela',	'2023-09-15 04:23:30',	'2023-09-15 04:23:30'),
(713,	34,	'Isa',	'2023-09-15 04:23:30',	'2023-09-15 04:23:30'),
(714,	34,	'Kebbe',	'2023-09-15 04:23:30',	'2023-09-15 04:23:30'),
(715,	34,	'Kware',	'2023-09-15 04:23:30',	'2023-09-15 04:23:30'),
(716,	34,	'Rabah',	'2023-09-15 04:23:30',	'2023-09-15 04:23:30'),
(717,	34,	'Sabon Birni',	'2023-09-15 04:23:30',	'2023-09-15 04:23:30'),
(718,	34,	'Shagari',	'2023-09-15 04:23:30',	'2023-09-15 04:23:30'),
(719,	34,	'Silame',	'2023-09-15 04:23:30',	'2023-09-15 04:23:30'),
(720,	34,	'Sokoto North',	'2023-09-15 04:23:30',	'2023-09-15 04:23:30'),
(721,	34,	'Sokoto South',	'2023-09-15 04:23:30',	'2023-09-15 04:23:30'),
(722,	34,	'Tambuwal',	'2023-09-15 04:23:30',	'2023-09-15 04:23:30'),
(723,	34,	'Tangaza',	'2023-09-15 04:23:30',	'2023-09-15 04:23:30'),
(724,	34,	'Tureta',	'2023-09-15 04:23:30',	'2023-09-15 04:23:30'),
(725,	34,	'Wamako',	'2023-09-15 04:23:30',	'2023-09-15 04:23:30'),
(726,	34,	'Wurno',	'2023-09-15 04:23:30',	'2023-09-15 04:23:30'),
(727,	34,	'Yabo',	'2023-09-15 04:23:30',	'2023-09-15 04:23:30'),
(728,	35,	'Ardo Kola',	'2023-09-15 04:23:30',	'2023-09-15 04:23:30'),
(729,	35,	'Bali',	'2023-09-15 04:23:30',	'2023-09-15 04:23:30'),
(730,	35,	'Donga',	'2023-09-15 04:23:30',	'2023-09-15 04:23:30'),
(731,	35,	'Gashaka',	'2023-09-15 04:23:30',	'2023-09-15 04:23:30'),
(732,	35,	'Gassol',	'2023-09-15 04:23:30',	'2023-09-15 04:23:30'),
(733,	35,	'Ibi',	'2023-09-15 04:23:30',	'2023-09-15 04:23:30'),
(734,	35,	'Jalingo',	'2023-09-15 04:23:30',	'2023-09-15 04:23:30'),
(735,	35,	'Karim Lamido',	'2023-09-15 04:23:30',	'2023-09-15 04:23:30'),
(736,	35,	'Kumi',	'2023-09-15 04:23:30',	'2023-09-15 04:23:30'),
(737,	35,	'Lau',	'2023-09-15 04:23:30',	'2023-09-15 04:23:30'),
(738,	35,	'Sardauna',	'2023-09-15 04:23:30',	'2023-09-15 04:23:30'),
(739,	35,	'Takum',	'2023-09-15 04:23:30',	'2023-09-15 04:23:30'),
(740,	35,	'Ussa',	'2023-09-15 04:23:30',	'2023-09-15 04:23:30'),
(741,	35,	'Wukari',	'2023-09-15 04:23:30',	'2023-09-15 04:23:30'),
(742,	35,	'Yorro',	'2023-09-15 04:23:30',	'2023-09-15 04:23:30'),
(743,	35,	'Zing',	'2023-09-15 04:23:30',	'2023-09-15 04:23:30'),
(744,	36,	'Bade',	'2023-09-15 04:23:30',	'2023-09-15 04:23:30'),
(745,	36,	'Bursari',	'2023-09-15 04:23:30',	'2023-09-15 04:23:30'),
(746,	36,	'Damaturu',	'2023-09-15 04:23:30',	'2023-09-15 04:23:30'),
(747,	36,	'Fika',	'2023-09-15 04:23:30',	'2023-09-15 04:23:30'),
(748,	36,	'Fune',	'2023-09-15 04:23:30',	'2023-09-15 04:23:30'),
(749,	36,	'Geidam',	'2023-09-15 04:23:30',	'2023-09-15 04:23:30'),
(750,	36,	'Gujba',	'2023-09-15 04:23:30',	'2023-09-15 04:23:30'),
(751,	36,	'Gulani',	'2023-09-15 04:23:30',	'2023-09-15 04:23:30'),
(752,	36,	'Jakusko',	'2023-09-15 04:23:30',	'2023-09-15 04:23:30'),
(753,	36,	'Karasuwa',	'2023-09-15 04:23:30',	'2023-09-15 04:23:30'),
(754,	36,	'Machina',	'2023-09-15 04:23:30',	'2023-09-15 04:23:30'),
(755,	36,	'Nangere',	'2023-09-15 04:23:30',	'2023-09-15 04:23:30'),
(756,	36,	'Nguru',	'2023-09-15 04:23:30',	'2023-09-15 04:23:30'),
(757,	36,	'Potiskum',	'2023-09-15 04:23:30',	'2023-09-15 04:23:30'),
(758,	36,	'Tarmuwa',	'2023-09-15 04:23:30',	'2023-09-15 04:23:30'),
(759,	36,	'Yunusari',	'2023-09-15 04:23:30',	'2023-09-15 04:23:30'),
(760,	36,	'Yusufari',	'2023-09-15 04:23:30',	'2023-09-15 04:23:30'),
(761,	37,	'Anka',	'2023-09-15 04:23:30',	'2023-09-15 04:23:30'),
(762,	37,	'Bakura',	'2023-09-15 04:23:30',	'2023-09-15 04:23:30'),
(763,	37,	'Birnin Magaji/Kiyaw',	'2023-09-15 04:23:30',	'2023-09-15 04:23:30'),
(764,	37,	'Bukkuyum',	'2023-09-15 04:23:30',	'2023-09-15 04:23:30'),
(765,	37,	'Bungudu',	'2023-09-15 04:23:30',	'2023-09-15 04:23:30'),
(766,	37,	'Gummi',	'2023-09-15 04:23:30',	'2023-09-15 04:23:30'),
(767,	37,	'Gusau',	'2023-09-15 04:23:30',	'2023-09-15 04:23:30'),
(768,	37,	'Kaura Namoda',	'2023-09-15 04:23:30',	'2023-09-15 04:23:30'),
(769,	37,	'Maradun',	'2023-09-15 04:23:30',	'2023-09-15 04:23:30'),
(770,	37,	'Maru',	'2023-09-15 04:23:30',	'2023-09-15 04:23:30'),
(771,	37,	'Shinkafi',	'2023-09-15 04:23:30',	'2023-09-15 04:23:30'),
(772,	37,	'Talata Mafara',	'2023-09-15 04:23:30',	'2023-09-15 04:23:30'),
(773,	37,	'Chafe',	'2023-09-15 04:23:30',	'2023-09-15 04:23:30'),
(774,	37,	'Zurmi',	'2023-09-15 04:23:30',	'2023-09-15 04:23:30');

DROP TABLE IF EXISTS `marks`;
CREATE TABLE `marks` (
  `id` int unsigned NOT NULL AUTO_INCREMENT,
  `student_id` int unsigned NOT NULL,
  `subject_id` int unsigned NOT NULL,
  `my_class_id` int unsigned NOT NULL,
  `section_id` int unsigned NOT NULL,
  `exam_id` int unsigned NOT NULL,
  `t1` int DEFAULT NULL,
  `t2` int DEFAULT NULL,
  `t3` int DEFAULT NULL,
  `t4` int DEFAULT NULL,
  `tca` int DEFAULT NULL,
  `exm` int DEFAULT NULL,
  `tex1` int DEFAULT NULL,
  `tex2` int DEFAULT NULL,
  `tex3` int DEFAULT NULL,
  `sub_pos` tinyint DEFAULT NULL,
  `cum` int DEFAULT NULL,
  `cum_ave` varchar(255) COLLATE utf8mb4_unicode_ci DEFAULT NULL,
  `grade_id` int unsigned DEFAULT NULL,
  `year` varchar(255) COLLATE utf8mb4_unicode_ci NOT NULL,
  `created_at` timestamp NULL DEFAULT NULL,
  `updated_at` timestamp NULL DEFAULT NULL,
  PRIMARY KEY (`id`),
  KEY `marks_student_id_foreign` (`student_id`),
  KEY `marks_my_class_id_foreign` (`my_class_id`),
  KEY `marks_section_id_foreign` (`section_id`),
  KEY `marks_subject_id_foreign` (`subject_id`),
  KEY `marks_exam_id_foreign` (`exam_id`),
  KEY `marks_grade_id_foreign` (`grade_id`),
  CONSTRAINT `marks_exam_id_foreign` FOREIGN KEY (`exam_id`) REFERENCES `exams` (`id`) ON DELETE CASCADE,
  CONSTRAINT `marks_grade_id_foreign` FOREIGN KEY (`grade_id`) REFERENCES `grades` (`id`) ON DELETE SET NULL,
  CONSTRAINT `marks_my_class_id_foreign` FOREIGN KEY (`my_class_id`) REFERENCES `my_classes` (`id`) ON DELETE CASCADE,
  CONSTRAINT `marks_section_id_foreign` FOREIGN KEY (`section_id`) REFERENCES `sections` (`id`) ON DELETE CASCADE,
  CONSTRAINT `marks_student_id_foreign` FOREIGN KEY (`student_id`) REFERENCES `users` (`id`) ON DELETE CASCADE,
  CONSTRAINT `marks_subject_id_foreign` FOREIGN KEY (`subject_id`) REFERENCES `subjects` (`id`) ON DELETE CASCADE
) ENGINE=InnoDB DEFAULT CHARSET=utf8mb4 COLLATE=utf8mb4_unicode_ci;


DROP TABLE IF EXISTS `migrations`;
CREATE TABLE `migrations` (
  `id` int unsigned NOT NULL AUTO_INCREMENT,
  `migration` varchar(255) COLLATE utf8mb4_unicode_ci NOT NULL,
  `batch` int NOT NULL,
  PRIMARY KEY (`id`)
) ENGINE=InnoDB DEFAULT CHARSET=utf8mb4 COLLATE=utf8mb4_unicode_ci;

INSERT INTO `migrations` (`id`, `migration`, `batch`) VALUES
(1,	'2013_09_20_121733_create_blood_groups_table',	1),
(2,	'2013_09_22_124750_create_states_table',	1),
(3,	'2013_09_22_124806_create_lgas_table',	1),
(4,	'2013_09_26_121148_create_nationalities_table',	1),
(5,	'2014_10_12_000000_create_users_table',	1),
(6,	'2014_10_12_100000_create_password_resets_table',	1),
(7,	'2018_09_20_100249_create_user_types_table',	1),
(8,	'2018_09_20_150906_create_class_types_table',	1),
(9,	'2018_09_22_073005_create_my_classes_table',	1),
(10,	'2018_09_22_073526_create_sections_table',	1),
(11,	'2018_09_22_080555_create_settings_table',	1),
(12,	'2018_09_22_081302_create_subjects_table',	1),
(13,	'2018_09_22_151514_create_student_records_table',	1),
(14,	'2018_09_26_124241_create_dorms_table',	1),
(15,	'2018_10_04_224910_create_exams_table',	1),
(16,	'2018_10_06_224846_create_marks_table',	1),
(17,	'2018_10_06_224944_create_grades_table',	1),
(18,	'2018_10_06_225007_create_pins_table',	1),
(19,	'2018_10_18_205550_create_skills_table',	1),
(20,	'2018_10_18_205842_create_exam_records_table',	1),
(21,	'2018_10_31_191358_create_books_table',	1),
(22,	'2018_10_31_192540_create_book_requests_table',	1),
(23,	'2018_11_01_132115_create_staff_records_table',	1),
(24,	'2018_11_03_210758_create_payments_table',	1),
(25,	'2018_11_03_210817_create_payment_records_table',	1),
(26,	'2018_11_06_083707_create_receipts_table',	1),
(27,	'2018_11_27_180401_create_time_tables_table',	1),
(28,	'2019_09_22_142514_create_fks',	1),
(29,	'2019_09_26_132227_create_promotions_table',	1);

DROP TABLE IF EXISTS `my_classes`;
CREATE TABLE `my_classes` (
  `id` int unsigned NOT NULL AUTO_INCREMENT,
  `name` varchar(100) COLLATE utf8mb4_unicode_ci NOT NULL,
  `class_type_id` int unsigned DEFAULT NULL,
  `created_at` timestamp NULL DEFAULT NULL,
  `updated_at` timestamp NULL DEFAULT NULL,
  PRIMARY KEY (`id`),
  UNIQUE KEY `my_classes_class_type_id_name_unique` (`class_type_id`,`name`),
  CONSTRAINT `my_classes_class_type_id_foreign` FOREIGN KEY (`class_type_id`) REFERENCES `class_types` (`id`) ON DELETE SET NULL
) ENGINE=InnoDB DEFAULT CHARSET=utf8mb4 COLLATE=utf8mb4_unicode_ci;

INSERT INTO `my_classes` (`id`, `name`, `class_type_id`, `created_at`, `updated_at`) VALUES
(1,	'Nursery 1',	3,	NULL,	NULL),
(2,	'Nursery 2',	3,	NULL,	NULL),
(3,	'Nursery 3',	3,	NULL,	NULL),
(4,	'Primary 1',	4,	NULL,	NULL),
(5,	'Primary 2',	4,	NULL,	NULL),
(6,	'JSS 211',	5,	NULL,	'2023-09-20 05:21:46'),
(7,	'JSS 3',	5,	NULL,	NULL),
(8,	'SSS 1',	6,	NULL,	NULL),
(9,	'SSS 2',	6,	NULL,	NULL),
(10,	'SSS 3',	6,	NULL,	NULL);

DROP TABLE IF EXISTS `nationalities`;
CREATE TABLE `nationalities` (
  `id` int unsigned NOT NULL AUTO_INCREMENT,
  `name` varchar(255) COLLATE utf8mb4_unicode_ci NOT NULL,
  `created_at` timestamp NULL DEFAULT NULL,
  `updated_at` timestamp NULL DEFAULT NULL,
  PRIMARY KEY (`id`)
) ENGINE=InnoDB DEFAULT CHARSET=utf8mb4 COLLATE=utf8mb4_unicode_ci;

INSERT INTO `nationalities` (`id`, `name`, `created_at`, `updated_at`) VALUES
(1,	'Afghan',	'2023-09-15 04:23:29',	'2023-09-15 04:23:29'),
(2,	'Albanian',	'2023-09-15 04:23:29',	'2023-09-15 04:23:29'),
(3,	'Algerian',	'2023-09-15 04:23:29',	'2023-09-15 04:23:29'),
(4,	'American',	'2023-09-15 04:23:29',	'2023-09-15 04:23:29'),
(5,	'Andorran',	'2023-09-15 04:23:29',	'2023-09-15 04:23:29'),
(6,	'Angolan',	'2023-09-15 04:23:29',	'2023-09-15 04:23:29'),
(7,	'Antiguans',	'2023-09-15 04:23:29',	'2023-09-15 04:23:29'),
(8,	'Argentinean',	'2023-09-15 04:23:29',	'2023-09-15 04:23:29'),
(9,	'Armenian',	'2023-09-15 04:23:29',	'2023-09-15 04:23:29'),
(10,	'Australian',	'2023-09-15 04:23:29',	'2023-09-15 04:23:29'),
(11,	'Austrian',	'2023-09-15 04:23:29',	'2023-09-15 04:23:29'),
(12,	'Azerbaijani',	'2023-09-15 04:23:29',	'2023-09-15 04:23:29'),
(13,	'Bahamian',	'2023-09-15 04:23:29',	'2023-09-15 04:23:29'),
(14,	'Bahraini',	'2023-09-15 04:23:29',	'2023-09-15 04:23:29'),
(15,	'Bangladeshi',	'2023-09-15 04:23:29',	'2023-09-15 04:23:29'),
(16,	'Barbadian',	'2023-09-15 04:23:29',	'2023-09-15 04:23:29'),
(17,	'Barbudans',	'2023-09-15 04:23:29',	'2023-09-15 04:23:29'),
(18,	'Batswana',	'2023-09-15 04:23:29',	'2023-09-15 04:23:29'),
(19,	'Belarusian',	'2023-09-15 04:23:29',	'2023-09-15 04:23:29'),
(20,	'Belgian',	'2023-09-15 04:23:29',	'2023-09-15 04:23:29'),
(21,	'Belizean',	'2023-09-15 04:23:29',	'2023-09-15 04:23:29'),
(22,	'Beninese',	'2023-09-15 04:23:29',	'2023-09-15 04:23:29'),
(23,	'Bhutanese',	'2023-09-15 04:23:29',	'2023-09-15 04:23:29'),
(24,	'Bolivian',	'2023-09-15 04:23:29',	'2023-09-15 04:23:29'),
(25,	'Bosnian',	'2023-09-15 04:23:29',	'2023-09-15 04:23:29'),
(26,	'Brazilian',	'2023-09-15 04:23:29',	'2023-09-15 04:23:29'),
(27,	'British',	'2023-09-15 04:23:29',	'2023-09-15 04:23:29'),
(28,	'Bruneian',	'2023-09-15 04:23:29',	'2023-09-15 04:23:29'),
(29,	'Bulgarian',	'2023-09-15 04:23:29',	'2023-09-15 04:23:29'),
(30,	'Burkinabe',	'2023-09-15 04:23:29',	'2023-09-15 04:23:29'),
(31,	'Burmese',	'2023-09-15 04:23:29',	'2023-09-15 04:23:29'),
(32,	'Burundian',	'2023-09-15 04:23:29',	'2023-09-15 04:23:29'),
(33,	'Cambodian',	'2023-09-15 04:23:29',	'2023-09-15 04:23:29'),
(34,	'Cameroonian',	'2023-09-15 04:23:29',	'2023-09-15 04:23:29'),
(35,	'Canadian',	'2023-09-15 04:23:29',	'2023-09-15 04:23:29'),
(36,	'Cape Verdean',	'2023-09-15 04:23:29',	'2023-09-15 04:23:29'),
(37,	'Central African',	'2023-09-15 04:23:29',	'2023-09-15 04:23:29'),
(38,	'Chadian',	'2023-09-15 04:23:29',	'2023-09-15 04:23:29'),
(39,	'Chilean',	'2023-09-15 04:23:29',	'2023-09-15 04:23:29'),
(40,	'Chinese',	'2023-09-15 04:23:29',	'2023-09-15 04:23:29'),
(41,	'Colombian',	'2023-09-15 04:23:29',	'2023-09-15 04:23:29'),
(42,	'Comoran',	'2023-09-15 04:23:29',	'2023-09-15 04:23:29'),
(43,	'Congolese',	'2023-09-15 04:23:29',	'2023-09-15 04:23:29'),
(44,	'Costa Rican',	'2023-09-15 04:23:29',	'2023-09-15 04:23:29'),
(45,	'Croatian',	'2023-09-15 04:23:29',	'2023-09-15 04:23:29'),
(46,	'Cuban',	'2023-09-15 04:23:29',	'2023-09-15 04:23:29'),
(47,	'Cypriot',	'2023-09-15 04:23:29',	'2023-09-15 04:23:29'),
(48,	'Czech',	'2023-09-15 04:23:29',	'2023-09-15 04:23:29'),
(49,	'Danish',	'2023-09-15 04:23:29',	'2023-09-15 04:23:29'),
(50,	'Djibouti',	'2023-09-15 04:23:29',	'2023-09-15 04:23:29'),
(51,	'Dominican',	'2023-09-15 04:23:29',	'2023-09-15 04:23:29'),
(52,	'Dutch',	'2023-09-15 04:23:29',	'2023-09-15 04:23:29'),
(53,	'East Timorese',	'2023-09-15 04:23:29',	'2023-09-15 04:23:29'),
(54,	'Ecuadorean',	'2023-09-15 04:23:29',	'2023-09-15 04:23:29'),
(55,	'Egyptian',	'2023-09-15 04:23:29',	'2023-09-15 04:23:29'),
(56,	'Emirian',	'2023-09-15 04:23:29',	'2023-09-15 04:23:29'),
(57,	'Equatorial Guinean',	'2023-09-15 04:23:29',	'2023-09-15 04:23:29'),
(58,	'Eritrean',	'2023-09-15 04:23:29',	'2023-09-15 04:23:29'),
(59,	'Estonian',	'2023-09-15 04:23:29',	'2023-09-15 04:23:29'),
(60,	'Ethiopian',	'2023-09-15 04:23:29',	'2023-09-15 04:23:29'),
(61,	'Fijian',	'2023-09-15 04:23:29',	'2023-09-15 04:23:29'),
(62,	'Filipino',	'2023-09-15 04:23:29',	'2023-09-15 04:23:29'),
(63,	'Finnish',	'2023-09-15 04:23:29',	'2023-09-15 04:23:29'),
(64,	'French',	'2023-09-15 04:23:29',	'2023-09-15 04:23:29'),
(65,	'Gabonese',	'2023-09-15 04:23:29',	'2023-09-15 04:23:29'),
(66,	'Gambian',	'2023-09-15 04:23:29',	'2023-09-15 04:23:29'),
(67,	'Georgian',	'2023-09-15 04:23:29',	'2023-09-15 04:23:29'),
(68,	'German',	'2023-09-15 04:23:29',	'2023-09-15 04:23:29'),
(69,	'Ghanaian',	'2023-09-15 04:23:29',	'2023-09-15 04:23:29'),
(70,	'Greek',	'2023-09-15 04:23:29',	'2023-09-15 04:23:29'),
(71,	'Grenadian',	'2023-09-15 04:23:29',	'2023-09-15 04:23:29'),
(72,	'Guatemalan',	'2023-09-15 04:23:29',	'2023-09-15 04:23:29'),
(73,	'Guinea-Bissauan',	'2023-09-15 04:23:29',	'2023-09-15 04:23:29'),
(74,	'Guinean',	'2023-09-15 04:23:29',	'2023-09-15 04:23:29'),
(75,	'Guyanese',	'2023-09-15 04:23:29',	'2023-09-15 04:23:29'),
(76,	'Haitian',	'2023-09-15 04:23:29',	'2023-09-15 04:23:29'),
(77,	'Herzegovinian',	'2023-09-15 04:23:29',	'2023-09-15 04:23:29'),
(78,	'Honduran',	'2023-09-15 04:23:29',	'2023-09-15 04:23:29'),
(79,	'Hungarian',	'2023-09-15 04:23:29',	'2023-09-15 04:23:29'),
(80,	'I-Kiribati',	'2023-09-15 04:23:29',	'2023-09-15 04:23:29'),
(81,	'Icelander',	'2023-09-15 04:23:29',	'2023-09-15 04:23:29'),
(82,	'Indian',	'2023-09-15 04:23:29',	'2023-09-15 04:23:29'),
(83,	'Indonesian',	'2023-09-15 04:23:29',	'2023-09-15 04:23:29'),
(84,	'Iranian',	'2023-09-15 04:23:29',	'2023-09-15 04:23:29'),
(85,	'Iraqi',	'2023-09-15 04:23:29',	'2023-09-15 04:23:29'),
(86,	'Irish',	'2023-09-15 04:23:29',	'2023-09-15 04:23:29'),
(87,	'Israeli',	'2023-09-15 04:23:29',	'2023-09-15 04:23:29'),
(88,	'Italian',	'2023-09-15 04:23:29',	'2023-09-15 04:23:29'),
(89,	'Ivorian',	'2023-09-15 04:23:29',	'2023-09-15 04:23:29'),
(90,	'Jamaican',	'2023-09-15 04:23:29',	'2023-09-15 04:23:29'),
(91,	'Japanese',	'2023-09-15 04:23:29',	'2023-09-15 04:23:29'),
(92,	'Jordanian',	'2023-09-15 04:23:29',	'2023-09-15 04:23:29'),
(93,	'Kazakhstani',	'2023-09-15 04:23:29',	'2023-09-15 04:23:29'),
(94,	'Kenyan',	'2023-09-15 04:23:29',	'2023-09-15 04:23:29'),
(95,	'Kittian and Nevisian',	'2023-09-15 04:23:29',	'2023-09-15 04:23:29'),
(96,	'Kuwaiti',	'2023-09-15 04:23:29',	'2023-09-15 04:23:29'),
(97,	'Kyrgyz',	'2023-09-15 04:23:29',	'2023-09-15 04:23:29'),
(98,	'Laotian',	'2023-09-15 04:23:29',	'2023-09-15 04:23:29'),
(99,	'Latvian',	'2023-09-15 04:23:29',	'2023-09-15 04:23:29'),
(100,	'Lebanese',	'2023-09-15 04:23:29',	'2023-09-15 04:23:29'),
(101,	'Liberian',	'2023-09-15 04:23:29',	'2023-09-15 04:23:29'),
(102,	'Libyan',	'2023-09-15 04:23:29',	'2023-09-15 04:23:29'),
(103,	'Liechtensteiner',	'2023-09-15 04:23:29',	'2023-09-15 04:23:29'),
(104,	'Lithuanian',	'2023-09-15 04:23:29',	'2023-09-15 04:23:29'),
(105,	'Luxembourger',	'2023-09-15 04:23:29',	'2023-09-15 04:23:29'),
(106,	'Macedonian',	'2023-09-15 04:23:29',	'2023-09-15 04:23:29'),
(107,	'Malagasy',	'2023-09-15 04:23:29',	'2023-09-15 04:23:29'),
(108,	'Malawian',	'2023-09-15 04:23:29',	'2023-09-15 04:23:29'),
(109,	'Malaysian',	'2023-09-15 04:23:29',	'2023-09-15 04:23:29'),
(110,	'Maldivan',	'2023-09-15 04:23:29',	'2023-09-15 04:23:29'),
(111,	'Malian',	'2023-09-15 04:23:29',	'2023-09-15 04:23:29'),
(112,	'Maltese',	'2023-09-15 04:23:29',	'2023-09-15 04:23:29'),
(113,	'Marshallese',	'2023-09-15 04:23:29',	'2023-09-15 04:23:29'),
(114,	'Mauritanian',	'2023-09-15 04:23:29',	'2023-09-15 04:23:29'),
(115,	'Mauritian',	'2023-09-15 04:23:29',	'2023-09-15 04:23:29'),
(116,	'Mexican',	'2023-09-15 04:23:29',	'2023-09-15 04:23:29'),
(117,	'Micronesian',	'2023-09-15 04:23:29',	'2023-09-15 04:23:29'),
(118,	'Moldovan',	'2023-09-15 04:23:29',	'2023-09-15 04:23:29'),
(119,	'Monacan',	'2023-09-15 04:23:29',	'2023-09-15 04:23:29'),
(120,	'Mongolian',	'2023-09-15 04:23:29',	'2023-09-15 04:23:29'),
(121,	'Moroccan',	'2023-09-15 04:23:29',	'2023-09-15 04:23:29'),
(122,	'Mosotho',	'2023-09-15 04:23:29',	'2023-09-15 04:23:29'),
(123,	'Motswana',	'2023-09-15 04:23:29',	'2023-09-15 04:23:29'),
(124,	'Mozambican',	'2023-09-15 04:23:29',	'2023-09-15 04:23:29'),
(125,	'Namibian',	'2023-09-15 04:23:29',	'2023-09-15 04:23:29'),
(126,	'Nauruan',	'2023-09-15 04:23:29',	'2023-09-15 04:23:29'),
(127,	'Nepalese',	'2023-09-15 04:23:29',	'2023-09-15 04:23:29'),
(128,	'New Zealander',	'2023-09-15 04:23:29',	'2023-09-15 04:23:29'),
(129,	'Nicaraguan',	'2023-09-15 04:23:29',	'2023-09-15 04:23:29'),
(130,	'Nigerian',	'2023-09-15 04:23:29',	'2023-09-15 04:23:29'),
(131,	'Nigerien',	'2023-09-15 04:23:29',	'2023-09-15 04:23:29'),
(132,	'North Korean',	'2023-09-15 04:23:29',	'2023-09-15 04:23:29'),
(133,	'Northern Irish',	'2023-09-15 04:23:29',	'2023-09-15 04:23:29'),
(134,	'Norwegian',	'2023-09-15 04:23:29',	'2023-09-15 04:23:29'),
(135,	'Omani',	'2023-09-15 04:23:29',	'2023-09-15 04:23:29'),
(136,	'Pakistani',	'2023-09-15 04:23:29',	'2023-09-15 04:23:29'),
(137,	'Palauan',	'2023-09-15 04:23:29',	'2023-09-15 04:23:29'),
(138,	'Panamanian',	'2023-09-15 04:23:29',	'2023-09-15 04:23:29'),
(139,	'Papua New Guinean',	'2023-09-15 04:23:29',	'2023-09-15 04:23:29'),
(140,	'Paraguayan',	'2023-09-15 04:23:29',	'2023-09-15 04:23:29'),
(141,	'Peruvian',	'2023-09-15 04:23:29',	'2023-09-15 04:23:29'),
(142,	'Polish',	'2023-09-15 04:23:29',	'2023-09-15 04:23:29'),
(143,	'Portuguese',	'2023-09-15 04:23:29',	'2023-09-15 04:23:29'),
(144,	'Qatari',	'2023-09-15 04:23:29',	'2023-09-15 04:23:29'),
(145,	'Romanian',	'2023-09-15 04:23:29',	'2023-09-15 04:23:29'),
(146,	'Russian',	'2023-09-15 04:23:29',	'2023-09-15 04:23:29'),
(147,	'Rwandan',	'2023-09-15 04:23:29',	'2023-09-15 04:23:29'),
(148,	'Saint Lucian',	'2023-09-15 04:23:29',	'2023-09-15 04:23:29'),
(149,	'Salvadoran',	'2023-09-15 04:23:29',	'2023-09-15 04:23:29'),
(150,	'Samoan',	'2023-09-15 04:23:29',	'2023-09-15 04:23:29'),
(151,	'San Marinese',	'2023-09-15 04:23:29',	'2023-09-15 04:23:29'),
(152,	'Sao Tomean',	'2023-09-15 04:23:29',	'2023-09-15 04:23:29'),
(153,	'Saudi',	'2023-09-15 04:23:29',	'2023-09-15 04:23:29'),
(154,	'Scottish',	'2023-09-15 04:23:29',	'2023-09-15 04:23:29'),
(155,	'Senegalese',	'2023-09-15 04:23:29',	'2023-09-15 04:23:29'),
(156,	'Serbian',	'2023-09-15 04:23:29',	'2023-09-15 04:23:29'),
(157,	'Seychellois',	'2023-09-15 04:23:29',	'2023-09-15 04:23:29'),
(158,	'Sierra Leonean',	'2023-09-15 04:23:29',	'2023-09-15 04:23:29'),
(159,	'Singaporean',	'2023-09-15 04:23:29',	'2023-09-15 04:23:29'),
(160,	'Slovakian',	'2023-09-15 04:23:29',	'2023-09-15 04:23:29'),
(161,	'Slovenian',	'2023-09-15 04:23:29',	'2023-09-15 04:23:29'),
(162,	'Solomon Islander',	'2023-09-15 04:23:29',	'2023-09-15 04:23:29'),
(163,	'Somali',	'2023-09-15 04:23:29',	'2023-09-15 04:23:29'),
(164,	'South African',	'2023-09-15 04:23:29',	'2023-09-15 04:23:29'),
(165,	'South Korean',	'2023-09-15 04:23:29',	'2023-09-15 04:23:29'),
(166,	'Spanish',	'2023-09-15 04:23:29',	'2023-09-15 04:23:29'),
(167,	'Sri Lankan',	'2023-09-15 04:23:29',	'2023-09-15 04:23:29'),
(168,	'Sudanese',	'2023-09-15 04:23:29',	'2023-09-15 04:23:29'),
(169,	'Surinamer',	'2023-09-15 04:23:29',	'2023-09-15 04:23:29'),
(170,	'Swazi',	'2023-09-15 04:23:29',	'2023-09-15 04:23:29'),
(171,	'Swedish',	'2023-09-15 04:23:29',	'2023-09-15 04:23:29'),
(172,	'Swiss',	'2023-09-15 04:23:29',	'2023-09-15 04:23:29'),
(173,	'Syrian',	'2023-09-15 04:23:29',	'2023-09-15 04:23:29'),
(174,	'Taiwanese',	'2023-09-15 04:23:29',	'2023-09-15 04:23:29'),
(175,	'Tajik',	'2023-09-15 04:23:29',	'2023-09-15 04:23:29'),
(176,	'Tanzanian',	'2023-09-15 04:23:29',	'2023-09-15 04:23:29'),
(177,	'Thai',	'2023-09-15 04:23:29',	'2023-09-15 04:23:29'),
(178,	'Togolese',	'2023-09-15 04:23:29',	'2023-09-15 04:23:29'),
(179,	'Tongan',	'2023-09-15 04:23:29',	'2023-09-15 04:23:29'),
(180,	'Trinidadian/Tobagonian',	'2023-09-15 04:23:29',	'2023-09-15 04:23:29'),
(181,	'Tunisian',	'2023-09-15 04:23:29',	'2023-09-15 04:23:29'),
(182,	'Turkish',	'2023-09-15 04:23:29',	'2023-09-15 04:23:29'),
(183,	'Tuvaluan',	'2023-09-15 04:23:29',	'2023-09-15 04:23:29'),
(184,	'Ugandan',	'2023-09-15 04:23:29',	'2023-09-15 04:23:29'),
(185,	'Ukrainian',	'2023-09-15 04:23:29',	'2023-09-15 04:23:29'),
(186,	'Uruguayan',	'2023-09-15 04:23:29',	'2023-09-15 04:23:29'),
(187,	'Uzbekistani',	'2023-09-15 04:23:29',	'2023-09-15 04:23:29'),
(188,	'Venezuelan',	'2023-09-15 04:23:29',	'2023-09-15 04:23:29'),
(189,	'Vietnamese',	'2023-09-15 04:23:29',	'2023-09-15 04:23:29'),
(190,	'Welsh',	'2023-09-15 04:23:29',	'2023-09-15 04:23:29'),
(191,	'Yemenite',	'2023-09-15 04:23:29',	'2023-09-15 04:23:29'),
(192,	'Zambian',	'2023-09-15 04:23:29',	'2023-09-15 04:23:29'),
(193,	'Zimbabwean',	'2023-09-15 04:23:29',	'2023-09-15 04:23:29');

DROP TABLE IF EXISTS `password_resets`;
CREATE TABLE `password_resets` (
  `email` varchar(100) COLLATE utf8mb4_unicode_ci NOT NULL,
  `token` varchar(255) COLLATE utf8mb4_unicode_ci NOT NULL,
  `created_at` timestamp NULL DEFAULT NULL,
  KEY `password_resets_email_index` (`email`)
) ENGINE=InnoDB DEFAULT CHARSET=utf8mb4 COLLATE=utf8mb4_unicode_ci;


DROP TABLE IF EXISTS `payment_records`;
CREATE TABLE `payment_records` (
  `id` int unsigned NOT NULL AUTO_INCREMENT,
  `payment_id` int unsigned NOT NULL,
  `student_id` int unsigned NOT NULL,
  `ref_no` varchar(100) COLLATE utf8mb4_unicode_ci DEFAULT NULL,
  `amt_paid` int DEFAULT NULL,
  `balance` int DEFAULT NULL,
  `paid` tinyint NOT NULL DEFAULT '0',
  `year` varchar(255) COLLATE utf8mb4_unicode_ci NOT NULL,
  `created_at` timestamp NULL DEFAULT NULL,
  `updated_at` timestamp NULL DEFAULT NULL,
  PRIMARY KEY (`id`),
  UNIQUE KEY `payment_records_ref_no_unique` (`ref_no`),
  KEY `payment_records_payment_id_foreign` (`payment_id`),
  KEY `payment_records_student_id_foreign` (`student_id`),
  CONSTRAINT `payment_records_payment_id_foreign` FOREIGN KEY (`payment_id`) REFERENCES `payments` (`id`) ON DELETE CASCADE,
  CONSTRAINT `payment_records_student_id_foreign` FOREIGN KEY (`student_id`) REFERENCES `users` (`id`) ON DELETE CASCADE
) ENGINE=InnoDB DEFAULT CHARSET=utf8mb4 COLLATE=utf8mb4_unicode_ci;


DROP TABLE IF EXISTS `payments`;
CREATE TABLE `payments` (
  `id` int unsigned NOT NULL AUTO_INCREMENT,
  `title` varchar(100) COLLATE utf8mb4_unicode_ci NOT NULL,
  `amount` int NOT NULL,
  `ref_no` varchar(100) COLLATE utf8mb4_unicode_ci NOT NULL,
  `method` varchar(100) COLLATE utf8mb4_unicode_ci NOT NULL DEFAULT 'cash',
  `my_class_id` int unsigned DEFAULT NULL,
  `description` varchar(255) COLLATE utf8mb4_unicode_ci DEFAULT NULL,
  `year` varchar(255) COLLATE utf8mb4_unicode_ci NOT NULL,
  `created_at` timestamp NULL DEFAULT NULL,
  `updated_at` timestamp NULL DEFAULT NULL,
  PRIMARY KEY (`id`),
  UNIQUE KEY `payments_ref_no_unique` (`ref_no`),
  KEY `payments_my_class_id_foreign` (`my_class_id`),
  CONSTRAINT `payments_my_class_id_foreign` FOREIGN KEY (`my_class_id`) REFERENCES `my_classes` (`id`) ON DELETE CASCADE
) ENGINE=InnoDB DEFAULT CHARSET=utf8mb4 COLLATE=utf8mb4_unicode_ci;


DROP TABLE IF EXISTS `pins`;
CREATE TABLE `pins` (
  `id` int unsigned NOT NULL AUTO_INCREMENT,
  `code` varchar(40) COLLATE utf8mb4_unicode_ci NOT NULL,
  `used` varchar(255) COLLATE utf8mb4_unicode_ci NOT NULL DEFAULT '0',
  `times_used` varchar(255) COLLATE utf8mb4_unicode_ci NOT NULL DEFAULT '0',
  `user_id` int unsigned DEFAULT NULL,
  `student_id` int unsigned DEFAULT NULL,
  `created_at` timestamp NULL DEFAULT NULL,
  `updated_at` timestamp NULL DEFAULT NULL,
  PRIMARY KEY (`id`),
  UNIQUE KEY `pins_code_unique` (`code`),
  KEY `pins_user_id_foreign` (`user_id`),
  KEY `pins_student_id_foreign` (`student_id`),
  CONSTRAINT `pins_student_id_foreign` FOREIGN KEY (`student_id`) REFERENCES `users` (`id`) ON DELETE CASCADE,
  CONSTRAINT `pins_user_id_foreign` FOREIGN KEY (`user_id`) REFERENCES `users` (`id`) ON DELETE CASCADE
) ENGINE=InnoDB DEFAULT CHARSET=utf8mb4 COLLATE=utf8mb4_unicode_ci;


DROP TABLE IF EXISTS `promotions`;
CREATE TABLE `promotions` (
  `id` int unsigned NOT NULL AUTO_INCREMENT,
  `student_id` int unsigned NOT NULL,
  `from_class` int unsigned NOT NULL,
  `from_section` int unsigned NOT NULL,
  `to_class` int unsigned NOT NULL,
  `to_section` int unsigned NOT NULL,
  `grad` tinyint NOT NULL,
  `from_session` varchar(255) COLLATE utf8mb4_unicode_ci NOT NULL,
  `to_session` varchar(255) COLLATE utf8mb4_unicode_ci NOT NULL,
  `status` varchar(255) COLLATE utf8mb4_unicode_ci NOT NULL,
  `created_at` timestamp NULL DEFAULT NULL,
  `updated_at` timestamp NULL DEFAULT NULL,
  PRIMARY KEY (`id`),
  KEY `promotions_student_id_foreign` (`student_id`),
  KEY `promotions_from_class_foreign` (`from_class`),
  KEY `promotions_from_section_foreign` (`from_section`),
  KEY `promotions_to_section_foreign` (`to_section`),
  KEY `promotions_to_class_foreign` (`to_class`),
  CONSTRAINT `promotions_from_class_foreign` FOREIGN KEY (`from_class`) REFERENCES `my_classes` (`id`) ON DELETE CASCADE,
  CONSTRAINT `promotions_from_section_foreign` FOREIGN KEY (`from_section`) REFERENCES `sections` (`id`) ON DELETE CASCADE,
  CONSTRAINT `promotions_student_id_foreign` FOREIGN KEY (`student_id`) REFERENCES `users` (`id`) ON DELETE CASCADE,
  CONSTRAINT `promotions_to_class_foreign` FOREIGN KEY (`to_class`) REFERENCES `my_classes` (`id`) ON DELETE CASCADE,
  CONSTRAINT `promotions_to_section_foreign` FOREIGN KEY (`to_section`) REFERENCES `sections` (`id`) ON DELETE CASCADE
) ENGINE=InnoDB DEFAULT CHARSET=utf8mb4 COLLATE=utf8mb4_unicode_ci;


DROP TABLE IF EXISTS `receipts`;
CREATE TABLE `receipts` (
  `id` int unsigned NOT NULL AUTO_INCREMENT,
  `pr_id` int unsigned NOT NULL,
  `amt_paid` int NOT NULL,
  `balance` int NOT NULL,
  `year` varchar(255) COLLATE utf8mb4_unicode_ci NOT NULL,
  `created_at` timestamp NULL DEFAULT NULL,
  `updated_at` timestamp NULL DEFAULT NULL,
  PRIMARY KEY (`id`),
  KEY `receipts_pr_id_foreign` (`pr_id`),
  CONSTRAINT `receipts_pr_id_foreign` FOREIGN KEY (`pr_id`) REFERENCES `payment_records` (`id`) ON DELETE CASCADE
) ENGINE=InnoDB DEFAULT CHARSET=utf8mb4 COLLATE=utf8mb4_unicode_ci;


DROP TABLE IF EXISTS `sections`;
CREATE TABLE `sections` (
  `id` int unsigned NOT NULL AUTO_INCREMENT,
  `name` varchar(100) COLLATE utf8mb4_unicode_ci NOT NULL,
  `my_class_id` int unsigned NOT NULL,
  `teacher_id` int unsigned DEFAULT NULL,
  `active` tinyint NOT NULL DEFAULT '0',
  `created_at` timestamp NULL DEFAULT NULL,
  `updated_at` timestamp NULL DEFAULT NULL,
  PRIMARY KEY (`id`),
  UNIQUE KEY `sections_name_my_class_id_unique` (`name`,`my_class_id`),
  KEY `sections_my_class_id_foreign` (`my_class_id`),
  KEY `sections_teacher_id_foreign` (`teacher_id`),
  CONSTRAINT `sections_my_class_id_foreign` FOREIGN KEY (`my_class_id`) REFERENCES `my_classes` (`id`) ON DELETE CASCADE,
  CONSTRAINT `sections_teacher_id_foreign` FOREIGN KEY (`teacher_id`) REFERENCES `users` (`id`) ON DELETE SET NULL
) ENGINE=InnoDB DEFAULT CHARSET=utf8mb4 COLLATE=utf8mb4_unicode_ci;

INSERT INTO `sections` (`id`, `name`, `my_class_id`, `teacher_id`, `active`, `created_at`, `updated_at`) VALUES
(1,	'Gold',	1,	NULL,	1,	NULL,	NULL),
(2,	'Diamond',	1,	NULL,	0,	NULL,	NULL),
(3,	'Silver',	2,	NULL,	1,	NULL,	NULL),
(4,	'Lemon',	2,	NULL,	0,	NULL,	NULL),
(5,	'Bronze',	3,	NULL,	1,	NULL,	NULL),
(6,	'Silver',	4,	NULL,	1,	NULL,	NULL),
(7,	'Diamond',	5,	NULL,	1,	NULL,	NULL),
(8,	'Blue',	6,	NULL,	1,	NULL,	NULL),
(9,	'A',	7,	NULL,	1,	NULL,	NULL),
(10,	'A',	8,	NULL,	1,	NULL,	NULL),
(11,	'A',	9,	NULL,	1,	NULL,	NULL),
(12,	'A',	10,	NULL,	1,	NULL,	NULL);

DROP TABLE IF EXISTS `settings`;
CREATE TABLE `settings` (
  `id` int unsigned NOT NULL AUTO_INCREMENT,
  `type` varchar(255) COLLATE utf8mb4_unicode_ci NOT NULL,
  `description` varchar(255) COLLATE utf8mb4_unicode_ci DEFAULT NULL,
  `created_at` timestamp NULL DEFAULT NULL,
  `updated_at` timestamp NULL DEFAULT NULL,
  PRIMARY KEY (`id`)
) ENGINE=InnoDB DEFAULT CHARSET=utf8mb4 COLLATE=utf8mb4_unicode_ci;

INSERT INTO `settings` (`id`, `type`, `description`, `created_at`, `updated_at`) VALUES
(1,	'current_session',	'2018-2019',	NULL,	NULL),
(2,	'system_title',	'CJIA',	NULL,	NULL),
(3,	'system_name',	'CJ INSPIRED ACADEMY',	NULL,	NULL),
(4,	'term_ends',	'7/10/2018',	NULL,	NULL),
(5,	'term_begins',	'7/10/2018',	NULL,	NULL),
(6,	'phone',	'0123456789',	NULL,	NULL),
(7,	'address',	'18B North Central Park, Behind Central Square Tourist Center',	NULL,	NULL),
(8,	'system_email',	'cjacademy@cj.com',	NULL,	NULL),
(9,	'alt_email',	'',	NULL,	NULL),
(10,	'email_host',	'',	NULL,	NULL),
(11,	'email_pass',	'',	NULL,	NULL),
(12,	'lock_exam',	'0',	NULL,	NULL),
(13,	'logo',	'',	NULL,	NULL),
(14,	'next_term_fees_j',	'20000',	NULL,	NULL),
(15,	'next_term_fees_pn',	'25000',	NULL,	NULL),
(16,	'next_term_fees_p',	'25000',	NULL,	NULL),
(17,	'next_term_fees_n',	'25600',	NULL,	NULL),
(18,	'next_term_fees_s',	'15600',	NULL,	NULL),
(19,	'next_term_fees_c',	'1600',	NULL,	NULL);

DROP TABLE IF EXISTS `skills`;
CREATE TABLE `skills` (
  `id` int unsigned NOT NULL AUTO_INCREMENT,
  `name` varchar(255) COLLATE utf8mb4_unicode_ci NOT NULL,
  `skill_type` varchar(255) COLLATE utf8mb4_unicode_ci NOT NULL,
  `class_type` varchar(255) COLLATE utf8mb4_unicode_ci DEFAULT NULL,
  `created_at` timestamp NULL DEFAULT NULL,
  `updated_at` timestamp NULL DEFAULT NULL,
  PRIMARY KEY (`id`)
) ENGINE=InnoDB DEFAULT CHARSET=utf8mb4 COLLATE=utf8mb4_unicode_ci;

INSERT INTO `skills` (`id`, `name`, `skill_type`, `class_type`, `created_at`, `updated_at`) VALUES
(1,	'PUNCTUALITY',	'AF',	NULL,	NULL,	NULL),
(2,	'NEATNESS',	'AF',	NULL,	NULL,	NULL),
(3,	'HONESTY',	'AF',	NULL,	NULL,	NULL),
(4,	'RELIABILITY',	'AF',	NULL,	NULL,	NULL),
(5,	'RELATIONSHIP WITH OTHERS',	'AF',	NULL,	NULL,	NULL),
(6,	'POLITENESS',	'AF',	NULL,	NULL,	NULL),
(7,	'ALERTNESS',	'AF',	NULL,	NULL,	NULL),
(8,	'HANDWRITING',	'PS',	NULL,	NULL,	NULL),
(9,	'GAMES & SPORTS',	'PS',	NULL,	NULL,	NULL),
(10,	'DRAWING & ARTS',	'PS',	NULL,	NULL,	NULL),
(11,	'PAINTING',	'PS',	NULL,	NULL,	NULL),
(12,	'CONSTRUCTION',	'PS',	NULL,	NULL,	NULL),
(13,	'MUSICAL SKILLS',	'PS',	NULL,	NULL,	NULL),
(14,	'FLEXIBILITY',	'PS',	NULL,	NULL,	NULL);

DROP TABLE IF EXISTS `staff_records`;
CREATE TABLE `staff_records` (
  `id` int unsigned NOT NULL AUTO_INCREMENT,
  `user_id` int unsigned NOT NULL,
  `code` varchar(100) COLLATE utf8mb4_unicode_ci DEFAULT NULL,
  `emp_date` varchar(255) COLLATE utf8mb4_unicode_ci DEFAULT NULL,
  `created_at` timestamp NULL DEFAULT NULL,
  `updated_at` timestamp NULL DEFAULT NULL,
  PRIMARY KEY (`id`),
  UNIQUE KEY `staff_records_code_unique` (`code`),
  KEY `staff_records_user_id_foreign` (`user_id`),
  CONSTRAINT `staff_records_user_id_foreign` FOREIGN KEY (`user_id`) REFERENCES `users` (`id`) ON DELETE CASCADE
) ENGINE=InnoDB DEFAULT CHARSET=utf8mb4 COLLATE=utf8mb4_unicode_ci;


DROP TABLE IF EXISTS `states`;
CREATE TABLE `states` (
  `id` int unsigned NOT NULL AUTO_INCREMENT,
  `name` varchar(255) COLLATE utf8mb4_unicode_ci NOT NULL,
  `created_at` timestamp NULL DEFAULT NULL,
  `updated_at` timestamp NULL DEFAULT NULL,
  PRIMARY KEY (`id`)
) ENGINE=InnoDB DEFAULT CHARSET=utf8mb4 COLLATE=utf8mb4_unicode_ci;

INSERT INTO `states` (`id`, `name`, `created_at`, `updated_at`) VALUES
(1,	'Abia',	'2023-09-15 04:23:29',	'2023-09-15 04:23:29'),
(2,	'Adamawa',	'2023-09-15 04:23:29',	'2023-09-15 04:23:29'),
(3,	'Akwa Ibom',	'2023-09-15 04:23:29',	'2023-09-15 04:23:29'),
(4,	'Anambra',	'2023-09-15 04:23:29',	'2023-09-15 04:23:29'),
(5,	'Bauchi',	'2023-09-15 04:23:29',	'2023-09-15 04:23:29'),
(6,	'Bayelsa',	'2023-09-15 04:23:29',	'2023-09-15 04:23:29'),
(7,	'Benue',	'2023-09-15 04:23:29',	'2023-09-15 04:23:29'),
(8,	'Borno',	'2023-09-15 04:23:29',	'2023-09-15 04:23:29'),
(9,	'Cross River',	'2023-09-15 04:23:29',	'2023-09-15 04:23:29'),
(10,	'Delta',	'2023-09-15 04:23:29',	'2023-09-15 04:23:29'),
(11,	'Ebonyi',	'2023-09-15 04:23:29',	'2023-09-15 04:23:29'),
(12,	'Edo',	'2023-09-15 04:23:29',	'2023-09-15 04:23:29'),
(13,	'Ekiti',	'2023-09-15 04:23:29',	'2023-09-15 04:23:29'),
(14,	'Enugu',	'2023-09-15 04:23:29',	'2023-09-15 04:23:29'),
(15,	'FCT',	'2023-09-15 04:23:29',	'2023-09-15 04:23:29'),
(16,	'Gombe',	'2023-09-15 04:23:29',	'2023-09-15 04:23:29'),
(17,	'Imo',	'2023-09-15 04:23:29',	'2023-09-15 04:23:29'),
(18,	'Jigawa',	'2023-09-15 04:23:29',	'2023-09-15 04:23:29'),
(19,	'Kaduna',	'2023-09-15 04:23:29',	'2023-09-15 04:23:29'),
(20,	'Kano',	'2023-09-15 04:23:29',	'2023-09-15 04:23:29'),
(21,	'Katsina',	'2023-09-15 04:23:29',	'2023-09-15 04:23:29'),
(22,	'Kebbi',	'2023-09-15 04:23:29',	'2023-09-15 04:23:29'),
(23,	'Kogi',	'2023-09-15 04:23:29',	'2023-09-15 04:23:29'),
(24,	'Kwara',	'2023-09-15 04:23:29',	'2023-09-15 04:23:29'),
(25,	'Lagos',	'2023-09-15 04:23:29',	'2023-09-15 04:23:29'),
(26,	'Nasarawa',	'2023-09-15 04:23:29',	'2023-09-15 04:23:29'),
(27,	'Niger',	'2023-09-15 04:23:29',	'2023-09-15 04:23:29'),
(28,	'Ogun',	'2023-09-15 04:23:29',	'2023-09-15 04:23:29'),
(29,	'Ondo',	'2023-09-15 04:23:29',	'2023-09-15 04:23:29'),
(30,	'Osun',	'2023-09-15 04:23:29',	'2023-09-15 04:23:29'),
(31,	'Oyo',	'2023-09-15 04:23:29',	'2023-09-15 04:23:29'),
(32,	'Plateau',	'2023-09-15 04:23:29',	'2023-09-15 04:23:29'),
(33,	'Rivers',	'2023-09-15 04:23:29',	'2023-09-15 04:23:29'),
(34,	'Sokoto',	'2023-09-15 04:23:29',	'2023-09-15 04:23:29'),
(35,	'Taraba',	'2023-09-15 04:23:29',	'2023-09-15 04:23:29'),
(36,	'Yobe',	'2023-09-15 04:23:29',	'2023-09-15 04:23:29'),
(37,	'Zamfara',	'2023-09-15 04:23:29',	'2023-09-15 04:23:29');

DROP TABLE IF EXISTS `student_records`;
CREATE TABLE `student_records` (
  `id` int unsigned NOT NULL AUTO_INCREMENT,
  `user_id` int unsigned NOT NULL,
  `my_class_id` int unsigned NOT NULL,
  `section_id` int unsigned NOT NULL,
  `adm_no` varchar(30) COLLATE utf8mb4_unicode_ci DEFAULT NULL,
  `my_parent_id` int unsigned DEFAULT NULL,
  `dorm_id` int unsigned DEFAULT NULL,
  `dorm_room_no` varchar(255) COLLATE utf8mb4_unicode_ci DEFAULT NULL,
  `session` varchar(255) COLLATE utf8mb4_unicode_ci NOT NULL,
  `house` varchar(255) COLLATE utf8mb4_unicode_ci DEFAULT NULL,
  `age` tinyint DEFAULT NULL,
  `year_admitted` varchar(255) COLLATE utf8mb4_unicode_ci DEFAULT NULL,
  `grad` tinyint NOT NULL DEFAULT '0',
  `grad_date` varchar(255) COLLATE utf8mb4_unicode_ci DEFAULT NULL,
  `created_at` timestamp NULL DEFAULT NULL,
  `updated_at` timestamp NULL DEFAULT NULL,
  PRIMARY KEY (`id`),
  UNIQUE KEY `student_records_adm_no_unique` (`adm_no`),
  KEY `student_records_user_id_foreign` (`user_id`),
  KEY `student_records_my_class_id_foreign` (`my_class_id`),
  KEY `student_records_section_id_foreign` (`section_id`),
  KEY `student_records_my_parent_id_foreign` (`my_parent_id`),
  KEY `student_records_dorm_id_foreign` (`dorm_id`),
  CONSTRAINT `student_records_dorm_id_foreign` FOREIGN KEY (`dorm_id`) REFERENCES `dorms` (`id`) ON DELETE SET NULL,
  CONSTRAINT `student_records_my_class_id_foreign` FOREIGN KEY (`my_class_id`) REFERENCES `my_classes` (`id`) ON DELETE CASCADE,
  CONSTRAINT `student_records_my_parent_id_foreign` FOREIGN KEY (`my_parent_id`) REFERENCES `users` (`id`) ON DELETE SET NULL,
  CONSTRAINT `student_records_section_id_foreign` FOREIGN KEY (`section_id`) REFERENCES `sections` (`id`) ON DELETE CASCADE,
  CONSTRAINT `student_records_user_id_foreign` FOREIGN KEY (`user_id`) REFERENCES `users` (`id`) ON DELETE CASCADE
) ENGINE=InnoDB DEFAULT CHARSET=utf8mb4 COLLATE=utf8mb4_unicode_ci;

INSERT INTO `student_records` (`id`, `user_id`, `my_class_id`, `section_id`, `adm_no`, `my_parent_id`, `dorm_id`, `dorm_room_no`, `session`, `house`, `age`, `year_admitted`, `grad`, `grad_date`, `created_at`, `updated_at`) VALUES
(1,	18,	1,	1,	NULL,	NULL,	NULL,	NULL,	'2018-2019',	NULL,	NULL,	NULL,	0,	NULL,	'2023-09-15 04:23:31',	'2023-09-15 04:23:31'),
(2,	19,	1,	1,	NULL,	NULL,	NULL,	NULL,	'2018-2019',	NULL,	NULL,	NULL,	0,	NULL,	'2023-09-15 04:23:31',	'2023-09-15 04:23:31'),
(3,	20,	1,	1,	NULL,	NULL,	NULL,	NULL,	'2018-2019',	NULL,	NULL,	NULL,	0,	NULL,	'2023-09-15 04:23:31',	'2023-09-15 04:23:31'),
(4,	21,	1,	1,	NULL,	NULL,	NULL,	NULL,	'2018-2019',	NULL,	NULL,	NULL,	0,	NULL,	'2023-09-15 04:23:31',	'2023-09-15 04:23:31'),
(5,	22,	1,	2,	NULL,	NULL,	NULL,	NULL,	'2018-2019',	NULL,	NULL,	NULL,	0,	NULL,	'2023-09-15 04:23:31',	'2023-09-15 04:23:31'),
(6,	23,	1,	2,	NULL,	NULL,	NULL,	NULL,	'2018-2019',	NULL,	NULL,	NULL,	0,	NULL,	'2023-09-15 04:23:31',	'2023-09-15 04:23:31'),
(7,	24,	1,	2,	NULL,	NULL,	NULL,	NULL,	'2018-2019',	NULL,	NULL,	NULL,	0,	NULL,	'2023-09-15 04:23:31',	'2023-09-15 04:23:31'),
(8,	25,	2,	3,	NULL,	NULL,	NULL,	NULL,	'2018-2019',	NULL,	NULL,	NULL,	0,	NULL,	'2023-09-15 04:23:32',	'2023-09-15 04:23:32'),
(9,	26,	2,	3,	NULL,	NULL,	NULL,	NULL,	'2018-2019',	NULL,	NULL,	NULL,	0,	NULL,	'2023-09-15 04:23:32',	'2023-09-15 04:23:32'),
(10,	27,	2,	3,	NULL,	NULL,	NULL,	NULL,	'2018-2019',	NULL,	NULL,	NULL,	0,	NULL,	'2023-09-15 04:23:32',	'2023-09-15 04:23:32'),
(11,	28,	2,	4,	NULL,	NULL,	NULL,	NULL,	'2018-2019',	NULL,	NULL,	NULL,	0,	NULL,	'2023-09-15 04:23:32',	'2023-09-15 04:23:32'),
(12,	29,	2,	4,	NULL,	NULL,	NULL,	NULL,	'2018-2019',	NULL,	NULL,	NULL,	0,	NULL,	'2023-09-15 04:23:32',	'2023-09-15 04:23:32'),
(13,	30,	2,	4,	NULL,	NULL,	NULL,	NULL,	'2018-2019',	NULL,	NULL,	NULL,	0,	NULL,	'2023-09-15 04:23:32',	'2023-09-15 04:23:32'),
(14,	31,	3,	5,	NULL,	NULL,	NULL,	NULL,	'2018-2019',	NULL,	NULL,	NULL,	0,	NULL,	'2023-09-15 04:23:32',	'2023-09-15 04:23:32'),
(15,	32,	3,	5,	NULL,	NULL,	NULL,	NULL,	'2018-2019',	NULL,	NULL,	NULL,	0,	NULL,	'2023-09-15 04:23:32',	'2023-09-15 04:23:32'),
(16,	33,	3,	5,	NULL,	NULL,	NULL,	NULL,	'2018-2019',	NULL,	NULL,	NULL,	0,	NULL,	'2023-09-15 04:23:32',	'2023-09-15 04:23:32'),
(17,	34,	4,	6,	NULL,	NULL,	NULL,	NULL,	'2018-2019',	NULL,	NULL,	NULL,	0,	NULL,	'2023-09-15 04:23:32',	'2023-09-15 04:23:32'),
(18,	35,	4,	6,	NULL,	NULL,	NULL,	NULL,	'2018-2019',	NULL,	NULL,	NULL,	0,	NULL,	'2023-09-15 04:23:32',	'2023-09-15 04:23:32'),
(19,	36,	4,	6,	NULL,	NULL,	NULL,	NULL,	'2018-2019',	NULL,	NULL,	NULL,	0,	NULL,	'2023-09-15 04:23:32',	'2023-09-15 04:23:32'),
(20,	37,	5,	7,	NULL,	NULL,	NULL,	NULL,	'2018-2019',	NULL,	NULL,	NULL,	0,	NULL,	'2023-09-15 04:23:33',	'2023-09-15 04:23:33'),
(21,	38,	5,	7,	NULL,	NULL,	NULL,	NULL,	'2018-2019',	NULL,	NULL,	NULL,	0,	NULL,	'2023-09-15 04:23:33',	'2023-09-15 04:23:33'),
(22,	39,	5,	7,	NULL,	NULL,	NULL,	NULL,	'2018-2019',	NULL,	NULL,	NULL,	0,	NULL,	'2023-09-15 04:23:33',	'2023-09-15 04:23:33'),
(23,	40,	6,	8,	NULL,	NULL,	NULL,	NULL,	'2018-2019',	NULL,	NULL,	NULL,	0,	NULL,	'2023-09-15 04:23:33',	'2023-09-15 04:23:33'),
(24,	41,	6,	8,	NULL,	NULL,	NULL,	NULL,	'2018-2019',	NULL,	NULL,	NULL,	0,	NULL,	'2023-09-15 04:23:33',	'2023-09-15 04:23:33'),
(25,	42,	6,	8,	NULL,	NULL,	NULL,	NULL,	'2018-2019',	NULL,	NULL,	NULL,	0,	NULL,	'2023-09-15 04:23:33',	'2023-09-15 04:23:33'),
(26,	43,	7,	9,	NULL,	NULL,	NULL,	NULL,	'2018-2019',	NULL,	NULL,	NULL,	0,	NULL,	'2023-09-15 04:23:33',	'2023-09-15 04:23:33'),
(27,	44,	7,	9,	NULL,	NULL,	NULL,	NULL,	'2018-2019',	NULL,	NULL,	NULL,	0,	NULL,	'2023-09-15 04:23:33',	'2023-09-15 04:23:33'),
(28,	45,	7,	9,	NULL,	NULL,	NULL,	NULL,	'2018-2019',	NULL,	NULL,	NULL,	0,	NULL,	'2023-09-15 04:23:33',	'2023-09-15 04:23:33'),
(29,	46,	8,	10,	NULL,	NULL,	NULL,	NULL,	'2018-2019',	NULL,	NULL,	NULL,	0,	NULL,	'2023-09-15 04:23:33',	'2023-09-15 04:23:33'),
(30,	47,	8,	10,	NULL,	NULL,	NULL,	NULL,	'2018-2019',	NULL,	NULL,	NULL,	0,	NULL,	'2023-09-15 04:23:33',	'2023-09-15 04:23:33'),
(31,	48,	8,	10,	NULL,	NULL,	NULL,	NULL,	'2018-2019',	NULL,	NULL,	NULL,	0,	NULL,	'2023-09-15 04:23:33',	'2023-09-15 04:23:33'),
(32,	49,	9,	11,	NULL,	NULL,	NULL,	NULL,	'2018-2019',	NULL,	NULL,	NULL,	0,	NULL,	'2023-09-15 04:23:33',	'2023-09-15 04:23:33'),
(33,	50,	9,	11,	NULL,	NULL,	NULL,	NULL,	'2018-2019',	NULL,	NULL,	NULL,	0,	NULL,	'2023-09-15 04:23:33',	'2023-09-15 04:23:33'),
(34,	51,	9,	11,	NULL,	NULL,	NULL,	NULL,	'2018-2019',	NULL,	NULL,	NULL,	0,	NULL,	'2023-09-15 04:23:33',	'2023-09-15 04:23:33'),
(35,	52,	10,	12,	NULL,	NULL,	NULL,	NULL,	'2018-2019',	NULL,	NULL,	NULL,	0,	NULL,	'2023-09-15 04:23:34',	'2023-09-15 04:23:34'),
(36,	53,	10,	12,	NULL,	NULL,	NULL,	NULL,	'2018-2019',	NULL,	NULL,	NULL,	0,	NULL,	'2023-09-15 04:23:34',	'2023-09-15 04:23:34'),
(37,	54,	10,	12,	NULL,	NULL,	NULL,	NULL,	'2018-2019',	NULL,	NULL,	NULL,	0,	NULL,	'2023-09-15 04:23:34',	'2023-09-15 04:23:34');

DROP TABLE IF EXISTS `subjects`;
CREATE TABLE `subjects` (
  `id` int unsigned NOT NULL AUTO_INCREMENT,
  `name` varchar(100) COLLATE utf8mb4_unicode_ci NOT NULL,
  `slug` varchar(100) COLLATE utf8mb4_unicode_ci NOT NULL,
  `my_class_id` int unsigned NOT NULL,
  `teacher_id` int unsigned NOT NULL,
  `created_at` timestamp NULL DEFAULT NULL,
  `updated_at` timestamp NULL DEFAULT NULL,
  PRIMARY KEY (`id`),
  UNIQUE KEY `subjects_my_class_id_name_unique` (`my_class_id`,`name`),
  KEY `subjects_teacher_id_foreign` (`teacher_id`),
  CONSTRAINT `subjects_my_class_id_foreign` FOREIGN KEY (`my_class_id`) REFERENCES `my_classes` (`id`) ON DELETE CASCADE,
  CONSTRAINT `subjects_teacher_id_foreign` FOREIGN KEY (`teacher_id`) REFERENCES `users` (`id`)
) ENGINE=InnoDB DEFAULT CHARSET=utf8mb4 COLLATE=utf8mb4_unicode_ci;

INSERT INTO `subjects` (`id`, `name`, `slug`, `my_class_id`, `teacher_id`, `created_at`, `updated_at`) VALUES
(1,	'English Language',	'Eng',	1,	3,	NULL,	NULL),
(2,	'Mathematics',	'Math',	1,	3,	NULL,	NULL),
(3,	'English Language',	'Eng',	2,	3,	NULL,	NULL),
(4,	'Mathematics',	'Math',	2,	3,	NULL,	NULL),
(5,	'English Language',	'Eng',	3,	3,	NULL,	NULL),
(6,	'Mathematics',	'Math',	3,	3,	NULL,	NULL),
(7,	'English Language',	'Eng',	4,	3,	NULL,	NULL),
(8,	'Mathematics',	'Math',	4,	3,	NULL,	NULL),
(9,	'English Language',	'Eng',	5,	3,	NULL,	NULL),
(10,	'Mathematics',	'Math',	5,	3,	NULL,	NULL),
(11,	'English Language',	'Eng',	6,	3,	NULL,	NULL),
(12,	'Mathematics',	'Math',	6,	3,	NULL,	NULL),
(13,	'English Language',	'Eng',	7,	3,	NULL,	NULL),
(14,	'Mathematics',	'Math',	7,	3,	NULL,	NULL),
(15,	'English Language',	'Eng',	8,	3,	NULL,	NULL),
(16,	'Mathematics',	'Math',	8,	3,	NULL,	NULL),
(17,	'English Language',	'Eng',	9,	3,	NULL,	NULL),
(18,	'Mathematics',	'Math',	9,	3,	NULL,	NULL),
(19,	'English Language',	'Eng',	10,	3,	NULL,	NULL),
(20,	'Mathematics',	'Math',	10,	3,	NULL,	NULL);

DROP TABLE IF EXISTS `time_slots`;
CREATE TABLE `time_slots` (
  `id` int unsigned NOT NULL AUTO_INCREMENT,
  `ttr_id` int unsigned NOT NULL,
  `hour_from` tinyint NOT NULL,
  `min_from` varchar(2) COLLATE utf8mb4_unicode_ci NOT NULL,
  `meridian_from` varchar(2) COLLATE utf8mb4_unicode_ci NOT NULL,
  `hour_to` tinyint NOT NULL,
  `min_to` varchar(2) COLLATE utf8mb4_unicode_ci NOT NULL,
  `meridian_to` varchar(2) COLLATE utf8mb4_unicode_ci NOT NULL,
  `time_from` varchar(100) COLLATE utf8mb4_unicode_ci NOT NULL,
  `time_to` varchar(100) COLLATE utf8mb4_unicode_ci NOT NULL,
  `timestamp_from` varchar(50) COLLATE utf8mb4_unicode_ci NOT NULL,
  `timestamp_to` varchar(50) COLLATE utf8mb4_unicode_ci NOT NULL,
  `full` varchar(100) COLLATE utf8mb4_unicode_ci NOT NULL,
  `created_at` timestamp NULL DEFAULT NULL,
  `updated_at` timestamp NULL DEFAULT NULL,
  PRIMARY KEY (`id`),
  UNIQUE KEY `time_slots_timestamp_from_timestamp_to_ttr_id_unique` (`timestamp_from`,`timestamp_to`,`ttr_id`),
  KEY `time_slots_ttr_id_foreign` (`ttr_id`),
  CONSTRAINT `time_slots_ttr_id_foreign` FOREIGN KEY (`ttr_id`) REFERENCES `time_table_records` (`id`) ON DELETE CASCADE
) ENGINE=InnoDB DEFAULT CHARSET=utf8mb4 COLLATE=utf8mb4_unicode_ci;


DROP TABLE IF EXISTS `time_table_records`;
CREATE TABLE `time_table_records` (
  `id` int unsigned NOT NULL AUTO_INCREMENT,
  `name` varchar(100) COLLATE utf8mb4_unicode_ci NOT NULL,
  `my_class_id` int unsigned NOT NULL,
  `exam_id` int unsigned DEFAULT NULL,
  `year` varchar(100) COLLATE utf8mb4_unicode_ci NOT NULL,
  `created_at` timestamp NULL DEFAULT NULL,
  `updated_at` timestamp NULL DEFAULT NULL,
  PRIMARY KEY (`id`),
  UNIQUE KEY `time_table_records_name_unique` (`name`),
  UNIQUE KEY `time_table_records_my_class_id_exam_id_year_unique` (`my_class_id`,`exam_id`,`year`),
  KEY `time_table_records_exam_id_foreign` (`exam_id`),
  CONSTRAINT `time_table_records_exam_id_foreign` FOREIGN KEY (`exam_id`) REFERENCES `exams` (`id`) ON DELETE CASCADE,
  CONSTRAINT `time_table_records_my_class_id_foreign` FOREIGN KEY (`my_class_id`) REFERENCES `my_classes` (`id`) ON DELETE CASCADE
) ENGINE=InnoDB DEFAULT CHARSET=utf8mb4 COLLATE=utf8mb4_unicode_ci;

INSERT INTO `time_table_records` (`id`, `name`, `my_class_id`, `exam_id`, `year`, `created_at`, `updated_at`) VALUES
(1,	'ssdds',	7,	NULL,	'2018-2019',	'2023-09-20 05:20:35',	'2023-09-20 05:20:35'),
(2,	'santosh',	3,	NULL,	'2018-2019',	'2023-09-20 05:21:10',	'2023-09-20 05:21:10');

DROP TABLE IF EXISTS `time_tables`;
CREATE TABLE `time_tables` (
  `id` int unsigned NOT NULL AUTO_INCREMENT,
  `ttr_id` int unsigned NOT NULL,
  `ts_id` int unsigned NOT NULL,
  `subject_id` int unsigned DEFAULT NULL,
  `exam_date` varchar(50) COLLATE utf8mb4_unicode_ci DEFAULT NULL,
  `timestamp_from` varchar(100) COLLATE utf8mb4_unicode_ci NOT NULL,
  `timestamp_to` varchar(100) COLLATE utf8mb4_unicode_ci NOT NULL,
  `day` varchar(50) COLLATE utf8mb4_unicode_ci DEFAULT NULL,
  `day_num` tinyint DEFAULT NULL,
  `created_at` timestamp NULL DEFAULT NULL,
  `updated_at` timestamp NULL DEFAULT NULL,
  PRIMARY KEY (`id`),
  UNIQUE KEY `time_tables_ttr_id_ts_id_day_unique` (`ttr_id`,`ts_id`,`day`),
  UNIQUE KEY `time_tables_ttr_id_ts_id_exam_date_unique` (`ttr_id`,`ts_id`,`exam_date`),
  KEY `time_tables_ts_id_foreign` (`ts_id`),
  KEY `time_tables_subject_id_foreign` (`subject_id`),
  CONSTRAINT `time_tables_subject_id_foreign` FOREIGN KEY (`subject_id`) REFERENCES `subjects` (`id`) ON DELETE CASCADE,
  CONSTRAINT `time_tables_ts_id_foreign` FOREIGN KEY (`ts_id`) REFERENCES `time_slots` (`id`) ON DELETE CASCADE,
  CONSTRAINT `time_tables_ttr_id_foreign` FOREIGN KEY (`ttr_id`) REFERENCES `time_table_records` (`id`) ON DELETE CASCADE
) ENGINE=InnoDB DEFAULT CHARSET=utf8mb4 COLLATE=utf8mb4_unicode_ci;


DROP TABLE IF EXISTS `user_types`;
CREATE TABLE `user_types` (
  `id` int unsigned NOT NULL AUTO_INCREMENT,
  `title` varchar(255) COLLATE utf8mb4_unicode_ci NOT NULL,
  `name` varchar(255) COLLATE utf8mb4_unicode_ci NOT NULL,
  `level` varchar(255) COLLATE utf8mb4_unicode_ci NOT NULL,
  `created_at` timestamp NULL DEFAULT NULL,
  `updated_at` timestamp NULL DEFAULT NULL,
  PRIMARY KEY (`id`)
) ENGINE=InnoDB DEFAULT CHARSET=utf8mb4 COLLATE=utf8mb4_unicode_ci;

INSERT INTO `user_types` (`id`, `title`, `name`, `level`, `created_at`, `updated_at`) VALUES
(1,	'accountant',	'Accountant',	'5',	NULL,	NULL),
(2,	'parent',	'Parent',	'4',	NULL,	NULL),
(3,	'teacher',	'Teacher',	'3',	NULL,	NULL),
(4,	'admin',	'Admin',	'2',	NULL,	NULL),
(5,	'super_admin',	'Super Admin',	'1',	NULL,	NULL);

DROP TABLE IF EXISTS `users`;
CREATE TABLE `users` (
  `id` int unsigned NOT NULL AUTO_INCREMENT,
  `name` varchar(255) COLLATE utf8mb4_unicode_ci NOT NULL,
  `email` varchar(100) COLLATE utf8mb4_unicode_ci DEFAULT NULL,
  `code` varchar(100) COLLATE utf8mb4_unicode_ci NOT NULL,
  `username` varchar(100) COLLATE utf8mb4_unicode_ci DEFAULT NULL,
  `user_type` varchar(255) COLLATE utf8mb4_unicode_ci NOT NULL,
  `dob` varchar(255) COLLATE utf8mb4_unicode_ci DEFAULT NULL,
  `gender` varchar(255) COLLATE utf8mb4_unicode_ci DEFAULT NULL,
  `photo` varchar(255) COLLATE utf8mb4_unicode_ci NOT NULL DEFAULT 'http://localhost/global_assets/images/user.png',
  `phone` varchar(255) COLLATE utf8mb4_unicode_ci DEFAULT NULL,
  `phone2` varchar(255) COLLATE utf8mb4_unicode_ci DEFAULT NULL,
  `bg_id` int unsigned DEFAULT NULL,
  `state_id` int unsigned DEFAULT NULL,
  `lga_id` int unsigned DEFAULT NULL,
  `nal_id` int unsigned DEFAULT NULL,
  `address` varchar(255) COLLATE utf8mb4_unicode_ci DEFAULT NULL,
  `email_verified_at` timestamp NULL DEFAULT NULL,
  `password` varchar(255) COLLATE utf8mb4_unicode_ci NOT NULL,
  `remember_token` varchar(100) COLLATE utf8mb4_unicode_ci DEFAULT NULL,
  `created_at` timestamp NULL DEFAULT NULL,
  `updated_at` timestamp NULL DEFAULT NULL,
  PRIMARY KEY (`id`),
  UNIQUE KEY `users_code_unique` (`code`),
  UNIQUE KEY `users_email_unique` (`email`),
  UNIQUE KEY `users_username_unique` (`username`),
  KEY `users_state_id_foreign` (`state_id`),
  KEY `users_lga_id_foreign` (`lga_id`),
  KEY `users_bg_id_foreign` (`bg_id`),
  KEY `users_nal_id_foreign` (`nal_id`),
  CONSTRAINT `users_bg_id_foreign` FOREIGN KEY (`bg_id`) REFERENCES `blood_groups` (`id`) ON DELETE SET NULL,
  CONSTRAINT `users_lga_id_foreign` FOREIGN KEY (`lga_id`) REFERENCES `lgas` (`id`) ON DELETE SET NULL,
  CONSTRAINT `users_nal_id_foreign` FOREIGN KEY (`nal_id`) REFERENCES `nationalities` (`id`) ON DELETE SET NULL,
  CONSTRAINT `users_state_id_foreign` FOREIGN KEY (`state_id`) REFERENCES `states` (`id`) ON DELETE SET NULL
) ENGINE=InnoDB DEFAULT CHARSET=utf8mb4 COLLATE=utf8mb4_unicode_ci;

INSERT INTO `users` (`id`, `name`, `email`, `code`, `username`, `user_type`, `dob`, `gender`, `photo`, `phone`, `phone2`, `bg_id`, `state_id`, `lga_id`, `nal_id`, `address`, `email_verified_at`, `password`, `remember_token`, `created_at`, `updated_at`) VALUES
(1,	'CJ Inspired',	'cj@cj.com',	'EMXB28SAQP',	'cj',	'super_admin',	NULL,	NULL,	'http://localhost/global_assets/images/user.png',	NULL,	NULL,	NULL,	NULL,	NULL,	NULL,	NULL,	NULL,	'$2y$10$3YplVY2nvroh6wOcODPqDOJwe6cuDWLCIIXiFGA8BOLiz4LWCkyMW',	'GdZCFaTuUJ',	NULL,	NULL),
(2,	'Admin KORA',	'admin@admin.com',	'O9AOYWNMGK',	'admin',	'admin',	NULL,	NULL,	'http://localhost/global_assets/images/user.png',	NULL,	NULL,	NULL,	NULL,	NULL,	NULL,	NULL,	NULL,	'$2y$10$3YplVY2nvroh6wOcODPqDOJwe6cuDWLCIIXiFGA8BOLiz4LWCkyMW',	'xMmBrZGU0U',	NULL,	NULL),
(3,	'Teacher Chike',	'teacher@teacher.com',	'IHAICWQWVN',	'teacher',	'teacher',	NULL,	NULL,	'http://localhost/global_assets/images/user.png',	NULL,	NULL,	NULL,	NULL,	NULL,	NULL,	NULL,	NULL,	'$2y$10$3YplVY2nvroh6wOcODPqDOJwe6cuDWLCIIXiFGA8BOLiz4LWCkyMW',	'n4acfuUhMS',	NULL,	NULL),
(4,	'Parent Kaba',	'parent@parent.com',	'PTMN8JRITZ',	'parent',	'parent',	NULL,	NULL,	'http://localhost/global_assets/images/user.png',	NULL,	NULL,	NULL,	NULL,	NULL,	NULL,	NULL,	NULL,	'$2y$10$3YplVY2nvroh6wOcODPqDOJwe6cuDWLCIIXiFGA8BOLiz4LWCkyMW',	'CpJemfxOVm',	NULL,	NULL),
(5,	'Accountant Jeff',	'accountant@accountant.com',	'CTOLVOH0GH',	'accountant',	'accountant',	NULL,	NULL,	'http://localhost/global_assets/images/user.png',	NULL,	NULL,	NULL,	NULL,	NULL,	NULL,	NULL,	NULL,	'$2y$10$3YplVY2nvroh6wOcODPqDOJwe6cuDWLCIIXiFGA8BOLiz4LWCkyMW',	'PGpYaYXDKl',	NULL,	NULL),
(6,	'Admin 1',	'admin1@admin.com',	'C21FTOS5XV',	'admin1',	'admin',	NULL,	NULL,	'http://localhost/global_assets/images/user.png',	NULL,	NULL,	NULL,	NULL,	NULL,	NULL,	NULL,	NULL,	'$2y$10$Xv7f/qhZU67yMjmnlkE79.4B831Dj4q2l6hh.5eQ2qXG9CGLA1qa2',	'q0nfztAryo',	NULL,	NULL),
(7,	'Teacher 1',	'teacher1@teacher.com',	'YBIRUWZFPL',	'teacher1',	'teacher',	NULL,	NULL,	'http://localhost/global_assets/images/user.png',	NULL,	NULL,	NULL,	NULL,	NULL,	NULL,	NULL,	NULL,	'$2y$10$cDm1XLmPNAAqQ/VnStsigOWqdvvuYie45tbo0T3myiwBmq17Y05Z2',	'58qsmnyVYy',	NULL,	NULL),
(8,	'Accountant 1',	'accountant1@accountant.com',	'EBBEA2XA1H',	'accountant1',	'accountant',	NULL,	NULL,	'http://localhost/global_assets/images/user.png',	NULL,	NULL,	NULL,	NULL,	NULL,	NULL,	NULL,	NULL,	'$2y$10$BlFizuxEXuiLIorDuLKTtuPN5G0DQL8XFvKkUR.FLX8KDKVvRBYji',	'SHztiOodAx',	NULL,	NULL),
(9,	'Parent 1',	'parent1@parent.com',	'EAZMNZLEKU',	'parent1',	'parent',	NULL,	NULL,	'http://localhost/global_assets/images/user.png',	NULL,	NULL,	NULL,	NULL,	NULL,	NULL,	NULL,	NULL,	'$2y$10$CNxxU279ktyx9P2l0zjq9.tE5tki8avCtQKc1qlvRhLz2kBn/9m/S',	'1cVKBKf4aH',	NULL,	NULL),
(10,	'Admin 2',	'admin2@admin.com',	'0NOA9FBEB2',	'admin2',	'admin',	NULL,	NULL,	'http://localhost/global_assets/images/user.png',	NULL,	NULL,	NULL,	NULL,	NULL,	NULL,	NULL,	NULL,	'$2y$10$vGPLF/3np.aAeqrlSl/mcOQ7nYB88yaAfwHcWR3/bfsyTyhzyGZrS',	'flD0lS8TQQ',	NULL,	NULL),
(11,	'Teacher 2',	'teacher2@teacher.com',	'XWU2Y5FQFI',	'teacher2',	'teacher',	NULL,	NULL,	'http://localhost/global_assets/images/user.png',	NULL,	NULL,	NULL,	NULL,	NULL,	NULL,	NULL,	NULL,	'$2y$10$33sfpFsaK4Q8zpxiZAxbbOUXuL.ZQzs1YPt3nm9Mk0H/zzfktxxW2',	'WNnoD9ho2N',	NULL,	NULL),
(12,	'Accountant 2',	'accountant2@accountant.com',	'25ET4JNRPF',	'accountant2',	'accountant',	NULL,	NULL,	'http://localhost/global_assets/images/user.png',	NULL,	NULL,	NULL,	NULL,	NULL,	NULL,	NULL,	NULL,	'$2y$10$0nFQGBgUtDLXdNJdfMV/ReltM6QnqVkLR9d0yglKgborJ3vdx5F2i',	'82ZY0yp9lq',	NULL,	NULL),
(13,	'Parent 2',	'parent2@parent.com',	'IVEE0M7MR9',	'parent2',	'parent',	NULL,	NULL,	'http://localhost/global_assets/images/user.png',	NULL,	NULL,	NULL,	NULL,	NULL,	NULL,	NULL,	NULL,	'$2y$10$5S5HY.16MCWwFJqcrmNbM.XeLSw0hXM2QLx5hZBrxBpCPFvxoRS3S',	'PiSe3FbCy8',	NULL,	NULL),
(14,	'Admin 3',	'admin3@admin.com',	'YGHIVEJZFB',	'admin3',	'admin',	NULL,	NULL,	'http://localhost/global_assets/images/user.png',	NULL,	NULL,	NULL,	NULL,	NULL,	NULL,	NULL,	NULL,	'$2y$10$4th6eq7S4u.Rz/sD8FSoUucVVpkbzTQs7ZhY5S4AGftXDcYKppkOC',	'ThxgK4l9OK',	NULL,	NULL),
(15,	'Teacher 3',	'teacher3@teacher.com',	'QABKH8KGEU',	'teacher3',	'teacher',	NULL,	NULL,	'http://localhost/global_assets/images/user.png',	NULL,	NULL,	NULL,	NULL,	NULL,	NULL,	NULL,	NULL,	'$2y$10$PrZUjVZS3yIFp3YRv.C0QeI1kiTqAyjgF2oy4qtyTf7f2viowapSu',	'w7YkO4D4n1',	NULL,	NULL),
(16,	'Accountant 3',	'accountant3@accountant.com',	'EIXZKKSMHI',	'accountant3',	'accountant',	NULL,	NULL,	'http://localhost/global_assets/images/user.png',	NULL,	NULL,	NULL,	NULL,	NULL,	NULL,	NULL,	NULL,	'$2y$10$QviSAF7.IOwdo2zwsg0yoOah10Pc/lPEDvRmzRu.uZXuGW9zqxO2i',	'mlWRpPRxkK',	NULL,	NULL),
(17,	'Parent 3',	'parent3@parent.com',	'9OIUAVVESH',	'parent3',	'parent',	NULL,	NULL,	'http://localhost/global_assets/images/user.png',	NULL,	NULL,	NULL,	NULL,	NULL,	NULL,	NULL,	NULL,	'$2y$10$kx46lESq/8hGM4HcHSQiwuGhNakysYFf/O4xYuyRA5alFmKVwrPxC',	'XPFfzbZfNx',	NULL,	NULL),
(18,	'Student CJ',	'student@student.com',	'DK8NMFDNGA',	'student',	'student',	NULL,	NULL,	'http://localhost/global_assets/images/user.png',	NULL,	NULL,	NULL,	NULL,	NULL,	NULL,	NULL,	NULL,	'$2y$10$LwIT5B3Z7q8psiK5Npw5C.yIJa/JAM1yzyV.o.Lj7TF4KSfilwSBu',	'rSfXzzOuj9',	'2023-09-15 04:23:31',	'2023-09-15 04:23:31'),
(19,	'Jena Huels',	'mittie56@example.com',	'L2KW1IZQTY',	'vstiedemann',	'student',	NULL,	NULL,	'http://localhost/global_assets/images/user.png',	NULL,	NULL,	NULL,	NULL,	NULL,	NULL,	NULL,	NULL,	'$2y$10$aMqqyduKmhZ6L9JfIV.l9Og/tKGfEUl7vVhH593.jDl4/Zu32NxWO',	'zWb4YCAGJN',	'2023-09-15 04:23:31',	'2023-09-15 04:23:31'),
(20,	'Beatrice Lang',	'chad75@example.org',	'F0RDF0X7QZ',	'grant.eulah',	'student',	NULL,	NULL,	'http://localhost/global_assets/images/user.png',	NULL,	NULL,	NULL,	NULL,	NULL,	NULL,	NULL,	NULL,	'$2y$10$aMqqyduKmhZ6L9JfIV.l9Og/tKGfEUl7vVhH593.jDl4/Zu32NxWO',	'59UJIClX9O',	'2023-09-15 04:23:31',	'2023-09-15 04:23:31'),
(21,	'Ivah Smith',	'yreilly@example.org',	'X3I007OFDS',	'mitchell.clement',	'student',	NULL,	NULL,	'http://localhost/global_assets/images/user.png',	NULL,	NULL,	NULL,	NULL,	NULL,	NULL,	NULL,	NULL,	'$2y$10$aMqqyduKmhZ6L9JfIV.l9Og/tKGfEUl7vVhH593.jDl4/Zu32NxWO',	'6qKIp37y9V',	'2023-09-15 04:23:31',	'2023-09-15 04:23:31'),
(22,	'Raquel Leannon Jr.',	'romaguera.erna@example.org',	'T1XGBC1LUD',	'ecrist',	'student',	NULL,	NULL,	'http://localhost/global_assets/images/user.png',	NULL,	NULL,	NULL,	NULL,	NULL,	NULL,	NULL,	NULL,	'$2y$10$dJPbYqgY6/mQWAwMFRC02OipOR4viUr3kSpTe.74.ZghYV87DB29S',	'A9tLMcRJqE',	'2023-09-15 04:23:31',	'2023-09-15 04:23:31'),
(23,	'Clemens Hahn',	'rosalind91@example.net',	'DOTHWDTTQR',	'casimer.kessler',	'student',	NULL,	NULL,	'http://localhost/global_assets/images/user.png',	NULL,	NULL,	NULL,	NULL,	NULL,	NULL,	NULL,	NULL,	'$2y$10$dJPbYqgY6/mQWAwMFRC02OipOR4viUr3kSpTe.74.ZghYV87DB29S',	'4Rrnv7Vj4L',	'2023-09-15 04:23:31',	'2023-09-15 04:23:31'),
(24,	'Arne Osinski',	'mikayla40@example.net',	'A9W27UO9YE',	'deckow.rebeka',	'student',	NULL,	NULL,	'http://localhost/global_assets/images/user.png',	NULL,	NULL,	NULL,	NULL,	NULL,	NULL,	NULL,	NULL,	'$2y$10$dJPbYqgY6/mQWAwMFRC02OipOR4viUr3kSpTe.74.ZghYV87DB29S',	'SCEWFIbYL4',	'2023-09-15 04:23:31',	'2023-09-15 04:23:31'),
(25,	'Vivianne Boehm',	'jaiden70@example.org',	'HQWBHJYR3Y',	'lourdes62',	'student',	NULL,	NULL,	'http://localhost/global_assets/images/user.png',	NULL,	NULL,	NULL,	NULL,	NULL,	NULL,	NULL,	NULL,	'$2y$10$pvfrEbMlbJ.WMhgJB4oi9uTKpWHeFIOKZZaiYWbsx7CNXHUvzihOC',	'OfJBfObd4I',	'2023-09-15 04:23:32',	'2023-09-15 04:23:32'),
(26,	'Osbaldo Lindgren',	'jakubowski.arielle@example.org',	'XTXZMR1QFB',	'jonatan.kshlerin',	'student',	NULL,	NULL,	'http://localhost/global_assets/images/user.png',	NULL,	NULL,	NULL,	NULL,	NULL,	NULL,	NULL,	NULL,	'$2y$10$pvfrEbMlbJ.WMhgJB4oi9uTKpWHeFIOKZZaiYWbsx7CNXHUvzihOC',	'OlDTuvHCoj',	'2023-09-15 04:23:32',	'2023-09-15 04:23:32'),
(27,	'Mr. Olaf Schinner PhD',	'emma61@example.net',	'GTZZ1QJJEB',	'granville.abshire',	'student',	NULL,	NULL,	'http://localhost/global_assets/images/user.png',	NULL,	NULL,	NULL,	NULL,	NULL,	NULL,	NULL,	NULL,	'$2y$10$pvfrEbMlbJ.WMhgJB4oi9uTKpWHeFIOKZZaiYWbsx7CNXHUvzihOC',	'OnRAmCeNaD',	'2023-09-15 04:23:32',	'2023-09-15 04:23:32'),
(28,	'Rogers O\'Kon',	'jgorczany@example.com',	'OXX78ATSVT',	'retta58',	'student',	NULL,	NULL,	'http://localhost/global_assets/images/user.png',	NULL,	NULL,	NULL,	NULL,	NULL,	NULL,	NULL,	NULL,	'$2y$10$4flEaHFuVt6Blx43OIMp7e86zk/rc3lqpNJJiZ5NLBMxX0N2q6S9C',	'0Q3wQvA2R2',	'2023-09-15 04:23:32',	'2023-09-15 04:23:32'),
(29,	'Tavares Bernhard',	'jerrold61@example.org',	'EJCOMX4YEF',	'kschmitt',	'student',	NULL,	NULL,	'http://localhost/global_assets/images/user.png',	NULL,	NULL,	NULL,	NULL,	NULL,	NULL,	NULL,	NULL,	'$2y$10$4flEaHFuVt6Blx43OIMp7e86zk/rc3lqpNJJiZ5NLBMxX0N2q6S9C',	'wOykG5OTvb',	'2023-09-15 04:23:32',	'2023-09-15 04:23:32'),
(30,	'Dallas Bergstrom',	'gleason.toby@example.net',	'20B3DEKWBK',	'grant96',	'student',	NULL,	NULL,	'http://localhost/global_assets/images/user.png',	NULL,	NULL,	NULL,	NULL,	NULL,	NULL,	NULL,	NULL,	'$2y$10$4flEaHFuVt6Blx43OIMp7e86zk/rc3lqpNJJiZ5NLBMxX0N2q6S9C',	'L2RMK2zG72',	'2023-09-15 04:23:32',	'2023-09-15 04:23:32'),
(31,	'Dagmar Lowe',	'cole.raven@example.com',	'ITGN8TZDWK',	'casimer.reichel',	'student',	NULL,	NULL,	'http://localhost/global_assets/images/user.png',	NULL,	NULL,	NULL,	NULL,	NULL,	NULL,	NULL,	NULL,	'$2y$10$t8lU49TaNPtIJXs0vGPyzOq2D/If1Wu8mt2A02GXlw73tfjqL3Db.',	'7LVcvh9jgF',	'2023-09-15 04:23:32',	'2023-09-15 04:23:32'),
(32,	'Isadore Runte',	'joany.bruen@example.net',	'25YCYTL7T4',	'brenna93',	'student',	NULL,	NULL,	'http://localhost/global_assets/images/user.png',	NULL,	NULL,	NULL,	NULL,	NULL,	NULL,	NULL,	NULL,	'$2y$10$t8lU49TaNPtIJXs0vGPyzOq2D/If1Wu8mt2A02GXlw73tfjqL3Db.',	'kRPpoYFhYd',	'2023-09-15 04:23:32',	'2023-09-15 04:23:32'),
(33,	'Veda Goldner',	'lhahn@example.net',	'HIIMI4EQXQ',	'fcollins',	'student',	NULL,	NULL,	'http://localhost/global_assets/images/user.png',	NULL,	NULL,	NULL,	NULL,	NULL,	NULL,	NULL,	NULL,	'$2y$10$t8lU49TaNPtIJXs0vGPyzOq2D/If1Wu8mt2A02GXlw73tfjqL3Db.',	'hgQafjhaQs',	'2023-09-15 04:23:32',	'2023-09-15 04:23:32'),
(34,	'Elian Sporer',	'mayert.ladarius@example.net',	'7XI9VIRL33',	'bart.hammes',	'student',	NULL,	NULL,	'http://localhost/global_assets/images/user.png',	NULL,	NULL,	NULL,	NULL,	NULL,	NULL,	NULL,	NULL,	'$2y$10$cBWleqVKLhe9hSaSpRNnYe6xLG8RaN5fM3Tr.c6iMGZM86saz67ga',	'N9Tvomawf4',	'2023-09-15 04:23:32',	'2023-09-15 04:23:32'),
(35,	'Miss Brittany Haag',	'gerhold.fern@example.org',	'QEPCTAGTMX',	'nichole01',	'student',	NULL,	NULL,	'http://localhost/global_assets/images/user.png',	NULL,	NULL,	NULL,	NULL,	NULL,	NULL,	NULL,	NULL,	'$2y$10$cBWleqVKLhe9hSaSpRNnYe6xLG8RaN5fM3Tr.c6iMGZM86saz67ga',	'rNXcc4KmZX',	'2023-09-15 04:23:32',	'2023-09-15 04:23:32'),
(36,	'Deshaun Rice',	'wdamore@example.org',	'HTSFQYOWI3',	'merritt36',	'student',	NULL,	NULL,	'http://localhost/global_assets/images/user.png',	NULL,	NULL,	NULL,	NULL,	NULL,	NULL,	NULL,	NULL,	'$2y$10$cBWleqVKLhe9hSaSpRNnYe6xLG8RaN5fM3Tr.c6iMGZM86saz67ga',	'pyUTDRYKCm',	'2023-09-15 04:23:32',	'2023-09-15 04:23:32'),
(37,	'Charlene Hudson',	'josiane77@example.org',	'IUYO7JAOWZ',	'zmurphy',	'student',	NULL,	NULL,	'http://localhost/global_assets/images/user.png',	NULL,	NULL,	NULL,	NULL,	NULL,	NULL,	NULL,	NULL,	'$2y$10$YsLTo7kXEQytH9JDZh/D5.aiMMWf55QY3ksnjsOlB7Dtce4Xigyc2',	'KaeI5zgjxE',	'2023-09-15 04:23:33',	'2023-09-15 04:23:33'),
(38,	'Isabel Wintheiser',	'flatley.missouri@example.com',	'BZ2PKBIEW7',	'rex.deckow',	'student',	NULL,	NULL,	'http://localhost/global_assets/images/user.png',	NULL,	NULL,	NULL,	NULL,	NULL,	NULL,	NULL,	NULL,	'$2y$10$YsLTo7kXEQytH9JDZh/D5.aiMMWf55QY3ksnjsOlB7Dtce4Xigyc2',	'n4MOBIZVMz',	'2023-09-15 04:23:33',	'2023-09-15 04:23:33'),
(39,	'Simone Lueilwitz',	'qmetz@example.org',	'XF4YPWFEVS',	'ryan91',	'student',	NULL,	NULL,	'http://localhost/global_assets/images/user.png',	NULL,	NULL,	NULL,	NULL,	NULL,	NULL,	NULL,	NULL,	'$2y$10$YsLTo7kXEQytH9JDZh/D5.aiMMWf55QY3ksnjsOlB7Dtce4Xigyc2',	'lulDLB85Lt',	'2023-09-15 04:23:33',	'2023-09-15 04:23:33'),
(40,	'Laney Casper',	'kcummings@example.net',	'EAQVYOMOXG',	'akutch',	'student',	NULL,	NULL,	'http://localhost/global_assets/images/user.png',	NULL,	NULL,	NULL,	NULL,	NULL,	NULL,	NULL,	NULL,	'$2y$10$IsAULr1VsadYHc2n76DpLOBUN6rPCJdReCaKHRCxe3ugYwXUfaXeq',	'OwU9UUADYw',	'2023-09-15 04:23:33',	'2023-09-15 04:23:33'),
(41,	'Devon Brakus',	'raynor.clotilde@example.org',	'B0JTYEMPPA',	'brett02',	'student',	NULL,	NULL,	'http://localhost/global_assets/images/user.png',	NULL,	NULL,	NULL,	NULL,	NULL,	NULL,	NULL,	NULL,	'$2y$10$IsAULr1VsadYHc2n76DpLOBUN6rPCJdReCaKHRCxe3ugYwXUfaXeq',	'HO3u1HrpW9',	'2023-09-15 04:23:33',	'2023-09-15 04:23:33'),
(42,	'Evelyn Reichel',	'ignatius73@example.org',	'NYH7WUGEQP',	'stamm.yvette',	'student',	NULL,	NULL,	'http://localhost/global_assets/images/user.png',	NULL,	NULL,	NULL,	NULL,	NULL,	NULL,	NULL,	NULL,	'$2y$10$IsAULr1VsadYHc2n76DpLOBUN6rPCJdReCaKHRCxe3ugYwXUfaXeq',	'B7zhAYYshF',	'2023-09-15 04:23:33',	'2023-09-15 04:23:33'),
(43,	'Uriah Berge',	'schimmel.americo@example.org',	'2IQIUM9FPR',	'johns.carley',	'student',	NULL,	NULL,	'http://localhost/global_assets/images/user.png',	NULL,	NULL,	NULL,	NULL,	NULL,	NULL,	NULL,	NULL,	'$2y$10$v5HQcvTclh8YJljkJ.LHROVytKWy.6jqNW8IXBLENANnd/L2ZLs9q',	'zgMEEcJaCG',	'2023-09-15 04:23:33',	'2023-09-15 04:23:33'),
(44,	'Aaliyah Cremin',	'lurline.becker@example.net',	'Z5XKDOLTBH',	'robin38',	'student',	NULL,	NULL,	'http://localhost/global_assets/images/user.png',	NULL,	NULL,	NULL,	NULL,	NULL,	NULL,	NULL,	NULL,	'$2y$10$v5HQcvTclh8YJljkJ.LHROVytKWy.6jqNW8IXBLENANnd/L2ZLs9q',	'9dbqRzRDx0',	'2023-09-15 04:23:33',	'2023-09-15 04:23:33'),
(45,	'Keon Botsford',	'franecki.gabriella@example.net',	'XZ1WM6HTCQ',	'leonie.becker',	'student',	NULL,	NULL,	'http://localhost/global_assets/images/user.png',	NULL,	NULL,	NULL,	NULL,	NULL,	NULL,	NULL,	NULL,	'$2y$10$v5HQcvTclh8YJljkJ.LHROVytKWy.6jqNW8IXBLENANnd/L2ZLs9q',	'TlvU89vGFg',	'2023-09-15 04:23:33',	'2023-09-15 04:23:33'),
(46,	'Willa Lebsack IV',	'vromaguera@example.net',	'IMWJIYSARP',	'destany.schimmel',	'student',	NULL,	NULL,	'http://localhost/global_assets/images/user.png',	NULL,	NULL,	NULL,	NULL,	NULL,	NULL,	NULL,	NULL,	'$2y$10$2zH4cOMmpwcWTRy7nAFr4eZ7.FesPg4s815dtkeTE5aA.Za9W5HwG',	'6Wx1x7unmh',	'2023-09-15 04:23:33',	'2023-09-15 04:23:33'),
(47,	'Dr. Alden Schinner Sr.',	'paucek.muhammad@example.net',	'JG71UPPMOT',	'bessie.lueilwitz',	'student',	NULL,	NULL,	'http://localhost/global_assets/images/user.png',	NULL,	NULL,	NULL,	NULL,	NULL,	NULL,	NULL,	NULL,	'$2y$10$2zH4cOMmpwcWTRy7nAFr4eZ7.FesPg4s815dtkeTE5aA.Za9W5HwG',	'ttuHlMxFod',	'2023-09-15 04:23:33',	'2023-09-15 04:23:33'),
(48,	'Beverly Wisozk',	'fbarton@example.com',	'LX0C3IFQZC',	'gorczany.mina',	'student',	NULL,	NULL,	'http://localhost/global_assets/images/user.png',	NULL,	NULL,	NULL,	NULL,	NULL,	NULL,	NULL,	NULL,	'$2y$10$2zH4cOMmpwcWTRy7nAFr4eZ7.FesPg4s815dtkeTE5aA.Za9W5HwG',	'4O4jx8tdvl',	'2023-09-15 04:23:33',	'2023-09-15 04:23:33'),
(49,	'Rosalee Morar',	'vgreenfelder@example.com',	'YTG8TARJRE',	'dstiedemann',	'student',	NULL,	NULL,	'http://localhost/global_assets/images/user.png',	NULL,	NULL,	NULL,	NULL,	NULL,	NULL,	NULL,	NULL,	'$2y$10$o8JS9LEFfTEnjhq6SHOuGOkc5fC4Ymv4hhl.10Fv2hrEFDrKdNUs.',	'Y76JBN1u7z',	'2023-09-15 04:23:33',	'2023-09-15 04:23:33'),
(50,	'Haven Hintz',	'devin.schiller@example.net',	'XA3FB9DNCA',	'merlin.king',	'student',	NULL,	NULL,	'http://localhost/global_assets/images/user.png',	NULL,	NULL,	NULL,	NULL,	NULL,	NULL,	NULL,	NULL,	'$2y$10$o8JS9LEFfTEnjhq6SHOuGOkc5fC4Ymv4hhl.10Fv2hrEFDrKdNUs.',	'qS9g3kZMFc',	'2023-09-15 04:23:33',	'2023-09-15 04:23:33'),
(51,	'Miss Telly Pacocha',	'jmorissette@example.org',	'Y0BTKNYF3N',	'rey.hansen',	'student',	NULL,	NULL,	'http://localhost/global_assets/images/user.png',	NULL,	NULL,	NULL,	NULL,	NULL,	NULL,	NULL,	NULL,	'$2y$10$o8JS9LEFfTEnjhq6SHOuGOkc5fC4Ymv4hhl.10Fv2hrEFDrKdNUs.',	'ovH8NQtypq',	'2023-09-15 04:23:33',	'2023-09-15 04:23:33'),
(52,	'Jenifer Kutch',	'kobe.mann@example.net',	'U6AGGLPKZ9',	'braeden.wintheiser',	'student',	NULL,	NULL,	'http://localhost/global_assets/images/user.png',	NULL,	NULL,	NULL,	NULL,	NULL,	NULL,	NULL,	NULL,	'$2y$10$.YGOIrSztVYAP1V4EM/eQ.BB.NhNKwvvGpEERffAIFyWXGidpL65.',	'oveaUqL89o',	'2023-09-15 04:23:34',	'2023-09-15 04:23:34'),
(53,	'Rene Rodriguez',	'thea.rogahn@example.net',	'OYWHAOJ8KZ',	'alynch',	'student',	NULL,	NULL,	'http://localhost/global_assets/images/user.png',	NULL,	NULL,	NULL,	NULL,	NULL,	NULL,	NULL,	NULL,	'$2y$10$.YGOIrSztVYAP1V4EM/eQ.BB.NhNKwvvGpEERffAIFyWXGidpL65.',	'P2hBPpALkQ',	'2023-09-15 04:23:34',	'2023-09-15 04:23:34'),
(54,	'Elias Herman',	'johathan.johns@example.net',	'RQFVY7PMEO',	'gutmann.katlyn',	'student',	NULL,	NULL,	'http://localhost/global_assets/images/user.png',	NULL,	NULL,	NULL,	NULL,	NULL,	NULL,	NULL,	NULL,	'$2y$10$.YGOIrSztVYAP1V4EM/eQ.BB.NhNKwvvGpEERffAIFyWXGidpL65.',	'7r94mN96wE',	'2023-09-15 04:23:34',	'2023-09-15 04:23:34');

-- 2023-11-23 10:14:49
